obcina,poreklo,meritev,leto,vrednost
SLOVENIJA,Domači,Prihodi turistov,2018,1508128
SLOVENIJA,Domači,Prihodi turistov,2019,1527695
SLOVENIJA,Domači,Prihodi turistov,2020,1848971
SLOVENIJA,Domači,Prihodi turistov,2021,2171236
SLOVENIJA,Domači,Prihodi turistov,2022,1932506
SLOVENIJA,Domači,Prihodi turistov,2023,1534509
SLOVENIJA,Domači,Prihodi turistov,2024,1529738
SLOVENIJA,Domači,Prihodi turistov,2025,1522713
SLOVENIJA,Domači,Prenočitve turistov,2018,4518695
SLOVENIJA,Domači,Prenočitve turistov,2019,4404565
SLOVENIJA,Domači,Prenočitve turistov,2020,5850018
SLOVENIJA,Domači,Prenočitve turistov,2021,6456686
SLOVENIJA,Domači,Prenočitve turistov,2022,5506772
SLOVENIJA,Domači,Prenočitve turistov,2023,4571527
SLOVENIJA,Domači,Prenočitve turistov,2024,4500172
SLOVENIJA,Domači,Prenočitve turistov,2025,4484519
SLOVENIJA,Tuji,Prihodi turistov,2018,4425139
SLOVENIJA,Tuji,Prihodi turistov,2019,4701878
SLOVENIJA,Tuji,Prihodi turistov,2020,1216114
SLOVENIJA,Tuji,Prihodi turistov,2021,1832446
SLOVENIJA,Tuji,Prihodi turistov,2022,3935632
SLOVENIJA,Tuji,Prihodi turistov,2023,4658295
SLOVENIJA,Tuji,Prihodi turistov,2024,5053536
SLOVENIJA,Tuji,Prihodi turistov,2025,5471217
SLOVENIJA,Tuji,Prenočitve turistov,2018,11176010
SLOVENIJA,Tuji,Prenočitve turistov,2019,11370766
SLOVENIJA,Tuji,Prenočitve turistov,2020,3354356
SLOVENIJA,Tuji,Prenočitve turistov,2021,4794472
SLOVENIJA,Tuji,Prenočitve turistov,2022,10075084
SLOVENIJA,Tuji,Prenočitve turistov,2023,11553500
SLOVENIJA,Tuji,Prenočitve turistov,2024,12352903
SLOVENIJA,Tuji,Prenočitve turistov,2025,13358792
Ajdovščina,Domači,Prihodi turistov,2018,3913
Ajdovščina,Domači,Prihodi turistov,2019,3223
Ajdovščina,Domači,Prihodi turistov,2020,4642
Ajdovščina,Domači,Prihodi turistov,2021,5949
Ajdovščina,Domači,Prihodi turistov,2022,5667
Ajdovščina,Domači,Prihodi turistov,2023,4267
Ajdovščina,Domači,Prihodi turistov,2024,4304
Ajdovščina,Domači,Prihodi turistov,2025,4339
Ajdovščina,Domači,Prenočitve turistov,2018,8472
Ajdovščina,Domači,Prenočitve turistov,2019,6953
Ajdovščina,Domači,Prenočitve turistov,2020,11189
Ajdovščina,Domači,Prenočitve turistov,2021,14601
Ajdovščina,Domači,Prenočitve turistov,2022,12137
Ajdovščina,Domači,Prenočitve turistov,2023,7383
Ajdovščina,Domači,Prenočitve turistov,2024,8227
Ajdovščina,Domači,Prenočitve turistov,2025,7969
Ajdovščina,Tuji,Prihodi turistov,2018,9884
Ajdovščina,Tuji,Prihodi turistov,2019,11785
Ajdovščina,Tuji,Prihodi turistov,2020,4041
Ajdovščina,Tuji,Prihodi turistov,2021,6281
Ajdovščina,Tuji,Prihodi turistov,2022,13210
Ajdovščina,Tuji,Prihodi turistov,2023,16254
Ajdovščina,Tuji,Prihodi turistov,2024,16626
Ajdovščina,Tuji,Prihodi turistov,2025,18161
Ajdovščina,Tuji,Prenočitve turistov,2018,20237
Ajdovščina,Tuji,Prenočitve turistov,2019,22645
Ajdovščina,Tuji,Prenočitve turistov,2020,8920
Ajdovščina,Tuji,Prenočitve turistov,2021,14100
Ajdovščina,Tuji,Prenočitve turistov,2022,29610
Ajdovščina,Tuji,Prenočitve turistov,2023,33474
Ajdovščina,Tuji,Prenočitve turistov,2024,35720
Ajdovščina,Tuji,Prenočitve turistov,2025,42913
Ankaran/Ancarano,Domači,Prihodi turistov,2018,46179
Ankaran/Ancarano,Domači,Prihodi turistov,2019,47277
Ankaran/Ancarano,Domači,Prihodi turistov,2020,
Ankaran/Ancarano,Domači,Prihodi turistov,2021,62476
Ankaran/Ancarano,Domači,Prihodi turistov,2022,57830
Ankaran/Ancarano,Domači,Prihodi turistov,2023,51187
Ankaran/Ancarano,Domači,Prihodi turistov,2024,52569
Ankaran/Ancarano,Domači,Prihodi turistov,2025,54177
Ankaran/Ancarano,Domači,Prenočitve turistov,2018,192465
Ankaran/Ancarano,Domači,Prenočitve turistov,2019,190785
Ankaran/Ancarano,Domači,Prenočitve turistov,2020,
Ankaran/Ancarano,Domači,Prenočitve turistov,2021,269337
Ankaran/Ancarano,Domači,Prenočitve turistov,2022,230172
Ankaran/Ancarano,Domači,Prenočitve turistov,2023,211754
Ankaran/Ancarano,Domači,Prenočitve turistov,2024,217789
Ankaran/Ancarano,Domači,Prenočitve turistov,2025,226096
Ankaran/Ancarano,Tuji,Prihodi turistov,2018,37223
Ankaran/Ancarano,Tuji,Prihodi turistov,2019,36058
Ankaran/Ancarano,Tuji,Prihodi turistov,2020,
Ankaran/Ancarano,Tuji,Prihodi turistov,2021,12925
Ankaran/Ancarano,Tuji,Prihodi turistov,2022,30367
Ankaran/Ancarano,Tuji,Prihodi turistov,2023,36326
Ankaran/Ancarano,Tuji,Prihodi turistov,2024,39106
Ankaran/Ancarano,Tuji,Prihodi turistov,2025,39387
Ankaran/Ancarano,Tuji,Prenočitve turistov,2018,130890
Ankaran/Ancarano,Tuji,Prenočitve turistov,2019,128129
Ankaran/Ancarano,Tuji,Prenočitve turistov,2020,
Ankaran/Ancarano,Tuji,Prenočitve turistov,2021,44636
Ankaran/Ancarano,Tuji,Prenočitve turistov,2022,103201
Ankaran/Ancarano,Tuji,Prenočitve turistov,2023,127445
Ankaran/Ancarano,Tuji,Prenočitve turistov,2024,134092
Ankaran/Ancarano,Tuji,Prenočitve turistov,2025,135885
Apače,Domači,Prihodi turistov,2018,184
Apače,Domači,Prihodi turistov,2019,
Apače,Domači,Prihodi turistov,2020,
Apače,Domači,Prihodi turistov,2021,225
Apače,Domači,Prihodi turistov,2022,187
Apače,Domači,Prihodi turistov,2023,
Apače,Domači,Prihodi turistov,2024,
Apače,Domači,Prihodi turistov,2025,133
Apače,Domači,Prenočitve turistov,2018,393
Apače,Domači,Prenočitve turistov,2019,
Apače,Domači,Prenočitve turistov,2020,
Apače,Domači,Prenočitve turistov,2021,523
Apače,Domači,Prenočitve turistov,2022,448
Apače,Domači,Prenočitve turistov,2023,
Apače,Domači,Prenočitve turistov,2024,
Apače,Domači,Prenočitve turistov,2025,267
Apače,Tuji,Prihodi turistov,2018,541
Apače,Tuji,Prihodi turistov,2019,
Apače,Tuji,Prihodi turistov,2020,
Apače,Tuji,Prihodi turistov,2021,229
Apače,Tuji,Prihodi turistov,2022,334
Apače,Tuji,Prihodi turistov,2023,
Apače,Tuji,Prihodi turistov,2024,
Apače,Tuji,Prihodi turistov,2025,246
Apače,Tuji,Prenočitve turistov,2018,903
Apače,Tuji,Prenočitve turistov,2019,
Apače,Tuji,Prenočitve turistov,2020,
Apače,Tuji,Prenočitve turistov,2021,524
Apače,Tuji,Prenočitve turistov,2022,724
Apače,Tuji,Prenočitve turistov,2023,
Apače,Tuji,Prenočitve turistov,2024,
Apače,Tuji,Prenočitve turistov,2025,492
Beltinci,Domači,Prihodi turistov,2018,158
Beltinci,Domači,Prihodi turistov,2019,254
Beltinci,Domači,Prihodi turistov,2020,293
Beltinci,Domači,Prihodi turistov,2021,370
Beltinci,Domači,Prihodi turistov,2022,542
Beltinci,Domači,Prihodi turistov,2023,409
Beltinci,Domači,Prihodi turistov,2024,355
Beltinci,Domači,Prihodi turistov,2025,447
Beltinci,Domači,Prenočitve turistov,2018,329
Beltinci,Domači,Prenočitve turistov,2019,413
Beltinci,Domači,Prenočitve turistov,2020,787
Beltinci,Domači,Prenočitve turistov,2021,1056
Beltinci,Domači,Prenočitve turistov,2022,1009
Beltinci,Domači,Prenočitve turistov,2023,698
Beltinci,Domači,Prenočitve turistov,2024,608
Beltinci,Domači,Prenočitve turistov,2025,726
Beltinci,Tuji,Prihodi turistov,2018,98
Beltinci,Tuji,Prihodi turistov,2019,251
Beltinci,Tuji,Prihodi turistov,2020,110
Beltinci,Tuji,Prihodi turistov,2021,112
Beltinci,Tuji,Prihodi turistov,2022,151
Beltinci,Tuji,Prihodi turistov,2023,156
Beltinci,Tuji,Prihodi turistov,2024,222
Beltinci,Tuji,Prihodi turistov,2025,339
Beltinci,Tuji,Prenočitve turistov,2018,162
Beltinci,Tuji,Prenočitve turistov,2019,550
Beltinci,Tuji,Prenočitve turistov,2020,299
Beltinci,Tuji,Prenočitve turistov,2021,499
Beltinci,Tuji,Prenočitve turistov,2022,576
Beltinci,Tuji,Prenočitve turistov,2023,316
Beltinci,Tuji,Prenočitve turistov,2024,418
Beltinci,Tuji,Prenočitve turistov,2025,755
Benedikt,Domači,Prihodi turistov,2018,170
Benedikt,Domači,Prihodi turistov,2019,291
Benedikt,Domači,Prihodi turistov,2020,602
Benedikt,Domači,Prihodi turistov,2021,518
Benedikt,Domači,Prihodi turistov,2022,
Benedikt,Domači,Prihodi turistov,2023,
Benedikt,Domači,Prihodi turistov,2024,205
Benedikt,Domači,Prihodi turistov,2025,223
Benedikt,Domači,Prenočitve turistov,2018,338
Benedikt,Domači,Prenočitve turistov,2019,509
Benedikt,Domači,Prenočitve turistov,2020,1591
Benedikt,Domači,Prenočitve turistov,2021,1436
Benedikt,Domači,Prenočitve turistov,2022,
Benedikt,Domači,Prenočitve turistov,2023,
Benedikt,Domači,Prenočitve turistov,2024,536
Benedikt,Domači,Prenočitve turistov,2025,522
Benedikt,Tuji,Prihodi turistov,2018,782
Benedikt,Tuji,Prihodi turistov,2019,1181
Benedikt,Tuji,Prihodi turistov,2020,286
Benedikt,Tuji,Prihodi turistov,2021,142
Benedikt,Tuji,Prihodi turistov,2022,
Benedikt,Tuji,Prihodi turistov,2023,
Benedikt,Tuji,Prihodi turistov,2024,314
Benedikt,Tuji,Prihodi turistov,2025,323
Benedikt,Tuji,Prenočitve turistov,2018,2065
Benedikt,Tuji,Prenočitve turistov,2019,1937
Benedikt,Tuji,Prenočitve turistov,2020,684
Benedikt,Tuji,Prenočitve turistov,2021,447
Benedikt,Tuji,Prenočitve turistov,2022,
Benedikt,Tuji,Prenočitve turistov,2023,
Benedikt,Tuji,Prenočitve turistov,2024,986
Benedikt,Tuji,Prenočitve turistov,2025,1338
Bistrica ob Sotli,Domači,Prihodi turistov,2018,76
Bistrica ob Sotli,Domači,Prihodi turistov,2019,250
Bistrica ob Sotli,Domači,Prihodi turistov,2020,324
Bistrica ob Sotli,Domači,Prihodi turistov,2021,
Bistrica ob Sotli,Domači,Prihodi turistov,2022,602
Bistrica ob Sotli,Domači,Prihodi turistov,2023,384
Bistrica ob Sotli,Domači,Prihodi turistov,2024,721
Bistrica ob Sotli,Domači,Prihodi turistov,2025,724
Bistrica ob Sotli,Domači,Prenočitve turistov,2018,127
Bistrica ob Sotli,Domači,Prenočitve turistov,2019,407
Bistrica ob Sotli,Domači,Prenočitve turistov,2020,748
Bistrica ob Sotli,Domači,Prenočitve turistov,2021,
Bistrica ob Sotli,Domači,Prenočitve turistov,2022,1323
Bistrica ob Sotli,Domači,Prenočitve turistov,2023,735
Bistrica ob Sotli,Domači,Prenočitve turistov,2024,1183
Bistrica ob Sotli,Domači,Prenočitve turistov,2025,1321
Bistrica ob Sotli,Tuji,Prihodi turistov,2018,69
Bistrica ob Sotli,Tuji,Prihodi turistov,2019,157
Bistrica ob Sotli,Tuji,Prihodi turistov,2020,82
Bistrica ob Sotli,Tuji,Prihodi turistov,2021,
Bistrica ob Sotli,Tuji,Prihodi turistov,2022,486
Bistrica ob Sotli,Tuji,Prihodi turistov,2023,413
Bistrica ob Sotli,Tuji,Prihodi turistov,2024,845
Bistrica ob Sotli,Tuji,Prihodi turistov,2025,928
Bistrica ob Sotli,Tuji,Prenočitve turistov,2018,92
Bistrica ob Sotli,Tuji,Prenočitve turistov,2019,457
Bistrica ob Sotli,Tuji,Prenočitve turistov,2020,170
Bistrica ob Sotli,Tuji,Prenočitve turistov,2021,
Bistrica ob Sotli,Tuji,Prenočitve turistov,2022,1203
Bistrica ob Sotli,Tuji,Prenočitve turistov,2023,1157
Bistrica ob Sotli,Tuji,Prenočitve turistov,2024,2714
Bistrica ob Sotli,Tuji,Prenočitve turistov,2025,2588
Bled,Domači,Prihodi turistov,2018,24287
Bled,Domači,Prihodi turistov,2019,24941
Bled,Domači,Prihodi turistov,2020,57772
Bled,Domači,Prihodi turistov,2021,56135
Bled,Domači,Prihodi turistov,2022,34737
Bled,Domači,Prihodi turistov,2023,24424
Bled,Domači,Prihodi turistov,2024,22717
Bled,Domači,Prihodi turistov,2025,22478
Bled,Domači,Prenočitve turistov,2018,50848
Bled,Domači,Prenočitve turistov,2019,51974
Bled,Domači,Prenočitve turistov,2020,142210
Bled,Domači,Prenočitve turistov,2021,123573
Bled,Domači,Prenočitve turistov,2022,68332
Bled,Domači,Prenočitve turistov,2023,47141
Bled,Domači,Prenočitve turistov,2024,41866
Bled,Domači,Prenočitve turistov,2025,43563
Bled,Tuji,Prihodi turistov,2018,472390
Bled,Tuji,Prihodi turistov,2019,484306
Bled,Tuji,Prihodi turistov,2020,112312
Bled,Tuji,Prihodi turistov,2021,167435
Bled,Tuji,Prihodi turistov,2022,348535
Bled,Tuji,Prihodi turistov,2023,417314
Bled,Tuji,Prihodi turistov,2024,458318
Bled,Tuji,Prihodi turistov,2025,477181
Bled,Tuji,Prenočitve turistov,2018,1100983
Bled,Tuji,Prenočitve turistov,2019,1080600
Bled,Tuji,Prenočitve turistov,2020,291621
Bled,Tuji,Prenočitve turistov,2021,444489
Bled,Tuji,Prenočitve turistov,2022,890752
Bled,Tuji,Prenočitve turistov,2023,1035405
Bled,Tuji,Prenočitve turistov,2024,1108716
Bled,Tuji,Prenočitve turistov,2025,1172761
Bloke,Domači,Prihodi turistov,2018,1054
Bloke,Domači,Prihodi turistov,2019,
Bloke,Domači,Prihodi turistov,2020,
Bloke,Domači,Prihodi turistov,2021,1776
Bloke,Domači,Prihodi turistov,2022,1011
Bloke,Domači,Prihodi turistov,2023,948
Bloke,Domači,Prihodi turistov,2024,1079
Bloke,Domači,Prihodi turistov,2025,985
Bloke,Domači,Prenočitve turistov,2018,2127
Bloke,Domači,Prenočitve turistov,2019,
Bloke,Domači,Prenočitve turistov,2020,
Bloke,Domači,Prenočitve turistov,2021,4044
Bloke,Domači,Prenočitve turistov,2022,1887
Bloke,Domači,Prenočitve turistov,2023,1872
Bloke,Domači,Prenočitve turistov,2024,2325
Bloke,Domači,Prenočitve turistov,2025,2766
Bloke,Tuji,Prihodi turistov,2018,967
Bloke,Tuji,Prihodi turistov,2019,
Bloke,Tuji,Prihodi turistov,2020,
Bloke,Tuji,Prihodi turistov,2021,475
Bloke,Tuji,Prihodi turistov,2022,1144
Bloke,Tuji,Prihodi turistov,2023,1604
Bloke,Tuji,Prihodi turistov,2024,1795
Bloke,Tuji,Prihodi turistov,2025,2029
Bloke,Tuji,Prenočitve turistov,2018,2701
Bloke,Tuji,Prenočitve turistov,2019,
Bloke,Tuji,Prenočitve turistov,2020,
Bloke,Tuji,Prenočitve turistov,2021,1370
Bloke,Tuji,Prenočitve turistov,2022,2952
Bloke,Tuji,Prenočitve turistov,2023,4243
Bloke,Tuji,Prenočitve turistov,2024,5141
Bloke,Tuji,Prenočitve turistov,2025,5895
Bohinj,Domači,Prihodi turistov,2018,61382
Bohinj,Domači,Prihodi turistov,2019,65740
Bohinj,Domači,Prihodi turistov,2020,98693
Bohinj,Domači,Prihodi turistov,2021,107504
Bohinj,Domači,Prihodi turistov,2022,94409
Bohinj,Domači,Prihodi turistov,2023,73457
Bohinj,Domači,Prihodi turistov,2024,70332
Bohinj,Domači,Prihodi turistov,2025,64179
Bohinj,Domači,Prenočitve turistov,2018,165406
Bohinj,Domači,Prenočitve turistov,2019,169709
Bohinj,Domači,Prenočitve turistov,2020,294109
Bohinj,Domači,Prenočitve turistov,2021,289056
Bohinj,Domači,Prenočitve turistov,2022,246432
Bohinj,Domači,Prenočitve turistov,2023,191903
Bohinj,Domači,Prenočitve turistov,2024,182193
Bohinj,Domači,Prenočitve turistov,2025,167348
Bohinj,Tuji,Prihodi turistov,2018,187257
Bohinj,Tuji,Prihodi turistov,2019,205952
Bohinj,Tuji,Prihodi turistov,2020,58776
Bohinj,Tuji,Prihodi turistov,2021,108554
Bohinj,Tuji,Prihodi turistov,2022,204644
Bohinj,Tuji,Prihodi turistov,2023,232907
Bohinj,Tuji,Prihodi turistov,2024,245320
Bohinj,Tuji,Prihodi turistov,2025,259615
Bohinj,Tuji,Prenočitve turistov,2018,512289
Bohinj,Tuji,Prenočitve turistov,2019,554385
Bohinj,Tuji,Prenočitve turistov,2020,174479
Bohinj,Tuji,Prenočitve turistov,2021,293155
Bohinj,Tuji,Prenočitve turistov,2022,574507
Bohinj,Tuji,Prenočitve turistov,2023,631287
Bohinj,Tuji,Prenočitve turistov,2024,658770
Bohinj,Tuji,Prenočitve turistov,2025,703284
Borovnica,Domači,Prihodi turistov,2018,26
Borovnica,Domači,Prihodi turistov,2019,29
Borovnica,Domači,Prihodi turistov,2020,43
Borovnica,Domači,Prihodi turistov,2021,1128
Borovnica,Domači,Prihodi turistov,2022,704
Borovnica,Domači,Prihodi turistov,2023,38
Borovnica,Domači,Prihodi turistov,2024,10
Borovnica,Domači,Prihodi turistov,2025,3
Borovnica,Domači,Prenočitve turistov,2018,33
Borovnica,Domači,Prenočitve turistov,2019,61
Borovnica,Domači,Prenočitve turistov,2020,189
Borovnica,Domači,Prenočitve turistov,2021,3158
Borovnica,Domači,Prenočitve turistov,2022,1871
Borovnica,Domači,Prenočitve turistov,2023,114
Borovnica,Domači,Prenočitve turistov,2024,25
Borovnica,Domači,Prenočitve turistov,2025,8
Borovnica,Tuji,Prihodi turistov,2018,381
Borovnica,Tuji,Prihodi turistov,2019,746
Borovnica,Tuji,Prihodi turistov,2020,73
Borovnica,Tuji,Prihodi turistov,2021,246
Borovnica,Tuji,Prihodi turistov,2022,699
Borovnica,Tuji,Prihodi turistov,2023,547
Borovnica,Tuji,Prihodi turistov,2024,399
Borovnica,Tuji,Prihodi turistov,2025,429
Borovnica,Tuji,Prenočitve turistov,2018,675
Borovnica,Tuji,Prenočitve turistov,2019,1649
Borovnica,Tuji,Prenočitve turistov,2020,278
Borovnica,Tuji,Prenočitve turistov,2021,825
Borovnica,Tuji,Prenočitve turistov,2022,1949
Borovnica,Tuji,Prenočitve turistov,2023,1597
Borovnica,Tuji,Prenočitve turistov,2024,1193
Borovnica,Tuji,Prenočitve turistov,2025,1428
Bovec,Domači,Prihodi turistov,2018,29057
Bovec,Domači,Prihodi turistov,2019,25929
Bovec,Domači,Prihodi turistov,2020,57236
Bovec,Domači,Prihodi turistov,2021,44849
Bovec,Domači,Prihodi turistov,2022,30025
Bovec,Domači,Prihodi turistov,2023,22399
Bovec,Domači,Prihodi turistov,2024,19625
Bovec,Domači,Prihodi turistov,2025,18578
Bovec,Domači,Prenočitve turistov,2018,69069
Bovec,Domači,Prenočitve turistov,2019,58555
Bovec,Domači,Prenočitve turistov,2020,150214
Bovec,Domači,Prenočitve turistov,2021,114335
Bovec,Domači,Prenočitve turistov,2022,69902
Bovec,Domači,Prenočitve turistov,2023,53125
Bovec,Domači,Prenočitve turistov,2024,45613
Bovec,Domači,Prenočitve turistov,2025,43270
Bovec,Tuji,Prihodi turistov,2018,146649
Bovec,Tuji,Prihodi turistov,2019,162585
Bovec,Tuji,Prihodi turistov,2020,70184
Bovec,Tuji,Prihodi turistov,2021,115644
Bovec,Tuji,Prihodi turistov,2022,180713
Bovec,Tuji,Prihodi turistov,2023,191307
Bovec,Tuji,Prihodi turistov,2024,194569
Bovec,Tuji,Prihodi turistov,2025,217036
Bovec,Tuji,Prenočitve turistov,2018,393008
Bovec,Tuji,Prenočitve turistov,2019,428243
Bovec,Tuji,Prenočitve turistov,2020,196322
Bovec,Tuji,Prenočitve turistov,2021,310993
Bovec,Tuji,Prenočitve turistov,2022,478059
Bovec,Tuji,Prenočitve turistov,2023,504747
Bovec,Tuji,Prenočitve turistov,2024,507156
Bovec,Tuji,Prenočitve turistov,2025,577851
Braslovče,Domači,Prihodi turistov,2018,48
Braslovče,Domači,Prihodi turistov,2019,81
Braslovče,Domači,Prihodi turistov,2020,254
Braslovče,Domači,Prihodi turistov,2021,438
Braslovče,Domači,Prihodi turistov,2022,329
Braslovče,Domači,Prihodi turistov,2023,200
Braslovče,Domači,Prihodi turistov,2024,
Braslovče,Domači,Prihodi turistov,2025,118
Braslovče,Domači,Prenočitve turistov,2018,103
Braslovče,Domači,Prenočitve turistov,2019,210
Braslovče,Domači,Prenočitve turistov,2020,661
Braslovče,Domači,Prenočitve turistov,2021,993
Braslovče,Domači,Prenočitve turistov,2022,603
Braslovče,Domači,Prenočitve turistov,2023,259
Braslovče,Domači,Prenočitve turistov,2024,
Braslovče,Domači,Prenočitve turistov,2025,215
Braslovče,Tuji,Prihodi turistov,2018,324
Braslovče,Tuji,Prihodi turistov,2019,350
Braslovče,Tuji,Prihodi turistov,2020,182
Braslovče,Tuji,Prihodi turistov,2021,365
Braslovče,Tuji,Prihodi turistov,2022,491
Braslovče,Tuji,Prihodi turistov,2023,616
Braslovče,Tuji,Prihodi turistov,2024,
Braslovče,Tuji,Prihodi turistov,2025,595
Braslovče,Tuji,Prenočitve turistov,2018,915
Braslovče,Tuji,Prenočitve turistov,2019,1039
Braslovče,Tuji,Prenočitve turistov,2020,587
Braslovče,Tuji,Prenočitve turistov,2021,1081
Braslovče,Tuji,Prenočitve turistov,2022,1567
Braslovče,Tuji,Prenočitve turistov,2023,1875
Braslovče,Tuji,Prenočitve turistov,2024,
Braslovče,Tuji,Prenočitve turistov,2025,1782
Brda,Domači,Prihodi turistov,2018,8774
Brda,Domači,Prihodi turistov,2019,9311
Brda,Domači,Prihodi turistov,2020,17015
Brda,Domači,Prihodi turistov,2021,21139
Brda,Domači,Prihodi turistov,2022,14836
Brda,Domači,Prihodi turistov,2023,11007
Brda,Domači,Prihodi turistov,2024,10999
Brda,Domači,Prihodi turistov,2025,11107
Brda,Domači,Prenočitve turistov,2018,13091
Brda,Domači,Prenočitve turistov,2019,13023
Brda,Domači,Prenočitve turistov,2020,33622
Brda,Domači,Prenočitve turistov,2021,40606
Brda,Domači,Prenočitve turistov,2022,24455
Brda,Domači,Prenočitve turistov,2023,17135
Brda,Domači,Prenočitve turistov,2024,16711
Brda,Domači,Prenočitve turistov,2025,17395
Brda,Tuji,Prihodi turistov,2018,17385
Brda,Tuji,Prihodi turistov,2019,18157
Brda,Tuji,Prihodi turistov,2020,4672
Brda,Tuji,Prihodi turistov,2021,9141
Brda,Tuji,Prihodi turistov,2022,17962
Brda,Tuji,Prihodi turistov,2023,19245
Brda,Tuji,Prihodi turistov,2024,20695
Brda,Tuji,Prihodi turistov,2025,24065
Brda,Tuji,Prenočitve turistov,2018,32321
Brda,Tuji,Prenočitve turistov,2019,31822
Brda,Tuji,Prenočitve turistov,2020,9058
Brda,Tuji,Prenočitve turistov,2021,17986
Brda,Tuji,Prenočitve turistov,2022,34358
Brda,Tuji,Prenočitve turistov,2023,36658
Brda,Tuji,Prenočitve turistov,2024,39362
Brda,Tuji,Prenočitve turistov,2025,48060
Brezovica,Domači,Prihodi turistov,2018,461
Brezovica,Domači,Prihodi turistov,2019,334
Brezovica,Domači,Prihodi turistov,2020,362
Brezovica,Domači,Prihodi turistov,2021,747
Brezovica,Domači,Prihodi turistov,2022,768
Brezovica,Domači,Prihodi turistov,2023,574
Brezovica,Domači,Prihodi turistov,2024,397
Brezovica,Domači,Prihodi turistov,2025,681
Brezovica,Domači,Prenočitve turistov,2018,1004
Brezovica,Domači,Prenočitve turistov,2019,503
Brezovica,Domači,Prenočitve turistov,2020,812
Brezovica,Domači,Prenočitve turistov,2021,1578
Brezovica,Domači,Prenočitve turistov,2022,1345
Brezovica,Domači,Prenočitve turistov,2023,1175
Brezovica,Domači,Prenočitve turistov,2024,678
Brezovica,Domači,Prenočitve turistov,2025,910
Brezovica,Tuji,Prihodi turistov,2018,1544
Brezovica,Tuji,Prihodi turistov,2019,2033
Brezovica,Tuji,Prihodi turistov,2020,298
Brezovica,Tuji,Prihodi turistov,2021,1818
Brezovica,Tuji,Prihodi turistov,2022,4939
Brezovica,Tuji,Prihodi turistov,2023,6733
Brezovica,Tuji,Prihodi turistov,2024,7211
Brezovica,Tuji,Prihodi turistov,2025,9450
Brezovica,Tuji,Prenočitve turistov,2018,4489
Brezovica,Tuji,Prenočitve turistov,2019,5502
Brezovica,Tuji,Prenočitve turistov,2020,1031
Brezovica,Tuji,Prenočitve turistov,2021,3549
Brezovica,Tuji,Prenočitve turistov,2022,10890
Brezovica,Tuji,Prenočitve turistov,2023,13311
Brezovica,Tuji,Prenočitve turistov,2024,13895
Brezovica,Tuji,Prenočitve turistov,2025,16620
Brežice,Domači,Prihodi turistov,2018,85345
Brežice,Domači,Prihodi turistov,2019,90631
Brežice,Domači,Prihodi turistov,2020,89172
Brežice,Domači,Prihodi turistov,2021,130927
Brežice,Domači,Prihodi turistov,2022,112684
Brežice,Domači,Prihodi turistov,2023,90247
Brežice,Domači,Prihodi turistov,2024,89528
Brežice,Domači,Prihodi turistov,2025,90799
Brežice,Domači,Prenočitve turistov,2018,274917
Brežice,Domači,Prenočitve turistov,2019,292848
Brežice,Domači,Prenočitve turistov,2020,308799
Brežice,Domači,Prenočitve turistov,2021,404996
Brežice,Domači,Prenočitve turistov,2022,336368
Brežice,Domači,Prenočitve turistov,2023,282600
Brežice,Domači,Prenočitve turistov,2024,274871
Brežice,Domači,Prenočitve turistov,2025,277668
Brežice,Tuji,Prihodi turistov,2018,117435
Brežice,Tuji,Prihodi turistov,2019,111839
Brežice,Tuji,Prihodi turistov,2020,26781
Brežice,Tuji,Prihodi turistov,2021,26355
Brežice,Tuji,Prihodi turistov,2022,90012
Brežice,Tuji,Prihodi turistov,2023,111441
Brežice,Tuji,Prihodi turistov,2024,122370
Brežice,Tuji,Prihodi turistov,2025,136712
Brežice,Tuji,Prenočitve turistov,2018,405085
Brežice,Tuji,Prenočitve turistov,2019,394021
Brežice,Tuji,Prenočitve turistov,2020,94267
Brežice,Tuji,Prenočitve turistov,2021,123973
Brežice,Tuji,Prenočitve turistov,2022,330330
Brežice,Tuji,Prenočitve turistov,2023,364025
Brežice,Tuji,Prenočitve turistov,2024,392692
Brežice,Tuji,Prenočitve turistov,2025,434629
Cankova,Domači,Prihodi turistov,2018,530
Cankova,Domači,Prihodi turistov,2019,780
Cankova,Domači,Prihodi turistov,2020,1026
Cankova,Domači,Prihodi turistov,2021,1108
Cankova,Domači,Prihodi turistov,2022,622
Cankova,Domači,Prihodi turistov,2023,475
Cankova,Domači,Prihodi turistov,2024,459
Cankova,Domači,Prihodi turistov,2025,470
Cankova,Domači,Prenočitve turistov,2018,1317
Cankova,Domači,Prenočitve turistov,2019,1442
Cankova,Domači,Prenočitve turistov,2020,2523
Cankova,Domači,Prenočitve turistov,2021,3008
Cankova,Domači,Prenočitve turistov,2022,1408
Cankova,Domači,Prenočitve turistov,2023,924
Cankova,Domači,Prenočitve turistov,2024,820
Cankova,Domači,Prenočitve turistov,2025,831
Cankova,Tuji,Prihodi turistov,2018,271
Cankova,Tuji,Prihodi turistov,2019,246
Cankova,Tuji,Prihodi turistov,2020,72
Cankova,Tuji,Prihodi turistov,2021,104
Cankova,Tuji,Prihodi turistov,2022,88
Cankova,Tuji,Prihodi turistov,2023,80
Cankova,Tuji,Prihodi turistov,2024,110
Cankova,Tuji,Prihodi turistov,2025,97
Cankova,Tuji,Prenočitve turistov,2018,939
Cankova,Tuji,Prenočitve turistov,2019,524
Cankova,Tuji,Prenočitve turistov,2020,136
Cankova,Tuji,Prenočitve turistov,2021,210
Cankova,Tuji,Prenočitve turistov,2022,169
Cankova,Tuji,Prenočitve turistov,2023,141
Cankova,Tuji,Prenočitve turistov,2024,188
Cankova,Tuji,Prenočitve turistov,2025,168
Celje,Domači,Prihodi turistov,2018,9208
Celje,Domači,Prihodi turistov,2019,8833
Celje,Domači,Prihodi turistov,2020,5297
Celje,Domači,Prihodi turistov,2021,6389
Celje,Domači,Prihodi turistov,2022,8812
Celje,Domači,Prihodi turistov,2023,7011
Celje,Domači,Prihodi turistov,2024,8271
Celje,Domači,Prihodi turistov,2025,8388
Celje,Domači,Prenočitve turistov,2018,17512
Celje,Domači,Prenočitve turistov,2019,15307
Celje,Domači,Prenočitve turistov,2020,10590
Celje,Domači,Prenočitve turistov,2021,14806
Celje,Domači,Prenočitve turistov,2022,18435
Celje,Domači,Prenočitve turistov,2023,12156
Celje,Domači,Prenočitve turistov,2024,14520
Celje,Domači,Prenočitve turistov,2025,14182
Celje,Tuji,Prihodi turistov,2018,21647
Celje,Tuji,Prihodi turistov,2019,25329
Celje,Tuji,Prihodi turistov,2020,6501
Celje,Tuji,Prihodi turistov,2021,8858
Celje,Tuji,Prihodi turistov,2022,19220
Celje,Tuji,Prihodi turistov,2023,20976
Celje,Tuji,Prihodi turistov,2024,22376
Celje,Tuji,Prihodi turistov,2025,25514
Celje,Tuji,Prenočitve turistov,2018,46584
Celje,Tuji,Prenočitve turistov,2019,58794
Celje,Tuji,Prenočitve turistov,2020,17013
Celje,Tuji,Prenočitve turistov,2021,23647
Celje,Tuji,Prenočitve turistov,2022,49345
Celje,Tuji,Prenočitve turistov,2023,46633
Celje,Tuji,Prenočitve turistov,2024,49860
Celje,Tuji,Prenočitve turistov,2025,47967
Cerklje na Gorenjskem,Domači,Prihodi turistov,2018,6834
Cerklje na Gorenjskem,Domači,Prihodi turistov,2019,7839
Cerklje na Gorenjskem,Domači,Prihodi turistov,2020,8623
Cerklje na Gorenjskem,Domači,Prihodi turistov,2021,
Cerklje na Gorenjskem,Domači,Prihodi turistov,2022,9720
Cerklje na Gorenjskem,Domači,Prihodi turistov,2023,8057
Cerklje na Gorenjskem,Domači,Prihodi turistov,2024,9059
Cerklje na Gorenjskem,Domači,Prihodi turistov,2025,8771
Cerklje na Gorenjskem,Domači,Prenočitve turistov,2018,13697
Cerklje na Gorenjskem,Domači,Prenočitve turistov,2019,16563
Cerklje na Gorenjskem,Domači,Prenočitve turistov,2020,20867
Cerklje na Gorenjskem,Domači,Prenočitve turistov,2021,
Cerklje na Gorenjskem,Domači,Prenočitve turistov,2022,21504
Cerklje na Gorenjskem,Domači,Prenočitve turistov,2023,16588
Cerklje na Gorenjskem,Domači,Prenočitve turistov,2024,16606
Cerklje na Gorenjskem,Domači,Prenočitve turistov,2025,16667
Cerklje na Gorenjskem,Tuji,Prihodi turistov,2018,36965
Cerklje na Gorenjskem,Tuji,Prihodi turistov,2019,36410
Cerklje na Gorenjskem,Tuji,Prihodi turistov,2020,8044
Cerklje na Gorenjskem,Tuji,Prihodi turistov,2021,
Cerklje na Gorenjskem,Tuji,Prihodi turistov,2022,22028
Cerklje na Gorenjskem,Tuji,Prihodi turistov,2023,25560
Cerklje na Gorenjskem,Tuji,Prihodi turistov,2024,27503
Cerklje na Gorenjskem,Tuji,Prihodi turistov,2025,32339
Cerklje na Gorenjskem,Tuji,Prenočitve turistov,2018,74156
Cerklje na Gorenjskem,Tuji,Prenočitve turistov,2019,76798
Cerklje na Gorenjskem,Tuji,Prenočitve turistov,2020,25352
Cerklje na Gorenjskem,Tuji,Prenočitve turistov,2021,
Cerklje na Gorenjskem,Tuji,Prenočitve turistov,2022,55320
Cerklje na Gorenjskem,Tuji,Prenočitve turistov,2023,60880
Cerklje na Gorenjskem,Tuji,Prenočitve turistov,2024,65727
Cerklje na Gorenjskem,Tuji,Prenočitve turistov,2025,76287
Cerknica,Domači,Prihodi turistov,2018,3266
Cerknica,Domači,Prihodi turistov,2019,2776
Cerknica,Domači,Prihodi turistov,2020,3550
Cerknica,Domači,Prihodi turistov,2021,3677
Cerknica,Domači,Prihodi turistov,2022,3719
Cerknica,Domači,Prihodi turistov,2023,3025
Cerknica,Domači,Prihodi turistov,2024,2895
Cerknica,Domači,Prihodi turistov,2025,2747
Cerknica,Domači,Prenočitve turistov,2018,8708
Cerknica,Domači,Prenočitve turistov,2019,7836
Cerknica,Domači,Prenočitve turistov,2020,9323
Cerknica,Domači,Prenočitve turistov,2021,9768
Cerknica,Domači,Prenočitve turistov,2022,10173
Cerknica,Domači,Prenočitve turistov,2023,8174
Cerknica,Domači,Prenočitve turistov,2024,8367
Cerknica,Domači,Prenočitve turistov,2025,7735
Cerknica,Tuji,Prihodi turistov,2018,6842
Cerknica,Tuji,Prihodi turistov,2019,6920
Cerknica,Tuji,Prihodi turistov,2020,1819
Cerknica,Tuji,Prihodi turistov,2021,3380
Cerknica,Tuji,Prihodi turistov,2022,6620
Cerknica,Tuji,Prihodi turistov,2023,9210
Cerknica,Tuji,Prihodi turistov,2024,9545
Cerknica,Tuji,Prihodi turistov,2025,10024
Cerknica,Tuji,Prenočitve turistov,2018,16329
Cerknica,Tuji,Prenočitve turistov,2019,14689
Cerknica,Tuji,Prenočitve turistov,2020,4951
Cerknica,Tuji,Prenočitve turistov,2021,8203
Cerknica,Tuji,Prenočitve turistov,2022,14970
Cerknica,Tuji,Prenočitve turistov,2023,19939
Cerknica,Tuji,Prenočitve turistov,2024,19074
Cerknica,Tuji,Prenočitve turistov,2025,21164
Cerkno,Domači,Prihodi turistov,2018,9309
Cerkno,Domači,Prihodi turistov,2019,8554
Cerkno,Domači,Prihodi turistov,2020,8639
Cerkno,Domači,Prihodi turistov,2021,10682
Cerkno,Domači,Prihodi turistov,2022,12002
Cerkno,Domači,Prihodi turistov,2023,6897
Cerkno,Domači,Prihodi turistov,2024,4211
Cerkno,Domači,Prihodi turistov,2025,3101
Cerkno,Domači,Prenočitve turistov,2018,28134
Cerkno,Domači,Prenočitve turistov,2019,25863
Cerkno,Domači,Prenočitve turistov,2020,27363
Cerkno,Domači,Prenočitve turistov,2021,31036
Cerkno,Domači,Prenočitve turistov,2022,36016
Cerkno,Domači,Prenočitve turistov,2023,21389
Cerkno,Domači,Prenočitve turistov,2024,13700
Cerkno,Domači,Prenočitve turistov,2025,9036
Cerkno,Tuji,Prihodi turistov,2018,8072
Cerkno,Tuji,Prihodi turistov,2019,7643
Cerkno,Tuji,Prihodi turistov,2020,2625
Cerkno,Tuji,Prihodi turistov,2021,2440
Cerkno,Tuji,Prihodi turistov,2022,6511
Cerkno,Tuji,Prihodi turistov,2023,6353
Cerkno,Tuji,Prihodi turistov,2024,4701
Cerkno,Tuji,Prihodi turistov,2025,5398
Cerkno,Tuji,Prenočitve turistov,2018,29038
Cerkno,Tuji,Prenočitve turistov,2019,24056
Cerkno,Tuji,Prenočitve turistov,2020,9475
Cerkno,Tuji,Prenočitve turistov,2021,8148
Cerkno,Tuji,Prenočitve turistov,2022,19636
Cerkno,Tuji,Prenočitve turistov,2023,20384
Cerkno,Tuji,Prenočitve turistov,2024,16244
Cerkno,Tuji,Prenočitve turistov,2025,17065
Cerkvenjak,Domači,Prihodi turistov,2018,320
Cerkvenjak,Domači,Prihodi turistov,2019,516
Cerkvenjak,Domači,Prihodi turistov,2020,1533
Cerkvenjak,Domači,Prihodi turistov,2021,1955
Cerkvenjak,Domači,Prihodi turistov,2022,1005
Cerkvenjak,Domači,Prihodi turistov,2023,361
Cerkvenjak,Domači,Prihodi turistov,2024,432
Cerkvenjak,Domači,Prihodi turistov,2025,
Cerkvenjak,Domači,Prenočitve turistov,2018,616
Cerkvenjak,Domači,Prenočitve turistov,2019,903
Cerkvenjak,Domači,Prenočitve turistov,2020,4712
Cerkvenjak,Domači,Prenočitve turistov,2021,5656
Cerkvenjak,Domači,Prenočitve turistov,2022,2761
Cerkvenjak,Domači,Prenočitve turistov,2023,847
Cerkvenjak,Domači,Prenočitve turistov,2024,910
Cerkvenjak,Domači,Prenočitve turistov,2025,
Cerkvenjak,Tuji,Prihodi turistov,2018,258
Cerkvenjak,Tuji,Prihodi turistov,2019,297
Cerkvenjak,Tuji,Prihodi turistov,2020,69
Cerkvenjak,Tuji,Prihodi turistov,2021,116
Cerkvenjak,Tuji,Prihodi turistov,2022,126
Cerkvenjak,Tuji,Prihodi turistov,2023,393
Cerkvenjak,Tuji,Prihodi turistov,2024,399
Cerkvenjak,Tuji,Prihodi turistov,2025,
Cerkvenjak,Tuji,Prenočitve turistov,2018,729
Cerkvenjak,Tuji,Prenočitve turistov,2019,1136
Cerkvenjak,Tuji,Prenočitve turistov,2020,259
Cerkvenjak,Tuji,Prenočitve turistov,2021,286
Cerkvenjak,Tuji,Prenočitve turistov,2022,339
Cerkvenjak,Tuji,Prenočitve turistov,2023,1264
Cerkvenjak,Tuji,Prenočitve turistov,2024,1115
Cerkvenjak,Tuji,Prenočitve turistov,2025,
Cirkulane,Domači,Prihodi turistov,2018,16
Cirkulane,Domači,Prihodi turistov,2019,5
Cirkulane,Domači,Prihodi turistov,2020,
Cirkulane,Domači,Prihodi turistov,2021,166
Cirkulane,Domači,Prihodi turistov,2022,127
Cirkulane,Domači,Prihodi turistov,2023,78
Cirkulane,Domači,Prihodi turistov,2024,189
Cirkulane,Domači,Prihodi turistov,2025,294
Cirkulane,Domači,Prenočitve turistov,2018,31
Cirkulane,Domači,Prenočitve turistov,2019,10
Cirkulane,Domači,Prenočitve turistov,2020,
Cirkulane,Domači,Prenočitve turistov,2021,1561
Cirkulane,Domači,Prenočitve turistov,2022,493
Cirkulane,Domači,Prenočitve turistov,2023,174
Cirkulane,Domači,Prenočitve turistov,2024,403
Cirkulane,Domači,Prenočitve turistov,2025,538
Cirkulane,Tuji,Prihodi turistov,2018,214
Cirkulane,Tuji,Prihodi turistov,2019,99
Cirkulane,Tuji,Prihodi turistov,2020,
Cirkulane,Tuji,Prihodi turistov,2021,100
Cirkulane,Tuji,Prihodi turistov,2022,147
Cirkulane,Tuji,Prihodi turistov,2023,298
Cirkulane,Tuji,Prihodi turistov,2024,579
Cirkulane,Tuji,Prihodi turistov,2025,760
Cirkulane,Tuji,Prenočitve turistov,2018,583
Cirkulane,Tuji,Prenočitve turistov,2019,743
Cirkulane,Tuji,Prenočitve turistov,2020,
Cirkulane,Tuji,Prenočitve turistov,2021,3979
Cirkulane,Tuji,Prenočitve turistov,2022,995
Cirkulane,Tuji,Prenočitve turistov,2023,1186
Cirkulane,Tuji,Prenočitve turistov,2024,1898
Cirkulane,Tuji,Prenočitve turistov,2025,2364
Črenšovci,Domači,Prihodi turistov,2018,
Črenšovci,Domači,Prihodi turistov,2019,66
Črenšovci,Domači,Prihodi turistov,2020,117
Črenšovci,Domači,Prihodi turistov,2021,182
Črenšovci,Domači,Prihodi turistov,2022,104
Črenšovci,Domači,Prihodi turistov,2023,
Črenšovci,Domači,Prihodi turistov,2024,
Črenšovci,Domači,Prihodi turistov,2025,
Črenšovci,Domači,Prenočitve turistov,2018,
Črenšovci,Domači,Prenočitve turistov,2019,118
Črenšovci,Domači,Prenočitve turistov,2020,395
Črenšovci,Domači,Prenočitve turistov,2021,629
Črenšovci,Domači,Prenočitve turistov,2022,441
Črenšovci,Domači,Prenočitve turistov,2023,
Črenšovci,Domači,Prenočitve turistov,2024,
Črenšovci,Domači,Prenočitve turistov,2025,
Črenšovci,Tuji,Prihodi turistov,2018,
Črenšovci,Tuji,Prihodi turistov,2019,62
Črenšovci,Tuji,Prihodi turistov,2020,19
Črenšovci,Tuji,Prihodi turistov,2021,14
Črenšovci,Tuji,Prihodi turistov,2022,70
Črenšovci,Tuji,Prihodi turistov,2023,
Črenšovci,Tuji,Prihodi turistov,2024,
Črenšovci,Tuji,Prihodi turistov,2025,
Črenšovci,Tuji,Prenočitve turistov,2018,
Črenšovci,Tuji,Prenočitve turistov,2019,152
Črenšovci,Tuji,Prenočitve turistov,2020,100
Črenšovci,Tuji,Prenočitve turistov,2021,92
Črenšovci,Tuji,Prenočitve turistov,2022,315
Črenšovci,Tuji,Prenočitve turistov,2023,
Črenšovci,Tuji,Prenočitve turistov,2024,
Črenšovci,Tuji,Prenočitve turistov,2025,
Črna na Koroškem,Domači,Prihodi turistov,2018,275
Črna na Koroškem,Domači,Prihodi turistov,2019,
Črna na Koroškem,Domači,Prihodi turistov,2020,610
Črna na Koroškem,Domači,Prihodi turistov,2021,623
Črna na Koroškem,Domači,Prihodi turistov,2022,276
Črna na Koroškem,Domači,Prihodi turistov,2023,126
Črna na Koroškem,Domači,Prihodi turistov,2024,103
Črna na Koroškem,Domači,Prihodi turistov,2025,184
Črna na Koroškem,Domači,Prenočitve turistov,2018,608
Črna na Koroškem,Domači,Prenočitve turistov,2019,
Črna na Koroškem,Domači,Prenočitve turistov,2020,1522
Črna na Koroškem,Domači,Prenočitve turistov,2021,1186
Črna na Koroškem,Domači,Prenočitve turistov,2022,706
Črna na Koroškem,Domači,Prenočitve turistov,2023,447
Črna na Koroškem,Domači,Prenočitve turistov,2024,298
Črna na Koroškem,Domači,Prenočitve turistov,2025,392
Črna na Koroškem,Tuji,Prihodi turistov,2018,197
Črna na Koroškem,Tuji,Prihodi turistov,2019,
Črna na Koroškem,Tuji,Prihodi turistov,2020,71
Črna na Koroškem,Tuji,Prihodi turistov,2021,50
Črna na Koroškem,Tuji,Prihodi turistov,2022,108
Črna na Koroškem,Tuji,Prihodi turistov,2023,87
Črna na Koroškem,Tuji,Prihodi turistov,2024,207
Črna na Koroškem,Tuji,Prihodi turistov,2025,231
Črna na Koroškem,Tuji,Prenočitve turistov,2018,1072
Črna na Koroškem,Tuji,Prenočitve turistov,2019,
Črna na Koroškem,Tuji,Prenočitve turistov,2020,602
Črna na Koroškem,Tuji,Prenočitve turistov,2021,135
Črna na Koroškem,Tuji,Prenočitve turistov,2022,249
Črna na Koroškem,Tuji,Prenočitve turistov,2023,311
Črna na Koroškem,Tuji,Prenočitve turistov,2024,639
Črna na Koroškem,Tuji,Prenočitve turistov,2025,610
Črnomelj,Domači,Prihodi turistov,2018,13279
Črnomelj,Domači,Prihodi turistov,2019,13307
Črnomelj,Domači,Prihodi turistov,2020,21606
Črnomelj,Domači,Prihodi turistov,2021,21501
Črnomelj,Domači,Prihodi turistov,2022,16345
Črnomelj,Domači,Prihodi turistov,2023,13043
Črnomelj,Domači,Prihodi turistov,2024,14794
Črnomelj,Domači,Prihodi turistov,2025,13964
Črnomelj,Domači,Prenočitve turistov,2018,33462
Črnomelj,Domači,Prenočitve turistov,2019,33791
Črnomelj,Domači,Prenočitve turistov,2020,63064
Črnomelj,Domači,Prenočitve turistov,2021,59744
Črnomelj,Domači,Prenočitve turistov,2022,42943
Črnomelj,Domači,Prenočitve turistov,2023,35548
Črnomelj,Domači,Prenočitve turistov,2024,39635
Črnomelj,Domači,Prenočitve turistov,2025,36573
Črnomelj,Tuji,Prihodi turistov,2018,6341
Črnomelj,Tuji,Prihodi turistov,2019,5158
Črnomelj,Tuji,Prihodi turistov,2020,1353
Črnomelj,Tuji,Prihodi turistov,2021,1877
Črnomelj,Tuji,Prihodi turistov,2022,3483
Črnomelj,Tuji,Prihodi turistov,2023,4423
Črnomelj,Tuji,Prihodi turistov,2024,4792
Črnomelj,Tuji,Prihodi turistov,2025,5559
Črnomelj,Tuji,Prenočitve turistov,2018,15407
Črnomelj,Tuji,Prenočitve turistov,2019,10314
Črnomelj,Tuji,Prenočitve turistov,2020,3260
Črnomelj,Tuji,Prenočitve turistov,2021,4026
Črnomelj,Tuji,Prenočitve turistov,2022,7400
Črnomelj,Tuji,Prenočitve turistov,2023,9860
Črnomelj,Tuji,Prenočitve turistov,2024,10345
Črnomelj,Tuji,Prenočitve turistov,2025,11733
Destrnik,Domači,Prihodi turistov,2018,158
Destrnik,Domači,Prihodi turistov,2019,196
Destrnik,Domači,Prihodi turistov,2020,
Destrnik,Domači,Prihodi turistov,2021,854
Destrnik,Domači,Prihodi turistov,2022,642
Destrnik,Domači,Prihodi turistov,2023,457
Destrnik,Domači,Prihodi turistov,2024,312
Destrnik,Domači,Prihodi turistov,2025,568
Destrnik,Domači,Prenočitve turistov,2018,221
Destrnik,Domači,Prenočitve turistov,2019,299
Destrnik,Domači,Prenočitve turistov,2020,
Destrnik,Domači,Prenočitve turistov,2021,2006
Destrnik,Domači,Prenočitve turistov,2022,1413
Destrnik,Domači,Prenočitve turistov,2023,712
Destrnik,Domači,Prenočitve turistov,2024,581
Destrnik,Domači,Prenočitve turistov,2025,1000
Destrnik,Tuji,Prihodi turistov,2018,326
Destrnik,Tuji,Prihodi turistov,2019,2734
Destrnik,Tuji,Prihodi turistov,2020,
Destrnik,Tuji,Prihodi turistov,2021,1504
Destrnik,Tuji,Prihodi turistov,2022,2482
Destrnik,Tuji,Prihodi turistov,2023,2776
Destrnik,Tuji,Prihodi turistov,2024,2947
Destrnik,Tuji,Prihodi turistov,2025,3127
Destrnik,Tuji,Prenočitve turistov,2018,792
Destrnik,Tuji,Prenočitve turistov,2019,3457
Destrnik,Tuji,Prenočitve turistov,2020,
Destrnik,Tuji,Prenočitve turistov,2021,1902
Destrnik,Tuji,Prenočitve turistov,2022,3606
Destrnik,Tuji,Prenočitve turistov,2023,3980
Destrnik,Tuji,Prenočitve turistov,2024,4259
Destrnik,Tuji,Prenočitve turistov,2025,4880
Divača,Domači,Prihodi turistov,2018,1405
Divača,Domači,Prihodi turistov,2019,1634
Divača,Domači,Prihodi turistov,2020,3500
Divača,Domači,Prihodi turistov,2021,3943
Divača,Domači,Prihodi turistov,2022,2781
Divača,Domači,Prihodi turistov,2023,1323
Divača,Domači,Prihodi turistov,2024,1090
Divača,Domači,Prihodi turistov,2025,1231
Divača,Domači,Prenočitve turistov,2018,2571
Divača,Domači,Prenočitve turistov,2019,2990
Divača,Domači,Prenočitve turistov,2020,7244
Divača,Domači,Prenočitve turistov,2021,8343
Divača,Domači,Prenočitve turistov,2022,4977
Divača,Domači,Prenočitve turistov,2023,2271
Divača,Domači,Prenočitve turistov,2024,1978
Divača,Domači,Prenočitve turistov,2025,2344
Divača,Tuji,Prihodi turistov,2018,14431
Divača,Tuji,Prihodi turistov,2019,14447
Divača,Tuji,Prihodi turistov,2020,3445
Divača,Tuji,Prihodi turistov,2021,5155
Divača,Tuji,Prihodi turistov,2022,9734
Divača,Tuji,Prihodi turistov,2023,9408
Divača,Tuji,Prihodi turistov,2024,9999
Divača,Tuji,Prihodi turistov,2025,9311
Divača,Tuji,Prenočitve turistov,2018,23768
Divača,Tuji,Prenočitve turistov,2019,23889
Divača,Tuji,Prenočitve turistov,2020,6601
Divača,Tuji,Prenočitve turistov,2021,9753
Divača,Tuji,Prenočitve turistov,2022,16995
Divača,Tuji,Prenočitve turistov,2023,18219
Divača,Tuji,Prenočitve turistov,2024,21468
Divača,Tuji,Prenočitve turistov,2025,17240
Dobje,Domači,Prihodi turistov,2018,
Dobje,Domači,Prihodi turistov,2019,
Dobje,Domači,Prihodi turistov,2020,
Dobje,Domači,Prihodi turistov,2021,
Dobje,Domači,Prihodi turistov,2022,
Dobje,Domači,Prihodi turistov,2023,
Dobje,Domači,Prihodi turistov,2024,
Dobje,Domači,Prihodi turistov,2025,
Dobje,Domači,Prenočitve turistov,2018,
Dobje,Domači,Prenočitve turistov,2019,
Dobje,Domači,Prenočitve turistov,2020,
Dobje,Domači,Prenočitve turistov,2021,
Dobje,Domači,Prenočitve turistov,2022,
Dobje,Domači,Prenočitve turistov,2023,
Dobje,Domači,Prenočitve turistov,2024,
Dobje,Domači,Prenočitve turistov,2025,
Dobje,Tuji,Prihodi turistov,2018,
Dobje,Tuji,Prihodi turistov,2019,
Dobje,Tuji,Prihodi turistov,2020,
Dobje,Tuji,Prihodi turistov,2021,
Dobje,Tuji,Prihodi turistov,2022,
Dobje,Tuji,Prihodi turistov,2023,
Dobje,Tuji,Prihodi turistov,2024,
Dobje,Tuji,Prihodi turistov,2025,
Dobje,Tuji,Prenočitve turistov,2018,
Dobje,Tuji,Prenočitve turistov,2019,
Dobje,Tuji,Prenočitve turistov,2020,
Dobje,Tuji,Prenočitve turistov,2021,
Dobje,Tuji,Prenočitve turistov,2022,
Dobje,Tuji,Prenočitve turistov,2023,
Dobje,Tuji,Prenočitve turistov,2024,
Dobje,Tuji,Prenočitve turistov,2025,
Dobrepolje,Domači,Prihodi turistov,2018,
Dobrepolje,Domači,Prihodi turistov,2019,
Dobrepolje,Domači,Prihodi turistov,2020,
Dobrepolje,Domači,Prihodi turistov,2021,
Dobrepolje,Domači,Prihodi turistov,2022,
Dobrepolje,Domači,Prihodi turistov,2023,
Dobrepolje,Domači,Prihodi turistov,2024,
Dobrepolje,Domači,Prihodi turistov,2025,
Dobrepolje,Domači,Prenočitve turistov,2018,
Dobrepolje,Domači,Prenočitve turistov,2019,
Dobrepolje,Domači,Prenočitve turistov,2020,
Dobrepolje,Domači,Prenočitve turistov,2021,
Dobrepolje,Domači,Prenočitve turistov,2022,
Dobrepolje,Domači,Prenočitve turistov,2023,
Dobrepolje,Domači,Prenočitve turistov,2024,
Dobrepolje,Domači,Prenočitve turistov,2025,
Dobrepolje,Tuji,Prihodi turistov,2018,
Dobrepolje,Tuji,Prihodi turistov,2019,
Dobrepolje,Tuji,Prihodi turistov,2020,
Dobrepolje,Tuji,Prihodi turistov,2021,
Dobrepolje,Tuji,Prihodi turistov,2022,
Dobrepolje,Tuji,Prihodi turistov,2023,
Dobrepolje,Tuji,Prihodi turistov,2024,
Dobrepolje,Tuji,Prihodi turistov,2025,
Dobrepolje,Tuji,Prenočitve turistov,2018,
Dobrepolje,Tuji,Prenočitve turistov,2019,
Dobrepolje,Tuji,Prenočitve turistov,2020,
Dobrepolje,Tuji,Prenočitve turistov,2021,
Dobrepolje,Tuji,Prenočitve turistov,2022,
Dobrepolje,Tuji,Prenočitve turistov,2023,
Dobrepolje,Tuji,Prenočitve turistov,2024,
Dobrepolje,Tuji,Prenočitve turistov,2025,
Dobrna,Domači,Prihodi turistov,2018,17063
Dobrna,Domači,Prihodi turistov,2019,16290
Dobrna,Domači,Prihodi turistov,2020,
Dobrna,Domači,Prihodi turistov,2021,
Dobrna,Domači,Prihodi turistov,2022,14037
Dobrna,Domači,Prihodi turistov,2023,12638
Dobrna,Domači,Prihodi turistov,2024,13802
Dobrna,Domači,Prihodi turistov,2025,15098
Dobrna,Domači,Prenočitve turistov,2018,72965
Dobrna,Domači,Prenočitve turistov,2019,70072
Dobrna,Domači,Prenočitve turistov,2020,
Dobrna,Domači,Prenočitve turistov,2021,
Dobrna,Domači,Prenočitve turistov,2022,93106
Dobrna,Domači,Prenočitve turistov,2023,88556
Dobrna,Domači,Prenočitve turistov,2024,93685
Dobrna,Domači,Prenočitve turistov,2025,96552
Dobrna,Tuji,Prihodi turistov,2018,10003
Dobrna,Tuji,Prihodi turistov,2019,9170
Dobrna,Tuji,Prihodi turistov,2020,
Dobrna,Tuji,Prihodi turistov,2021,
Dobrna,Tuji,Prihodi turistov,2022,2960
Dobrna,Tuji,Prihodi turistov,2023,3908
Dobrna,Tuji,Prihodi turistov,2024,5178
Dobrna,Tuji,Prihodi turistov,2025,6088
Dobrna,Tuji,Prenočitve turistov,2018,36136
Dobrna,Tuji,Prenočitve turistov,2019,33446
Dobrna,Tuji,Prenočitve turistov,2020,
Dobrna,Tuji,Prenočitve turistov,2021,
Dobrna,Tuji,Prenočitve turistov,2022,12839
Dobrna,Tuji,Prenočitve turistov,2023,13717
Dobrna,Tuji,Prenočitve turistov,2024,15648
Dobrna,Tuji,Prenočitve turistov,2025,18834
Dobrova - Polhov Gradec,Domači,Prihodi turistov,2018,71
Dobrova - Polhov Gradec,Domači,Prihodi turistov,2019,73
Dobrova - Polhov Gradec,Domači,Prihodi turistov,2020,100
Dobrova - Polhov Gradec,Domači,Prihodi turistov,2021,220
Dobrova - Polhov Gradec,Domači,Prihodi turistov,2022,254
Dobrova - Polhov Gradec,Domači,Prihodi turistov,2023,63
Dobrova - Polhov Gradec,Domači,Prihodi turistov,2024,56
Dobrova - Polhov Gradec,Domači,Prihodi turistov,2025,70
Dobrova - Polhov Gradec,Domači,Prenočitve turistov,2018,114
Dobrova - Polhov Gradec,Domači,Prenočitve turistov,2019,128
Dobrova - Polhov Gradec,Domači,Prenočitve turistov,2020,238
Dobrova - Polhov Gradec,Domači,Prenočitve turistov,2021,909
Dobrova - Polhov Gradec,Domači,Prenočitve turistov,2022,1584
Dobrova - Polhov Gradec,Domači,Prenočitve turistov,2023,175
Dobrova - Polhov Gradec,Domači,Prenočitve turistov,2024,114
Dobrova - Polhov Gradec,Domači,Prenočitve turistov,2025,213
Dobrova - Polhov Gradec,Tuji,Prihodi turistov,2018,908
Dobrova - Polhov Gradec,Tuji,Prihodi turistov,2019,1317
Dobrova - Polhov Gradec,Tuji,Prihodi turistov,2020,378
Dobrova - Polhov Gradec,Tuji,Prihodi turistov,2021,690
Dobrova - Polhov Gradec,Tuji,Prihodi turistov,2022,1556
Dobrova - Polhov Gradec,Tuji,Prihodi turistov,2023,1707
Dobrova - Polhov Gradec,Tuji,Prihodi turistov,2024,1447
Dobrova - Polhov Gradec,Tuji,Prihodi turistov,2025,1928
Dobrova - Polhov Gradec,Tuji,Prenočitve turistov,2018,2333
Dobrova - Polhov Gradec,Tuji,Prenočitve turistov,2019,3362
Dobrova - Polhov Gradec,Tuji,Prenočitve turistov,2020,1304
Dobrova - Polhov Gradec,Tuji,Prenočitve turistov,2021,2121
Dobrova - Polhov Gradec,Tuji,Prenočitve turistov,2022,4850
Dobrova - Polhov Gradec,Tuji,Prenočitve turistov,2023,5381
Dobrova - Polhov Gradec,Tuji,Prenočitve turistov,2024,5377
Dobrova - Polhov Gradec,Tuji,Prenočitve turistov,2025,7125
Dobrovnik/Dobronak,Domači,Prihodi turistov,2018,137
Dobrovnik/Dobronak,Domači,Prihodi turistov,2019,78
Dobrovnik/Dobronak,Domači,Prihodi turistov,2020,252
Dobrovnik/Dobronak,Domači,Prihodi turistov,2021,414
Dobrovnik/Dobronak,Domači,Prihodi turistov,2022,258
Dobrovnik/Dobronak,Domači,Prihodi turistov,2023,128
Dobrovnik/Dobronak,Domači,Prihodi turistov,2024,161
Dobrovnik/Dobronak,Domači,Prihodi turistov,2025,131
Dobrovnik/Dobronak,Domači,Prenočitve turistov,2018,376
Dobrovnik/Dobronak,Domači,Prenočitve turistov,2019,251
Dobrovnik/Dobronak,Domači,Prenočitve turistov,2020,851
Dobrovnik/Dobronak,Domači,Prenočitve turistov,2021,1340
Dobrovnik/Dobronak,Domači,Prenočitve turistov,2022,704
Dobrovnik/Dobronak,Domači,Prenočitve turistov,2023,414
Dobrovnik/Dobronak,Domači,Prenočitve turistov,2024,377
Dobrovnik/Dobronak,Domači,Prenočitve turistov,2025,441
Dobrovnik/Dobronak,Tuji,Prihodi turistov,2018,274
Dobrovnik/Dobronak,Tuji,Prihodi turistov,2019,189
Dobrovnik/Dobronak,Tuji,Prihodi turistov,2020,31
Dobrovnik/Dobronak,Tuji,Prihodi turistov,2021,28
Dobrovnik/Dobronak,Tuji,Prihodi turistov,2022,145
Dobrovnik/Dobronak,Tuji,Prihodi turistov,2023,113
Dobrovnik/Dobronak,Tuji,Prihodi turistov,2024,192
Dobrovnik/Dobronak,Tuji,Prihodi turistov,2025,237
Dobrovnik/Dobronak,Tuji,Prenočitve turistov,2018,815
Dobrovnik/Dobronak,Tuji,Prenočitve turistov,2019,697
Dobrovnik/Dobronak,Tuji,Prenočitve turistov,2020,399
Dobrovnik/Dobronak,Tuji,Prenočitve turistov,2021,94
Dobrovnik/Dobronak,Tuji,Prenočitve turistov,2022,827
Dobrovnik/Dobronak,Tuji,Prenočitve turistov,2023,290
Dobrovnik/Dobronak,Tuji,Prenočitve turistov,2024,806
Dobrovnik/Dobronak,Tuji,Prenočitve turistov,2025,716
Dol pri Ljubljani,Domači,Prihodi turistov,2018,50
Dol pri Ljubljani,Domači,Prihodi turistov,2019,55
Dol pri Ljubljani,Domači,Prihodi turistov,2020,
Dol pri Ljubljani,Domači,Prihodi turistov,2021,226
Dol pri Ljubljani,Domači,Prihodi turistov,2022,183
Dol pri Ljubljani,Domači,Prihodi turistov,2023,
Dol pri Ljubljani,Domači,Prihodi turistov,2024,67
Dol pri Ljubljani,Domači,Prihodi turistov,2025,34
Dol pri Ljubljani,Domači,Prenočitve turistov,2018,154
Dol pri Ljubljani,Domači,Prenočitve turistov,2019,149
Dol pri Ljubljani,Domači,Prenočitve turistov,2020,
Dol pri Ljubljani,Domači,Prenočitve turistov,2021,579
Dol pri Ljubljani,Domači,Prenočitve turistov,2022,406
Dol pri Ljubljani,Domači,Prenočitve turistov,2023,
Dol pri Ljubljani,Domači,Prenočitve turistov,2024,139
Dol pri Ljubljani,Domači,Prenočitve turistov,2025,56
Dol pri Ljubljani,Tuji,Prihodi turistov,2018,1189
Dol pri Ljubljani,Tuji,Prihodi turistov,2019,1214
Dol pri Ljubljani,Tuji,Prihodi turistov,2020,
Dol pri Ljubljani,Tuji,Prihodi turistov,2021,432
Dol pri Ljubljani,Tuji,Prihodi turistov,2022,1380
Dol pri Ljubljani,Tuji,Prihodi turistov,2023,
Dol pri Ljubljani,Tuji,Prihodi turistov,2024,1807
Dol pri Ljubljani,Tuji,Prihodi turistov,2025,2315
Dol pri Ljubljani,Tuji,Prenočitve turistov,2018,3052
Dol pri Ljubljani,Tuji,Prenočitve turistov,2019,3628
Dol pri Ljubljani,Tuji,Prenočitve turistov,2020,
Dol pri Ljubljani,Tuji,Prenočitve turistov,2021,953
Dol pri Ljubljani,Tuji,Prenočitve turistov,2022,3662
Dol pri Ljubljani,Tuji,Prenočitve turistov,2023,
Dol pri Ljubljani,Tuji,Prenočitve turistov,2024,4242
Dol pri Ljubljani,Tuji,Prenočitve turistov,2025,5841
Dolenjske Toplice,Domači,Prihodi turistov,2018,16209
Dolenjske Toplice,Domači,Prihodi turistov,2019,15220
Dolenjske Toplice,Domači,Prihodi turistov,2020,15879
Dolenjske Toplice,Domači,Prihodi turistov,2021,20560
Dolenjske Toplice,Domači,Prihodi turistov,2022,17132
Dolenjske Toplice,Domači,Prihodi turistov,2023,15316
Dolenjske Toplice,Domači,Prihodi turistov,2024,16084
Dolenjske Toplice,Domači,Prihodi turistov,2025,15680
Dolenjske Toplice,Domači,Prenočitve turistov,2018,101397
Dolenjske Toplice,Domači,Prenočitve turistov,2019,97536
Dolenjske Toplice,Domači,Prenočitve turistov,2020,92542
Dolenjske Toplice,Domači,Prenočitve turistov,2021,106633
Dolenjske Toplice,Domači,Prenočitve turistov,2022,97792
Dolenjske Toplice,Domači,Prenočitve turistov,2023,95468
Dolenjske Toplice,Domači,Prenočitve turistov,2024,100587
Dolenjske Toplice,Domači,Prenočitve turistov,2025,99162
Dolenjske Toplice,Tuji,Prihodi turistov,2018,13527
Dolenjske Toplice,Tuji,Prihodi turistov,2019,14050
Dolenjske Toplice,Tuji,Prihodi turistov,2020,3055
Dolenjske Toplice,Tuji,Prihodi turistov,2021,3649
Dolenjske Toplice,Tuji,Prihodi turistov,2022,9031
Dolenjske Toplice,Tuji,Prihodi turistov,2023,10634
Dolenjske Toplice,Tuji,Prihodi turistov,2024,11091
Dolenjske Toplice,Tuji,Prihodi turistov,2025,11303
Dolenjske Toplice,Tuji,Prenočitve turistov,2018,37212
Dolenjske Toplice,Tuji,Prenočitve turistov,2019,36341
Dolenjske Toplice,Tuji,Prenočitve turistov,2020,7692
Dolenjske Toplice,Tuji,Prenočitve turistov,2021,10342
Dolenjske Toplice,Tuji,Prenočitve turistov,2022,22782
Dolenjske Toplice,Tuji,Prenočitve turistov,2023,26389
Dolenjske Toplice,Tuji,Prenočitve turistov,2024,28822
Dolenjske Toplice,Tuji,Prenočitve turistov,2025,30126
Domžale,Domači,Prihodi turistov,2018,1404
Domžale,Domači,Prihodi turistov,2019,1810
Domžale,Domači,Prihodi turistov,2020,1592
Domžale,Domači,Prihodi turistov,2021,2062
Domžale,Domači,Prihodi turistov,2022,2183
Domžale,Domači,Prihodi turistov,2023,1797
Domžale,Domači,Prihodi turistov,2024,1646
Domžale,Domači,Prihodi turistov,2025,1719
Domžale,Domači,Prenočitve turistov,2018,2810
Domžale,Domači,Prenočitve turistov,2019,3053
Domžale,Domači,Prenočitve turistov,2020,3856
Domžale,Domači,Prenočitve turistov,2021,7506
Domžale,Domači,Prenočitve turistov,2022,4155
Domžale,Domači,Prenočitve turistov,2023,3555
Domžale,Domači,Prenočitve turistov,2024,2771
Domžale,Domači,Prenočitve turistov,2025,2948
Domžale,Tuji,Prihodi turistov,2018,23421
Domžale,Tuji,Prihodi turistov,2019,32694
Domžale,Tuji,Prihodi turistov,2020,4783
Domžale,Tuji,Prihodi turistov,2021,7098
Domžale,Tuji,Prihodi turistov,2022,18727
Domžale,Tuji,Prihodi turistov,2023,24132
Domžale,Tuji,Prihodi turistov,2024,26489
Domžale,Tuji,Prihodi turistov,2025,27989
Domžale,Tuji,Prenočitve turistov,2018,38006
Domžale,Tuji,Prenočitve turistov,2019,52517
Domžale,Tuji,Prenočitve turistov,2020,15759
Domžale,Tuji,Prenočitve turistov,2021,21885
Domžale,Tuji,Prenočitve turistov,2022,36918
Domžale,Tuji,Prenočitve turistov,2023,44778
Domžale,Tuji,Prenočitve turistov,2024,46371
Domžale,Tuji,Prenočitve turistov,2025,49956
Dornava,Domači,Prihodi turistov,2018,
Dornava,Domači,Prihodi turistov,2019,
Dornava,Domači,Prihodi turistov,2020,
Dornava,Domači,Prihodi turistov,2021,
Dornava,Domači,Prihodi turistov,2022,
Dornava,Domači,Prihodi turistov,2023,
Dornava,Domači,Prihodi turistov,2024,
Dornava,Domači,Prihodi turistov,2025,
Dornava,Domači,Prenočitve turistov,2018,
Dornava,Domači,Prenočitve turistov,2019,
Dornava,Domači,Prenočitve turistov,2020,
Dornava,Domači,Prenočitve turistov,2021,
Dornava,Domači,Prenočitve turistov,2022,
Dornava,Domači,Prenočitve turistov,2023,
Dornava,Domači,Prenočitve turistov,2024,
Dornava,Domači,Prenočitve turistov,2025,
Dornava,Tuji,Prihodi turistov,2018,
Dornava,Tuji,Prihodi turistov,2019,
Dornava,Tuji,Prihodi turistov,2020,
Dornava,Tuji,Prihodi turistov,2021,
Dornava,Tuji,Prihodi turistov,2022,
Dornava,Tuji,Prihodi turistov,2023,
Dornava,Tuji,Prihodi turistov,2024,
Dornava,Tuji,Prihodi turistov,2025,
Dornava,Tuji,Prenočitve turistov,2018,
Dornava,Tuji,Prenočitve turistov,2019,
Dornava,Tuji,Prenočitve turistov,2020,
Dornava,Tuji,Prenočitve turistov,2021,
Dornava,Tuji,Prenočitve turistov,2022,
Dornava,Tuji,Prenočitve turistov,2023,
Dornava,Tuji,Prenočitve turistov,2024,
Dornava,Tuji,Prenočitve turistov,2025,
Dravograd,Domači,Prihodi turistov,2018,3584
Dravograd,Domači,Prihodi turistov,2019,3683
Dravograd,Domači,Prihodi turistov,2020,2467
Dravograd,Domači,Prihodi turistov,2021,2807
Dravograd,Domači,Prihodi turistov,2022,4079
Dravograd,Domači,Prihodi turistov,2023,3426
Dravograd,Domači,Prihodi turistov,2024,3970
Dravograd,Domači,Prihodi turistov,2025,4221
Dravograd,Domači,Prenočitve turistov,2018,8733
Dravograd,Domači,Prenočitve turistov,2019,8581
Dravograd,Domači,Prenočitve turistov,2020,6429
Dravograd,Domači,Prenočitve turistov,2021,7086
Dravograd,Domači,Prenočitve turistov,2022,9826
Dravograd,Domači,Prenočitve turistov,2023,8817
Dravograd,Domači,Prenočitve turistov,2024,9138
Dravograd,Domači,Prenočitve turistov,2025,9329
Dravograd,Tuji,Prihodi turistov,2018,4082
Dravograd,Tuji,Prihodi turistov,2019,3169
Dravograd,Tuji,Prihodi turistov,2020,978
Dravograd,Tuji,Prihodi turistov,2021,1458
Dravograd,Tuji,Prihodi turistov,2022,2701
Dravograd,Tuji,Prihodi turistov,2023,2556
Dravograd,Tuji,Prihodi turistov,2024,3023
Dravograd,Tuji,Prihodi turistov,2025,4328
Dravograd,Tuji,Prenočitve turistov,2018,8971
Dravograd,Tuji,Prenočitve turistov,2019,6571
Dravograd,Tuji,Prenočitve turistov,2020,1948
Dravograd,Tuji,Prenočitve turistov,2021,3455
Dravograd,Tuji,Prenočitve turistov,2022,5831
Dravograd,Tuji,Prenočitve turistov,2023,5417
Dravograd,Tuji,Prenočitve turistov,2024,6241
Dravograd,Tuji,Prenočitve turistov,2025,7936
Duplek,Domači,Prihodi turistov,2018,
Duplek,Domači,Prihodi turistov,2019,
Duplek,Domači,Prihodi turistov,2020,
Duplek,Domači,Prihodi turistov,2021,
Duplek,Domači,Prihodi turistov,2022,
Duplek,Domači,Prihodi turistov,2023,22
Duplek,Domači,Prihodi turistov,2024,45
Duplek,Domači,Prihodi turistov,2025,50
Duplek,Domači,Prenočitve turistov,2018,
Duplek,Domači,Prenočitve turistov,2019,
Duplek,Domači,Prenočitve turistov,2020,
Duplek,Domači,Prenočitve turistov,2021,
Duplek,Domači,Prenočitve turistov,2022,
Duplek,Domači,Prenočitve turistov,2023,41
Duplek,Domači,Prenočitve turistov,2024,95
Duplek,Domači,Prenočitve turistov,2025,107
Duplek,Tuji,Prihodi turistov,2018,
Duplek,Tuji,Prihodi turistov,2019,
Duplek,Tuji,Prihodi turistov,2020,
Duplek,Tuji,Prihodi turistov,2021,
Duplek,Tuji,Prihodi turistov,2022,
Duplek,Tuji,Prihodi turistov,2023,108
Duplek,Tuji,Prihodi turistov,2024,379
Duplek,Tuji,Prihodi turistov,2025,469
Duplek,Tuji,Prenočitve turistov,2018,
Duplek,Tuji,Prenočitve turistov,2019,
Duplek,Tuji,Prenočitve turistov,2020,
Duplek,Tuji,Prenočitve turistov,2021,
Duplek,Tuji,Prenočitve turistov,2022,
Duplek,Tuji,Prenočitve turistov,2023,240
Duplek,Tuji,Prenočitve turistov,2024,544
Duplek,Tuji,Prenočitve turistov,2025,724
Gorenja vas - Poljane,Domači,Prihodi turistov,2018,908
Gorenja vas - Poljane,Domači,Prihodi turistov,2019,935
Gorenja vas - Poljane,Domači,Prihodi turistov,2020,2241
Gorenja vas - Poljane,Domači,Prihodi turistov,2021,2777
Gorenja vas - Poljane,Domači,Prihodi turistov,2022,2923
Gorenja vas - Poljane,Domači,Prihodi turistov,2023,1695
Gorenja vas - Poljane,Domači,Prihodi turistov,2024,1489
Gorenja vas - Poljane,Domači,Prihodi turistov,2025,1285
Gorenja vas - Poljane,Domači,Prenočitve turistov,2018,2490
Gorenja vas - Poljane,Domači,Prenočitve turistov,2019,2483
Gorenja vas - Poljane,Domači,Prenočitve turistov,2020,6786
Gorenja vas - Poljane,Domači,Prenočitve turistov,2021,7481
Gorenja vas - Poljane,Domači,Prenočitve turistov,2022,6688
Gorenja vas - Poljane,Domači,Prenočitve turistov,2023,3775
Gorenja vas - Poljane,Domači,Prenočitve turistov,2024,2909
Gorenja vas - Poljane,Domači,Prenočitve turistov,2025,2806
Gorenja vas - Poljane,Tuji,Prihodi turistov,2018,3513
Gorenja vas - Poljane,Tuji,Prihodi turistov,2019,3607
Gorenja vas - Poljane,Tuji,Prihodi turistov,2020,1022
Gorenja vas - Poljane,Tuji,Prihodi turistov,2021,1619
Gorenja vas - Poljane,Tuji,Prihodi turistov,2022,3542
Gorenja vas - Poljane,Tuji,Prihodi turistov,2023,3291
Gorenja vas - Poljane,Tuji,Prihodi turistov,2024,3069
Gorenja vas - Poljane,Tuji,Prihodi turistov,2025,3616
Gorenja vas - Poljane,Tuji,Prenočitve turistov,2018,12038
Gorenja vas - Poljane,Tuji,Prenočitve turistov,2019,12469
Gorenja vas - Poljane,Tuji,Prenočitve turistov,2020,3770
Gorenja vas - Poljane,Tuji,Prenočitve turistov,2021,5945
Gorenja vas - Poljane,Tuji,Prenočitve turistov,2022,11852
Gorenja vas - Poljane,Tuji,Prenočitve turistov,2023,12111
Gorenja vas - Poljane,Tuji,Prenočitve turistov,2024,11982
Gorenja vas - Poljane,Tuji,Prenočitve turistov,2025,12794
Gorišnica,Domači,Prihodi turistov,2018,
Gorišnica,Domači,Prihodi turistov,2019,
Gorišnica,Domači,Prihodi turistov,2020,
Gorišnica,Domači,Prihodi turistov,2021,
Gorišnica,Domači,Prihodi turistov,2022,
Gorišnica,Domači,Prihodi turistov,2023,
Gorišnica,Domači,Prihodi turistov,2024,
Gorišnica,Domači,Prihodi turistov,2025,
Gorišnica,Domači,Prenočitve turistov,2018,
Gorišnica,Domači,Prenočitve turistov,2019,
Gorišnica,Domači,Prenočitve turistov,2020,
Gorišnica,Domači,Prenočitve turistov,2021,
Gorišnica,Domači,Prenočitve turistov,2022,
Gorišnica,Domači,Prenočitve turistov,2023,
Gorišnica,Domači,Prenočitve turistov,2024,
Gorišnica,Domači,Prenočitve turistov,2025,
Gorišnica,Tuji,Prihodi turistov,2018,
Gorišnica,Tuji,Prihodi turistov,2019,
Gorišnica,Tuji,Prihodi turistov,2020,
Gorišnica,Tuji,Prihodi turistov,2021,
Gorišnica,Tuji,Prihodi turistov,2022,
Gorišnica,Tuji,Prihodi turistov,2023,
Gorišnica,Tuji,Prihodi turistov,2024,
Gorišnica,Tuji,Prihodi turistov,2025,
Gorišnica,Tuji,Prenočitve turistov,2018,
Gorišnica,Tuji,Prenočitve turistov,2019,
Gorišnica,Tuji,Prenočitve turistov,2020,
Gorišnica,Tuji,Prenočitve turistov,2021,
Gorišnica,Tuji,Prenočitve turistov,2022,
Gorišnica,Tuji,Prenočitve turistov,2023,
Gorišnica,Tuji,Prenočitve turistov,2024,
Gorišnica,Tuji,Prenočitve turistov,2025,
Gorje,Domači,Prihodi turistov,2018,3272
Gorje,Domači,Prihodi turistov,2019,3041
Gorje,Domači,Prihodi turistov,2020,4100
Gorje,Domači,Prihodi turistov,2021,4258
Gorje,Domači,Prihodi turistov,2022,3009
Gorje,Domači,Prihodi turistov,2023,2350
Gorje,Domači,Prihodi turistov,2024,3031
Gorje,Domači,Prihodi turistov,2025,2317
Gorje,Domači,Prenočitve turistov,2018,9330
Gorje,Domači,Prenočitve turistov,2019,8940
Gorje,Domači,Prenočitve turistov,2020,12446
Gorje,Domači,Prenočitve turistov,2021,12913
Gorje,Domači,Prenočitve turistov,2022,9278
Gorje,Domači,Prenočitve turistov,2023,7784
Gorje,Domači,Prenočitve turistov,2024,9172
Gorje,Domači,Prenočitve turistov,2025,7424
Gorje,Tuji,Prihodi turistov,2018,9907
Gorje,Tuji,Prihodi turistov,2019,12571
Gorje,Tuji,Prihodi turistov,2020,3401
Gorje,Tuji,Prihodi turistov,2021,6466
Gorje,Tuji,Prihodi turistov,2022,12552
Gorje,Tuji,Prihodi turistov,2023,15629
Gorje,Tuji,Prihodi turistov,2024,17386
Gorje,Tuji,Prihodi turistov,2025,23812
Gorje,Tuji,Prenočitve turistov,2018,28047
Gorje,Tuji,Prenočitve turistov,2019,37053
Gorje,Tuji,Prenočitve turistov,2020,11966
Gorje,Tuji,Prenočitve turistov,2021,21213
Gorje,Tuji,Prenočitve turistov,2022,38955
Gorje,Tuji,Prenočitve turistov,2023,47824
Gorje,Tuji,Prenočitve turistov,2024,52989
Gorje,Tuji,Prenočitve turistov,2025,69794
Gornja Radgona,Domači,Prihodi turistov,2018,421
Gornja Radgona,Domači,Prihodi turistov,2019,529
Gornja Radgona,Domači,Prihodi turistov,2020,665
Gornja Radgona,Domači,Prihodi turistov,2021,675
Gornja Radgona,Domači,Prihodi turistov,2022,701
Gornja Radgona,Domači,Prihodi turistov,2023,521
Gornja Radgona,Domači,Prihodi turistov,2024,621
Gornja Radgona,Domači,Prihodi turistov,2025,665
Gornja Radgona,Domači,Prenočitve turistov,2018,850
Gornja Radgona,Domači,Prenočitve turistov,2019,1183
Gornja Radgona,Domači,Prenočitve turistov,2020,1984
Gornja Radgona,Domači,Prenočitve turistov,2021,1646
Gornja Radgona,Domači,Prenočitve turistov,2022,1634
Gornja Radgona,Domači,Prenočitve turistov,2023,1125
Gornja Radgona,Domači,Prenočitve turistov,2024,1327
Gornja Radgona,Domači,Prenočitve turistov,2025,1467
Gornja Radgona,Tuji,Prihodi turistov,2018,524
Gornja Radgona,Tuji,Prihodi turistov,2019,358
Gornja Radgona,Tuji,Prihodi turistov,2020,113
Gornja Radgona,Tuji,Prihodi turistov,2021,170
Gornja Radgona,Tuji,Prihodi turistov,2022,370
Gornja Radgona,Tuji,Prihodi turistov,2023,525
Gornja Radgona,Tuji,Prihodi turistov,2024,825
Gornja Radgona,Tuji,Prihodi turistov,2025,974
Gornja Radgona,Tuji,Prenočitve turistov,2018,1296
Gornja Radgona,Tuji,Prenočitve turistov,2019,1081
Gornja Radgona,Tuji,Prenočitve turistov,2020,392
Gornja Radgona,Tuji,Prenočitve turistov,2021,512
Gornja Radgona,Tuji,Prenočitve turistov,2022,1228
Gornja Radgona,Tuji,Prenočitve turistov,2023,1819
Gornja Radgona,Tuji,Prenočitve turistov,2024,2327
Gornja Radgona,Tuji,Prenočitve turistov,2025,2577
Gornji Grad,Domači,Prihodi turistov,2018,183
Gornji Grad,Domači,Prihodi turistov,2019,138
Gornji Grad,Domači,Prihodi turistov,2020,647
Gornji Grad,Domači,Prihodi turistov,2021,624
Gornji Grad,Domači,Prihodi turistov,2022,
Gornji Grad,Domači,Prihodi turistov,2023,192
Gornji Grad,Domači,Prihodi turistov,2024,141
Gornji Grad,Domači,Prihodi turistov,2025,180
Gornji Grad,Domači,Prenočitve turistov,2018,364
Gornji Grad,Domači,Prenočitve turistov,2019,295
Gornji Grad,Domači,Prenočitve turistov,2020,1609
Gornji Grad,Domači,Prenočitve turistov,2021,1616
Gornji Grad,Domači,Prenočitve turistov,2022,
Gornji Grad,Domači,Prenočitve turistov,2023,467
Gornji Grad,Domači,Prenočitve turistov,2024,279
Gornji Grad,Domači,Prenočitve turistov,2025,373
Gornji Grad,Tuji,Prihodi turistov,2018,863
Gornji Grad,Tuji,Prihodi turistov,2019,627
Gornji Grad,Tuji,Prihodi turistov,2020,194
Gornji Grad,Tuji,Prihodi turistov,2021,387
Gornji Grad,Tuji,Prihodi turistov,2022,
Gornji Grad,Tuji,Prihodi turistov,2023,583
Gornji Grad,Tuji,Prihodi turistov,2024,759
Gornji Grad,Tuji,Prihodi turistov,2025,900
Gornji Grad,Tuji,Prenočitve turistov,2018,2530
Gornji Grad,Tuji,Prenočitve turistov,2019,2270
Gornji Grad,Tuji,Prenočitve turistov,2020,547
Gornji Grad,Tuji,Prenočitve turistov,2021,1256
Gornji Grad,Tuji,Prenočitve turistov,2022,
Gornji Grad,Tuji,Prenočitve turistov,2023,1783
Gornji Grad,Tuji,Prenočitve turistov,2024,1943
Gornji Grad,Tuji,Prenočitve turistov,2025,2173
Gornji Petrovci,Domači,Prihodi turistov,2018,52
Gornji Petrovci,Domači,Prihodi turistov,2019,47
Gornji Petrovci,Domači,Prihodi turistov,2020,641
Gornji Petrovci,Domači,Prihodi turistov,2021,1015
Gornji Petrovci,Domači,Prihodi turistov,2022,1010
Gornji Petrovci,Domači,Prihodi turistov,2023,706
Gornji Petrovci,Domači,Prihodi turistov,2024,773
Gornji Petrovci,Domači,Prihodi turistov,2025,768
Gornji Petrovci,Domači,Prenočitve turistov,2018,100
Gornji Petrovci,Domači,Prenočitve turistov,2019,143
Gornji Petrovci,Domači,Prenočitve turistov,2020,2038
Gornji Petrovci,Domači,Prenočitve turistov,2021,2575
Gornji Petrovci,Domači,Prenočitve turistov,2022,2196
Gornji Petrovci,Domači,Prenočitve turistov,2023,1473
Gornji Petrovci,Domači,Prenočitve turistov,2024,1334
Gornji Petrovci,Domači,Prenočitve turistov,2025,1295
Gornji Petrovci,Tuji,Prihodi turistov,2018,74
Gornji Petrovci,Tuji,Prihodi turistov,2019,65
Gornji Petrovci,Tuji,Prihodi turistov,2020,35
Gornji Petrovci,Tuji,Prihodi turistov,2021,57
Gornji Petrovci,Tuji,Prihodi turistov,2022,397
Gornji Petrovci,Tuji,Prihodi turistov,2023,394
Gornji Petrovci,Tuji,Prihodi turistov,2024,420
Gornji Petrovci,Tuji,Prihodi turistov,2025,443
Gornji Petrovci,Tuji,Prenočitve turistov,2018,257
Gornji Petrovci,Tuji,Prenočitve turistov,2019,233
Gornji Petrovci,Tuji,Prenočitve turistov,2020,134
Gornji Petrovci,Tuji,Prenočitve turistov,2021,170
Gornji Petrovci,Tuji,Prenočitve turistov,2022,1100
Gornji Petrovci,Tuji,Prenočitve turistov,2023,1020
Gornji Petrovci,Tuji,Prenočitve turistov,2024,1118
Gornji Petrovci,Tuji,Prenočitve turistov,2025,1082
Grad,Domači,Prihodi turistov,2018,
Grad,Domači,Prihodi turistov,2019,257
Grad,Domači,Prihodi turistov,2020,718
Grad,Domači,Prihodi turistov,2021,805
Grad,Domači,Prihodi turistov,2022,364
Grad,Domači,Prihodi turistov,2023,331
Grad,Domači,Prihodi turistov,2024,423
Grad,Domači,Prihodi turistov,2025,
Grad,Domači,Prenočitve turistov,2018,
Grad,Domači,Prenočitve turistov,2019,492
Grad,Domači,Prenočitve turistov,2020,1749
Grad,Domači,Prenočitve turistov,2021,1841
Grad,Domači,Prenočitve turistov,2022,670
Grad,Domači,Prenočitve turistov,2023,611
Grad,Domači,Prenočitve turistov,2024,774
Grad,Domači,Prenočitve turistov,2025,
Grad,Tuji,Prihodi turistov,2018,
Grad,Tuji,Prihodi turistov,2019,182
Grad,Tuji,Prihodi turistov,2020,94
Grad,Tuji,Prihodi turistov,2021,65
Grad,Tuji,Prihodi turistov,2022,96
Grad,Tuji,Prihodi turistov,2023,106
Grad,Tuji,Prihodi turistov,2024,110
Grad,Tuji,Prihodi turistov,2025,
Grad,Tuji,Prenočitve turistov,2018,
Grad,Tuji,Prenočitve turistov,2019,322
Grad,Tuji,Prenočitve turistov,2020,185
Grad,Tuji,Prenočitve turistov,2021,111
Grad,Tuji,Prenočitve turistov,2022,133
Grad,Tuji,Prenočitve turistov,2023,198
Grad,Tuji,Prenočitve turistov,2024,190
Grad,Tuji,Prenočitve turistov,2025,
Grosuplje,Domači,Prihodi turistov,2018,796
Grosuplje,Domači,Prihodi turistov,2019,842
Grosuplje,Domači,Prihodi turistov,2020,
Grosuplje,Domači,Prihodi turistov,2021,659
Grosuplje,Domači,Prihodi turistov,2022,1308
Grosuplje,Domači,Prihodi turistov,2023,1083
Grosuplje,Domači,Prihodi turistov,2024,1279
Grosuplje,Domači,Prihodi turistov,2025,1089
Grosuplje,Domači,Prenočitve turistov,2018,1269
Grosuplje,Domači,Prenočitve turistov,2019,1221
Grosuplje,Domači,Prenočitve turistov,2020,
Grosuplje,Domači,Prenočitve turistov,2021,1131
Grosuplje,Domači,Prenočitve turistov,2022,1982
Grosuplje,Domači,Prenočitve turistov,2023,1452
Grosuplje,Domači,Prenočitve turistov,2024,1966
Grosuplje,Domači,Prenočitve turistov,2025,1855
Grosuplje,Tuji,Prihodi turistov,2018,14683
Grosuplje,Tuji,Prihodi turistov,2019,14643
Grosuplje,Tuji,Prihodi turistov,2020,
Grosuplje,Tuji,Prihodi turistov,2021,7663
Grosuplje,Tuji,Prihodi turistov,2022,13115
Grosuplje,Tuji,Prihodi turistov,2023,14866
Grosuplje,Tuji,Prihodi turistov,2024,15131
Grosuplje,Tuji,Prihodi turistov,2025,15593
Grosuplje,Tuji,Prenočitve turistov,2018,18076
Grosuplje,Tuji,Prenočitve turistov,2019,18939
Grosuplje,Tuji,Prenočitve turistov,2020,
Grosuplje,Tuji,Prenočitve turistov,2021,9589
Grosuplje,Tuji,Prenočitve turistov,2022,18337
Grosuplje,Tuji,Prenočitve turistov,2023,19650
Grosuplje,Tuji,Prenočitve turistov,2024,20857
Grosuplje,Tuji,Prenočitve turistov,2025,23708
Hajdina,Domači,Prihodi turistov,2018,451
Hajdina,Domači,Prihodi turistov,2019,515
Hajdina,Domači,Prihodi turistov,2020,1635
Hajdina,Domači,Prihodi turistov,2021,2434
Hajdina,Domači,Prihodi turistov,2022,1203
Hajdina,Domači,Prihodi turistov,2023,511
Hajdina,Domači,Prihodi turistov,2024,622
Hajdina,Domači,Prihodi turistov,2025,709
Hajdina,Domači,Prenočitve turistov,2018,928
Hajdina,Domači,Prenočitve turistov,2019,1458
Hajdina,Domači,Prenočitve turistov,2020,3665
Hajdina,Domači,Prenočitve turistov,2021,5176
Hajdina,Domači,Prenočitve turistov,2022,2393
Hajdina,Domači,Prenočitve turistov,2023,1270
Hajdina,Domači,Prenočitve turistov,2024,1016
Hajdina,Domači,Prenočitve turistov,2025,1242
Hajdina,Tuji,Prihodi turistov,2018,5493
Hajdina,Tuji,Prihodi turistov,2019,5707
Hajdina,Tuji,Prihodi turistov,2020,1550
Hajdina,Tuji,Prihodi turistov,2021,3568
Hajdina,Tuji,Prihodi turistov,2022,6128
Hajdina,Tuji,Prihodi turistov,2023,6174
Hajdina,Tuji,Prihodi turistov,2024,5851
Hajdina,Tuji,Prihodi turistov,2025,8933
Hajdina,Tuji,Prenočitve turistov,2018,9106
Hajdina,Tuji,Prenočitve turistov,2019,13096
Hajdina,Tuji,Prenočitve turistov,2020,4762
Hajdina,Tuji,Prenočitve turistov,2021,12010
Hajdina,Tuji,Prenočitve turistov,2022,13720
Hajdina,Tuji,Prenočitve turistov,2023,9233
Hajdina,Tuji,Prenočitve turistov,2024,8745
Hajdina,Tuji,Prenočitve turistov,2025,12434
Hoče - Slivnica,Domači,Prihodi turistov,2018,11745
Hoče - Slivnica,Domači,Prihodi turistov,2019,11331
Hoče - Slivnica,Domači,Prihodi turistov,2020,7469
Hoče - Slivnica,Domači,Prihodi turistov,2021,13318
Hoče - Slivnica,Domači,Prihodi turistov,2022,14298
Hoče - Slivnica,Domači,Prihodi turistov,2023,11699
Hoče - Slivnica,Domači,Prihodi turistov,2024,11549
Hoče - Slivnica,Domači,Prihodi turistov,2025,13073
Hoče - Slivnica,Domači,Prenočitve turistov,2018,33520
Hoče - Slivnica,Domači,Prenočitve turistov,2019,33040
Hoče - Slivnica,Domači,Prenočitve turistov,2020,25241
Hoče - Slivnica,Domači,Prenočitve turistov,2021,35250
Hoče - Slivnica,Domači,Prenočitve turistov,2022,38927
Hoče - Slivnica,Domači,Prenočitve turistov,2023,32412
Hoče - Slivnica,Domači,Prenočitve turistov,2024,30650
Hoče - Slivnica,Domači,Prenočitve turistov,2025,32205
Hoče - Slivnica,Tuji,Prihodi turistov,2018,16707
Hoče - Slivnica,Tuji,Prihodi turistov,2019,7942
Hoče - Slivnica,Tuji,Prihodi turistov,2020,3249
Hoče - Slivnica,Tuji,Prihodi turistov,2021,3148
Hoče - Slivnica,Tuji,Prihodi turistov,2022,11506
Hoče - Slivnica,Tuji,Prihodi turistov,2023,13709
Hoče - Slivnica,Tuji,Prihodi turistov,2024,11672
Hoče - Slivnica,Tuji,Prihodi turistov,2025,15703
Hoče - Slivnica,Tuji,Prenočitve turistov,2018,51851
Hoče - Slivnica,Tuji,Prenočitve turistov,2019,23618
Hoče - Slivnica,Tuji,Prenočitve turistov,2020,10692
Hoče - Slivnica,Tuji,Prenočitve turistov,2021,9563
Hoče - Slivnica,Tuji,Prenočitve turistov,2022,31381
Hoče - Slivnica,Tuji,Prenočitve turistov,2023,39978
Hoče - Slivnica,Tuji,Prenočitve turistov,2024,29892
Hoče - Slivnica,Tuji,Prenočitve turistov,2025,38679
Hodoš/Hodos,Domači,Prihodi turistov,2018,
Hodoš/Hodos,Domači,Prihodi turistov,2019,
Hodoš/Hodos,Domači,Prihodi turistov,2020,
Hodoš/Hodos,Domači,Prihodi turistov,2021,
Hodoš/Hodos,Domači,Prihodi turistov,2022,
Hodoš/Hodos,Domači,Prihodi turistov,2023,
Hodoš/Hodos,Domači,Prihodi turistov,2024,
Hodoš/Hodos,Domači,Prihodi turistov,2025,
Hodoš/Hodos,Domači,Prenočitve turistov,2018,
Hodoš/Hodos,Domači,Prenočitve turistov,2019,
Hodoš/Hodos,Domači,Prenočitve turistov,2020,
Hodoš/Hodos,Domači,Prenočitve turistov,2021,
Hodoš/Hodos,Domači,Prenočitve turistov,2022,
Hodoš/Hodos,Domači,Prenočitve turistov,2023,
Hodoš/Hodos,Domači,Prenočitve turistov,2024,
Hodoš/Hodos,Domači,Prenočitve turistov,2025,
Hodoš/Hodos,Tuji,Prihodi turistov,2018,
Hodoš/Hodos,Tuji,Prihodi turistov,2019,
Hodoš/Hodos,Tuji,Prihodi turistov,2020,
Hodoš/Hodos,Tuji,Prihodi turistov,2021,
Hodoš/Hodos,Tuji,Prihodi turistov,2022,
Hodoš/Hodos,Tuji,Prihodi turistov,2023,
Hodoš/Hodos,Tuji,Prihodi turistov,2024,
Hodoš/Hodos,Tuji,Prihodi turistov,2025,
Hodoš/Hodos,Tuji,Prenočitve turistov,2018,
Hodoš/Hodos,Tuji,Prenočitve turistov,2019,
Hodoš/Hodos,Tuji,Prenočitve turistov,2020,
Hodoš/Hodos,Tuji,Prenočitve turistov,2021,
Hodoš/Hodos,Tuji,Prenočitve turistov,2022,
Hodoš/Hodos,Tuji,Prenočitve turistov,2023,
Hodoš/Hodos,Tuji,Prenočitve turistov,2024,
Hodoš/Hodos,Tuji,Prenočitve turistov,2025,
Horjul,Domači,Prihodi turistov,2018,
Horjul,Domači,Prihodi turistov,2019,
Horjul,Domači,Prihodi turistov,2020,
Horjul,Domači,Prihodi turistov,2021,
Horjul,Domači,Prihodi turistov,2022,
Horjul,Domači,Prihodi turistov,2023,
Horjul,Domači,Prihodi turistov,2024,
Horjul,Domači,Prihodi turistov,2025,
Horjul,Domači,Prenočitve turistov,2018,
Horjul,Domači,Prenočitve turistov,2019,
Horjul,Domači,Prenočitve turistov,2020,
Horjul,Domači,Prenočitve turistov,2021,
Horjul,Domači,Prenočitve turistov,2022,
Horjul,Domači,Prenočitve turistov,2023,
Horjul,Domači,Prenočitve turistov,2024,
Horjul,Domači,Prenočitve turistov,2025,
Horjul,Tuji,Prihodi turistov,2018,
Horjul,Tuji,Prihodi turistov,2019,
Horjul,Tuji,Prihodi turistov,2020,
Horjul,Tuji,Prihodi turistov,2021,
Horjul,Tuji,Prihodi turistov,2022,
Horjul,Tuji,Prihodi turistov,2023,
Horjul,Tuji,Prihodi turistov,2024,
Horjul,Tuji,Prihodi turistov,2025,
Horjul,Tuji,Prenočitve turistov,2018,
Horjul,Tuji,Prenočitve turistov,2019,
Horjul,Tuji,Prenočitve turistov,2020,
Horjul,Tuji,Prenočitve turistov,2021,
Horjul,Tuji,Prenočitve turistov,2022,
Horjul,Tuji,Prenočitve turistov,2023,
Horjul,Tuji,Prenočitve turistov,2024,
Horjul,Tuji,Prenočitve turistov,2025,
Hrastnik,Domači,Prihodi turistov,2018,161
Hrastnik,Domači,Prihodi turistov,2019,182
Hrastnik,Domači,Prihodi turistov,2020,223
Hrastnik,Domači,Prihodi turistov,2021,370
Hrastnik,Domači,Prihodi turistov,2022,572
Hrastnik,Domači,Prihodi turistov,2023,347
Hrastnik,Domači,Prihodi turistov,2024,241
Hrastnik,Domači,Prihodi turistov,2025,236
Hrastnik,Domači,Prenočitve turistov,2018,271
Hrastnik,Domači,Prenočitve turistov,2019,285
Hrastnik,Domači,Prenočitve turistov,2020,631
Hrastnik,Domači,Prenočitve turistov,2021,1256
Hrastnik,Domači,Prenočitve turistov,2022,1642
Hrastnik,Domači,Prenočitve turistov,2023,737
Hrastnik,Domači,Prenočitve turistov,2024,687
Hrastnik,Domači,Prenočitve turistov,2025,436
Hrastnik,Tuji,Prihodi turistov,2018,329
Hrastnik,Tuji,Prihodi turistov,2019,178
Hrastnik,Tuji,Prihodi turistov,2020,47
Hrastnik,Tuji,Prihodi turistov,2021,89
Hrastnik,Tuji,Prihodi turistov,2022,207
Hrastnik,Tuji,Prihodi turistov,2023,200
Hrastnik,Tuji,Prihodi turistov,2024,324
Hrastnik,Tuji,Prihodi turistov,2025,168
Hrastnik,Tuji,Prenočitve turistov,2018,909
Hrastnik,Tuji,Prenočitve turistov,2019,291
Hrastnik,Tuji,Prenočitve turistov,2020,141
Hrastnik,Tuji,Prenočitve turistov,2021,321
Hrastnik,Tuji,Prenočitve turistov,2022,723
Hrastnik,Tuji,Prenočitve turistov,2023,1117
Hrastnik,Tuji,Prenočitve turistov,2024,2005
Hrastnik,Tuji,Prenočitve turistov,2025,519
Hrpelje - Kozina,Domači,Prihodi turistov,2018,1674
Hrpelje - Kozina,Domači,Prihodi turistov,2019,2024
Hrpelje - Kozina,Domači,Prihodi turistov,2020,4130
Hrpelje - Kozina,Domači,Prihodi turistov,2021,3902
Hrpelje - Kozina,Domači,Prihodi turistov,2022,3368
Hrpelje - Kozina,Domači,Prihodi turistov,2023,2269
Hrpelje - Kozina,Domači,Prihodi turistov,2024,2339
Hrpelje - Kozina,Domači,Prihodi turistov,2025,2408
Hrpelje - Kozina,Domači,Prenočitve turistov,2018,2724
Hrpelje - Kozina,Domači,Prenočitve turistov,2019,3420
Hrpelje - Kozina,Domači,Prenočitve turistov,2020,9029
Hrpelje - Kozina,Domači,Prenočitve turistov,2021,8299
Hrpelje - Kozina,Domači,Prenočitve turistov,2022,5253
Hrpelje - Kozina,Domači,Prenočitve turistov,2023,3374
Hrpelje - Kozina,Domači,Prenočitve turistov,2024,3639
Hrpelje - Kozina,Domači,Prenočitve turistov,2025,3453
Hrpelje - Kozina,Tuji,Prihodi turistov,2018,22601
Hrpelje - Kozina,Tuji,Prihodi turistov,2019,24362
Hrpelje - Kozina,Tuji,Prihodi turistov,2020,6170
Hrpelje - Kozina,Tuji,Prihodi turistov,2021,7727
Hrpelje - Kozina,Tuji,Prihodi turistov,2022,16181
Hrpelje - Kozina,Tuji,Prihodi turistov,2023,18657
Hrpelje - Kozina,Tuji,Prihodi turistov,2024,18121
Hrpelje - Kozina,Tuji,Prihodi turistov,2025,18135
Hrpelje - Kozina,Tuji,Prenočitve turistov,2018,32889
Hrpelje - Kozina,Tuji,Prenočitve turistov,2019,35524
Hrpelje - Kozina,Tuji,Prenočitve turistov,2020,13291
Hrpelje - Kozina,Tuji,Prenočitve turistov,2021,13987
Hrpelje - Kozina,Tuji,Prenočitve turistov,2022,28129
Hrpelje - Kozina,Tuji,Prenočitve turistov,2023,27510
Hrpelje - Kozina,Tuji,Prenočitve turistov,2024,28467
Hrpelje - Kozina,Tuji,Prenočitve turistov,2025,27445
Idrija,Domači,Prihodi turistov,2018,3765
Idrija,Domači,Prihodi turistov,2019,3682
Idrija,Domači,Prihodi turistov,2020,3330
Idrija,Domači,Prihodi turistov,2021,3479
Idrija,Domači,Prihodi turistov,2022,4646
Idrija,Domači,Prihodi turistov,2023,3999
Idrija,Domači,Prihodi turistov,2024,4044
Idrija,Domači,Prihodi turistov,2025,4242
Idrija,Domači,Prenočitve turistov,2018,10042
Idrija,Domači,Prenočitve turistov,2019,9156
Idrija,Domači,Prenočitve turistov,2020,7636
Idrija,Domači,Prenočitve turistov,2021,7830
Idrija,Domači,Prenočitve turistov,2022,10811
Idrija,Domači,Prenočitve turistov,2023,9391
Idrija,Domači,Prenočitve turistov,2024,9533
Idrija,Domači,Prenočitve turistov,2025,9502
Idrija,Tuji,Prihodi turistov,2018,5864
Idrija,Tuji,Prihodi turistov,2019,6280
Idrija,Tuji,Prihodi turistov,2020,1353
Idrija,Tuji,Prihodi turistov,2021,2811
Idrija,Tuji,Prihodi turistov,2022,5762
Idrija,Tuji,Prihodi turistov,2023,6068
Idrija,Tuji,Prihodi turistov,2024,6699
Idrija,Tuji,Prihodi turistov,2025,8064
Idrija,Tuji,Prenočitve turistov,2018,13815
Idrija,Tuji,Prenočitve turistov,2019,12992
Idrija,Tuji,Prenočitve turistov,2020,2960
Idrija,Tuji,Prenočitve turistov,2021,6901
Idrija,Tuji,Prenočitve turistov,2022,13324
Idrija,Tuji,Prenočitve turistov,2023,14273
Idrija,Tuji,Prenočitve turistov,2024,15581
Idrija,Tuji,Prenočitve turistov,2025,18811
Ig,Domači,Prihodi turistov,2018,215
Ig,Domači,Prihodi turistov,2019,220
Ig,Domači,Prihodi turistov,2020,174
Ig,Domači,Prihodi turistov,2021,353
Ig,Domači,Prihodi turistov,2022,309
Ig,Domači,Prihodi turistov,2023,234
Ig,Domači,Prihodi turistov,2024,124
Ig,Domači,Prihodi turistov,2025,175
Ig,Domači,Prenočitve turistov,2018,450
Ig,Domači,Prenočitve turistov,2019,391
Ig,Domači,Prenočitve turistov,2020,479
Ig,Domači,Prenočitve turistov,2021,682
Ig,Domači,Prenočitve turistov,2022,644
Ig,Domači,Prenočitve turistov,2023,416
Ig,Domači,Prenočitve turistov,2024,251
Ig,Domači,Prenočitve turistov,2025,289
Ig,Tuji,Prihodi turistov,2018,1401
Ig,Tuji,Prihodi turistov,2019,1114
Ig,Tuji,Prihodi turistov,2020,184
Ig,Tuji,Prihodi turistov,2021,464
Ig,Tuji,Prihodi turistov,2022,1646
Ig,Tuji,Prihodi turistov,2023,1974
Ig,Tuji,Prihodi turistov,2024,2155
Ig,Tuji,Prihodi turistov,2025,2296
Ig,Tuji,Prenočitve turistov,2018,3067
Ig,Tuji,Prenočitve turistov,2019,2614
Ig,Tuji,Prenočitve turistov,2020,485
Ig,Tuji,Prenočitve turistov,2021,1034
Ig,Tuji,Prenočitve turistov,2022,3355
Ig,Tuji,Prenočitve turistov,2023,4265
Ig,Tuji,Prenočitve turistov,2024,5484
Ig,Tuji,Prenočitve turistov,2025,6187
Ilirska Bistrica,Domači,Prihodi turistov,2018,1486
Ilirska Bistrica,Domači,Prihodi turistov,2019,1420
Ilirska Bistrica,Domači,Prihodi turistov,2020,1885
Ilirska Bistrica,Domači,Prihodi turistov,2021,2186
Ilirska Bistrica,Domači,Prihodi turistov,2022,2405
Ilirska Bistrica,Domači,Prihodi turistov,2023,1530
Ilirska Bistrica,Domači,Prihodi turistov,2024,1402
Ilirska Bistrica,Domači,Prihodi turistov,2025,1455
Ilirska Bistrica,Domači,Prenočitve turistov,2018,2909
Ilirska Bistrica,Domači,Prenočitve turistov,2019,2839
Ilirska Bistrica,Domači,Prenočitve turistov,2020,4299
Ilirska Bistrica,Domači,Prenočitve turistov,2021,5882
Ilirska Bistrica,Domači,Prenočitve turistov,2022,6228
Ilirska Bistrica,Domači,Prenočitve turistov,2023,2952
Ilirska Bistrica,Domači,Prenočitve turistov,2024,2591
Ilirska Bistrica,Domači,Prenočitve turistov,2025,3011
Ilirska Bistrica,Tuji,Prihodi turistov,2018,5198
Ilirska Bistrica,Tuji,Prihodi turistov,2019,6326
Ilirska Bistrica,Tuji,Prihodi turistov,2020,2642
Ilirska Bistrica,Tuji,Prihodi turistov,2021,4294
Ilirska Bistrica,Tuji,Prihodi turistov,2022,7155
Ilirska Bistrica,Tuji,Prihodi turistov,2023,7388
Ilirska Bistrica,Tuji,Prihodi turistov,2024,6878
Ilirska Bistrica,Tuji,Prihodi turistov,2025,7729
Ilirska Bistrica,Tuji,Prenočitve turistov,2018,15234
Ilirska Bistrica,Tuji,Prenočitve turistov,2019,11897
Ilirska Bistrica,Tuji,Prenočitve turistov,2020,4944
Ilirska Bistrica,Tuji,Prenočitve turistov,2021,7664
Ilirska Bistrica,Tuji,Prenočitve turistov,2022,12992
Ilirska Bistrica,Tuji,Prenočitve turistov,2023,13579
Ilirska Bistrica,Tuji,Prenočitve turistov,2024,11684
Ilirska Bistrica,Tuji,Prenočitve turistov,2025,14415
Ivančna Gorica,Domači,Prihodi turistov,2018,467
Ivančna Gorica,Domači,Prihodi turistov,2019,342
Ivančna Gorica,Domači,Prihodi turistov,2020,
Ivančna Gorica,Domači,Prihodi turistov,2021,1557
Ivančna Gorica,Domači,Prihodi turistov,2022,1208
Ivančna Gorica,Domači,Prihodi turistov,2023,563
Ivančna Gorica,Domači,Prihodi turistov,2024,542
Ivančna Gorica,Domači,Prihodi turistov,2025,683
Ivančna Gorica,Domači,Prenočitve turistov,2018,1245
Ivančna Gorica,Domači,Prenočitve turistov,2019,653
Ivančna Gorica,Domači,Prenočitve turistov,2020,
Ivančna Gorica,Domači,Prenočitve turistov,2021,3932
Ivančna Gorica,Domači,Prenočitve turistov,2022,2603
Ivančna Gorica,Domači,Prenočitve turistov,2023,919
Ivančna Gorica,Domači,Prenočitve turistov,2024,925
Ivančna Gorica,Domači,Prenočitve turistov,2025,1257
Ivančna Gorica,Tuji,Prihodi turistov,2018,2046
Ivančna Gorica,Tuji,Prihodi turistov,2019,1969
Ivančna Gorica,Tuji,Prihodi turistov,2020,
Ivančna Gorica,Tuji,Prihodi turistov,2021,904
Ivančna Gorica,Tuji,Prihodi turistov,2022,2660
Ivančna Gorica,Tuji,Prihodi turistov,2023,2656
Ivančna Gorica,Tuji,Prihodi turistov,2024,3751
Ivančna Gorica,Tuji,Prihodi turistov,2025,3810
Ivančna Gorica,Tuji,Prenočitve turistov,2018,5985
Ivančna Gorica,Tuji,Prenočitve turistov,2019,5730
Ivančna Gorica,Tuji,Prenočitve turistov,2020,
Ivančna Gorica,Tuji,Prenočitve turistov,2021,2608
Ivančna Gorica,Tuji,Prenočitve turistov,2022,6873
Ivančna Gorica,Tuji,Prenočitve turistov,2023,8228
Ivančna Gorica,Tuji,Prenočitve turistov,2024,10622
Ivančna Gorica,Tuji,Prenočitve turistov,2025,10717
Izola/Isola,Domači,Prihodi turistov,2018,71363
Izola/Isola,Domači,Prihodi turistov,2019,71306
Izola/Isola,Domači,Prihodi turistov,2020,78723
Izola/Isola,Domači,Prihodi turistov,2021,97596
Izola/Isola,Domači,Prihodi turistov,2022,90755
Izola/Isola,Domači,Prihodi turistov,2023,72630
Izola/Isola,Domači,Prihodi turistov,2024,72896
Izola/Isola,Domači,Prihodi turistov,2025,73767
Izola/Isola,Domači,Prenočitve turistov,2018,300002
Izola/Isola,Domači,Prenočitve turistov,2019,293843
Izola/Isola,Domači,Prenočitve turistov,2020,336728
Izola/Isola,Domači,Prenočitve turistov,2021,392283
Izola/Isola,Domači,Prenočitve turistov,2022,348758
Izola/Isola,Domači,Prenočitve turistov,2023,296778
Izola/Isola,Domači,Prenočitve turistov,2024,293179
Izola/Isola,Domači,Prenočitve turistov,2025,293729
Izola/Isola,Tuji,Prihodi turistov,2018,69327
Izola/Isola,Tuji,Prihodi turistov,2019,76867
Izola/Isola,Tuji,Prihodi turistov,2020,24525
Izola/Isola,Tuji,Prihodi turistov,2021,30650
Izola/Isola,Tuji,Prihodi turistov,2022,68511
Izola/Isola,Tuji,Prihodi turistov,2023,79643
Izola/Isola,Tuji,Prihodi turistov,2024,85579
Izola/Isola,Tuji,Prihodi turistov,2025,91266
Izola/Isola,Tuji,Prenočitve turistov,2018,222288
Izola/Isola,Tuji,Prenočitve turistov,2019,235226
Izola/Isola,Tuji,Prenočitve turistov,2020,75390
Izola/Isola,Tuji,Prenočitve turistov,2021,95505
Izola/Isola,Tuji,Prenočitve turistov,2022,217691
Izola/Isola,Tuji,Prenočitve turistov,2023,259858
Izola/Isola,Tuji,Prenočitve turistov,2024,273064
Izola/Isola,Tuji,Prenočitve turistov,2025,286251
Jesenice,Domači,Prihodi turistov,2018,3297
Jesenice,Domači,Prihodi turistov,2019,3547
Jesenice,Domači,Prihodi turistov,2020,2501
Jesenice,Domači,Prihodi turistov,2021,3417
Jesenice,Domači,Prihodi turistov,2022,3649
Jesenice,Domači,Prihodi turistov,2023,3031
Jesenice,Domači,Prihodi turistov,2024,3139
Jesenice,Domači,Prihodi turistov,2025,2860
Jesenice,Domači,Prenočitve turistov,2018,8850
Jesenice,Domači,Prenočitve turistov,2019,9361
Jesenice,Domači,Prenočitve turistov,2020,6951
Jesenice,Domači,Prenočitve turistov,2021,9782
Jesenice,Domači,Prenočitve turistov,2022,10059
Jesenice,Domači,Prenočitve turistov,2023,8617
Jesenice,Domači,Prenočitve turistov,2024,8516
Jesenice,Domači,Prenočitve turistov,2025,7927
Jesenice,Tuji,Prihodi turistov,2018,18357
Jesenice,Tuji,Prihodi turistov,2019,17044
Jesenice,Tuji,Prihodi turistov,2020,3439
Jesenice,Tuji,Prihodi turistov,2021,8303
Jesenice,Tuji,Prihodi turistov,2022,13733
Jesenice,Tuji,Prihodi turistov,2023,14654
Jesenice,Tuji,Prihodi turistov,2024,16967
Jesenice,Tuji,Prihodi turistov,2025,16690
Jesenice,Tuji,Prenočitve turistov,2018,30773
Jesenice,Tuji,Prenočitve turistov,2019,29762
Jesenice,Tuji,Prenočitve turistov,2020,7265
Jesenice,Tuji,Prenočitve turistov,2021,14981
Jesenice,Tuji,Prenočitve turistov,2022,24825
Jesenice,Tuji,Prenočitve turistov,2023,26923
Jesenice,Tuji,Prenočitve turistov,2024,31139
Jesenice,Tuji,Prenočitve turistov,2025,32676
Jezersko,Domači,Prihodi turistov,2018,2539
Jezersko,Domači,Prihodi turistov,2019,2723
Jezersko,Domači,Prihodi turistov,2020,6718
Jezersko,Domači,Prihodi turistov,2021,6050
Jezersko,Domači,Prihodi turistov,2022,4141
Jezersko,Domači,Prihodi turistov,2023,2712
Jezersko,Domači,Prihodi turistov,2024,2525
Jezersko,Domači,Prihodi turistov,2025,2403
Jezersko,Domači,Prenočitve turistov,2018,6541
Jezersko,Domači,Prenočitve turistov,2019,5291
Jezersko,Domači,Prenočitve turistov,2020,15074
Jezersko,Domači,Prenočitve turistov,2021,13853
Jezersko,Domači,Prenočitve turistov,2022,9293
Jezersko,Domači,Prenočitve turistov,2023,6253
Jezersko,Domači,Prenočitve turistov,2024,5492
Jezersko,Domači,Prenočitve turistov,2025,5193
Jezersko,Tuji,Prihodi turistov,2018,4417
Jezersko,Tuji,Prihodi turistov,2019,5337
Jezersko,Tuji,Prihodi turistov,2020,2528
Jezersko,Tuji,Prihodi turistov,2021,4116
Jezersko,Tuji,Prihodi turistov,2022,7236
Jezersko,Tuji,Prihodi turistov,2023,8048
Jezersko,Tuji,Prihodi turistov,2024,9724
Jezersko,Tuji,Prihodi turistov,2025,10479
Jezersko,Tuji,Prenočitve turistov,2018,14859
Jezersko,Tuji,Prenočitve turistov,2019,16224
Jezersko,Tuji,Prenočitve turistov,2020,8449
Jezersko,Tuji,Prenočitve turistov,2021,11441
Jezersko,Tuji,Prenočitve turistov,2022,20800
Jezersko,Tuji,Prenočitve turistov,2023,23375
Jezersko,Tuji,Prenočitve turistov,2024,26512
Jezersko,Tuji,Prenočitve turistov,2025,28501
Juršinci,Domači,Prihodi turistov,2018,
Juršinci,Domači,Prihodi turistov,2019,
Juršinci,Domači,Prihodi turistov,2020,
Juršinci,Domači,Prihodi turistov,2021,
Juršinci,Domači,Prihodi turistov,2022,
Juršinci,Domači,Prihodi turistov,2023,
Juršinci,Domači,Prihodi turistov,2024,
Juršinci,Domači,Prihodi turistov,2025,57
Juršinci,Domači,Prenočitve turistov,2018,
Juršinci,Domači,Prenočitve turistov,2019,
Juršinci,Domači,Prenočitve turistov,2020,
Juršinci,Domači,Prenočitve turistov,2021,
Juršinci,Domači,Prenočitve turistov,2022,
Juršinci,Domači,Prenočitve turistov,2023,
Juršinci,Domači,Prenočitve turistov,2024,
Juršinci,Domači,Prenočitve turistov,2025,80
Juršinci,Tuji,Prihodi turistov,2018,
Juršinci,Tuji,Prihodi turistov,2019,
Juršinci,Tuji,Prihodi turistov,2020,
Juršinci,Tuji,Prihodi turistov,2021,
Juršinci,Tuji,Prihodi turistov,2022,
Juršinci,Tuji,Prihodi turistov,2023,
Juršinci,Tuji,Prihodi turistov,2024,
Juršinci,Tuji,Prihodi turistov,2025,34
Juršinci,Tuji,Prenočitve turistov,2018,
Juršinci,Tuji,Prenočitve turistov,2019,
Juršinci,Tuji,Prenočitve turistov,2020,
Juršinci,Tuji,Prenočitve turistov,2021,
Juršinci,Tuji,Prenočitve turistov,2022,
Juršinci,Tuji,Prenočitve turistov,2023,
Juršinci,Tuji,Prenočitve turistov,2024,
Juršinci,Tuji,Prenočitve turistov,2025,57
Kamnik,Domači,Prihodi turistov,2018,13274
Kamnik,Domači,Prihodi turistov,2019,12858
Kamnik,Domači,Prihodi turistov,2020,20589
Kamnik,Domači,Prihodi turistov,2021,25073
Kamnik,Domači,Prihodi turistov,2022,16962
Kamnik,Domači,Prihodi turistov,2023,8635
Kamnik,Domači,Prihodi turistov,2024,9942
Kamnik,Domači,Prihodi turistov,2025,9768
Kamnik,Domači,Prenočitve turistov,2018,26854
Kamnik,Domači,Prenočitve turistov,2019,25867
Kamnik,Domači,Prenočitve turistov,2020,52099
Kamnik,Domači,Prenočitve turistov,2021,57790
Kamnik,Domači,Prenočitve turistov,2022,34192
Kamnik,Domači,Prenočitve turistov,2023,20807
Kamnik,Domači,Prenočitve turistov,2024,19974
Kamnik,Domači,Prenočitve turistov,2025,18608
Kamnik,Tuji,Prihodi turistov,2018,24278
Kamnik,Tuji,Prihodi turistov,2019,28538
Kamnik,Tuji,Prihodi turistov,2020,6076
Kamnik,Tuji,Prihodi turistov,2021,9947
Kamnik,Tuji,Prihodi turistov,2022,19835
Kamnik,Tuji,Prihodi turistov,2023,21916
Kamnik,Tuji,Prihodi turistov,2024,27391
Kamnik,Tuji,Prihodi turistov,2025,33319
Kamnik,Tuji,Prenočitve turistov,2018,74025
Kamnik,Tuji,Prenočitve turistov,2019,74695
Kamnik,Tuji,Prenočitve turistov,2020,15967
Kamnik,Tuji,Prenočitve turistov,2021,23071
Kamnik,Tuji,Prenočitve turistov,2022,55284
Kamnik,Tuji,Prenočitve turistov,2023,55107
Kamnik,Tuji,Prenočitve turistov,2024,68875
Kamnik,Tuji,Prenočitve turistov,2025,77550
Kanal,Domači,Prihodi turistov,2018,351
Kanal,Domači,Prihodi turistov,2019,543
Kanal,Domači,Prihodi turistov,2020,982
Kanal,Domači,Prihodi turistov,2021,867
Kanal,Domači,Prihodi turistov,2022,768
Kanal,Domači,Prihodi turistov,2023,601
Kanal,Domači,Prihodi turistov,2024,614
Kanal,Domači,Prihodi turistov,2025,634
Kanal,Domači,Prenočitve turistov,2018,1085
Kanal,Domači,Prenočitve turistov,2019,1241
Kanal,Domači,Prenočitve turistov,2020,2629
Kanal,Domači,Prenočitve turistov,2021,2522
Kanal,Domači,Prenočitve turistov,2022,1688
Kanal,Domači,Prenočitve turistov,2023,1121
Kanal,Domači,Prenočitve turistov,2024,1263
Kanal,Domači,Prenočitve turistov,2025,1004
Kanal,Tuji,Prihodi turistov,2018,2143
Kanal,Tuji,Prihodi turistov,2019,2977
Kanal,Tuji,Prihodi turistov,2020,1409
Kanal,Tuji,Prihodi turistov,2021,2250
Kanal,Tuji,Prihodi turistov,2022,3933
Kanal,Tuji,Prihodi turistov,2023,4173
Kanal,Tuji,Prihodi turistov,2024,5415
Kanal,Tuji,Prihodi turistov,2025,5911
Kanal,Tuji,Prenočitve turistov,2018,6724
Kanal,Tuji,Prenočitve turistov,2019,6956
Kanal,Tuji,Prenočitve turistov,2020,3577
Kanal,Tuji,Prenočitve turistov,2021,5595
Kanal,Tuji,Prenočitve turistov,2022,7928
Kanal,Tuji,Prenočitve turistov,2023,9261
Kanal,Tuji,Prenočitve turistov,2024,11994
Kanal,Tuji,Prenočitve turistov,2025,12710
Kidričevo,Domači,Prihodi turistov,2018,
Kidričevo,Domači,Prihodi turistov,2019,
Kidričevo,Domači,Prihodi turistov,2020,292
Kidričevo,Domači,Prihodi turistov,2021,396
Kidričevo,Domači,Prihodi turistov,2022,
Kidričevo,Domači,Prihodi turistov,2023,
Kidričevo,Domači,Prihodi turistov,2024,
Kidričevo,Domači,Prihodi turistov,2025,
Kidričevo,Domači,Prenočitve turistov,2018,
Kidričevo,Domači,Prenočitve turistov,2019,
Kidričevo,Domači,Prenočitve turistov,2020,775
Kidričevo,Domači,Prenočitve turistov,2021,1086
Kidričevo,Domači,Prenočitve turistov,2022,
Kidričevo,Domači,Prenočitve turistov,2023,
Kidričevo,Domači,Prenočitve turistov,2024,
Kidričevo,Domači,Prenočitve turistov,2025,
Kidričevo,Tuji,Prihodi turistov,2018,
Kidričevo,Tuji,Prihodi turistov,2019,
Kidričevo,Tuji,Prihodi turistov,2020,109
Kidričevo,Tuji,Prihodi turistov,2021,241
Kidričevo,Tuji,Prihodi turistov,2022,
Kidričevo,Tuji,Prihodi turistov,2023,
Kidričevo,Tuji,Prihodi turistov,2024,
Kidričevo,Tuji,Prihodi turistov,2025,
Kidričevo,Tuji,Prenočitve turistov,2018,
Kidričevo,Tuji,Prenočitve turistov,2019,
Kidričevo,Tuji,Prenočitve turistov,2020,314
Kidričevo,Tuji,Prenočitve turistov,2021,756
Kidričevo,Tuji,Prenočitve turistov,2022,
Kidričevo,Tuji,Prenočitve turistov,2023,
Kidričevo,Tuji,Prenočitve turistov,2024,
Kidričevo,Tuji,Prenočitve turistov,2025,
Kobarid,Domači,Prihodi turistov,2018,15357
Kobarid,Domači,Prihodi turistov,2019,17192
Kobarid,Domači,Prihodi turistov,2020,32815
Kobarid,Domači,Prihodi turistov,2021,25830
Kobarid,Domači,Prihodi turistov,2022,19223
Kobarid,Domači,Prihodi turistov,2023,13844
Kobarid,Domači,Prihodi turistov,2024,14568
Kobarid,Domači,Prihodi turistov,2025,13488
Kobarid,Domači,Prenočitve turistov,2018,42087
Kobarid,Domači,Prenočitve turistov,2019,43363
Kobarid,Domači,Prenočitve turistov,2020,91468
Kobarid,Domači,Prenočitve turistov,2021,69226
Kobarid,Domači,Prenočitve turistov,2022,48345
Kobarid,Domači,Prenočitve turistov,2023,33063
Kobarid,Domači,Prenočitve turistov,2024,36394
Kobarid,Domači,Prenočitve turistov,2025,33619
Kobarid,Tuji,Prihodi turistov,2018,52341
Kobarid,Tuji,Prihodi turistov,2019,62723
Kobarid,Tuji,Prihodi turistov,2020,24698
Kobarid,Tuji,Prihodi turistov,2021,38284
Kobarid,Tuji,Prihodi turistov,2022,64668
Kobarid,Tuji,Prihodi turistov,2023,73098
Kobarid,Tuji,Prihodi turistov,2024,75241
Kobarid,Tuji,Prihodi turistov,2025,77412
Kobarid,Tuji,Prenočitve turistov,2018,144099
Kobarid,Tuji,Prenočitve turistov,2019,158934
Kobarid,Tuji,Prenočitve turistov,2020,66543
Kobarid,Tuji,Prenočitve turistov,2021,99083
Kobarid,Tuji,Prenočitve turistov,2022,163196
Kobarid,Tuji,Prenočitve turistov,2023,182617
Kobarid,Tuji,Prenočitve turistov,2024,187639
Kobarid,Tuji,Prenočitve turistov,2025,191107
Kobilje,Domači,Prihodi turistov,2018,
Kobilje,Domači,Prihodi turistov,2019,
Kobilje,Domači,Prihodi turistov,2020,
Kobilje,Domači,Prihodi turistov,2021,
Kobilje,Domači,Prihodi turistov,2022,
Kobilje,Domači,Prihodi turistov,2023,51
Kobilje,Domači,Prihodi turistov,2024,39
Kobilje,Domači,Prihodi turistov,2025,8
Kobilje,Domači,Prenočitve turistov,2018,
Kobilje,Domači,Prenočitve turistov,2019,
Kobilje,Domači,Prenočitve turistov,2020,
Kobilje,Domači,Prenočitve turistov,2021,
Kobilje,Domači,Prenočitve turistov,2022,
Kobilje,Domači,Prenočitve turistov,2023,77
Kobilje,Domači,Prenočitve turistov,2024,101
Kobilje,Domači,Prenočitve turistov,2025,17
Kobilje,Tuji,Prihodi turistov,2018,
Kobilje,Tuji,Prihodi turistov,2019,
Kobilje,Tuji,Prihodi turistov,2020,
Kobilje,Tuji,Prihodi turistov,2021,
Kobilje,Tuji,Prihodi turistov,2022,
Kobilje,Tuji,Prihodi turistov,2023,111
Kobilje,Tuji,Prihodi turistov,2024,91
Kobilje,Tuji,Prihodi turistov,2025,69
Kobilje,Tuji,Prenočitve turistov,2018,
Kobilje,Tuji,Prenočitve turistov,2019,
Kobilje,Tuji,Prenočitve turistov,2020,
Kobilje,Tuji,Prenočitve turistov,2021,
Kobilje,Tuji,Prenočitve turistov,2022,
Kobilje,Tuji,Prenočitve turistov,2023,139
Kobilje,Tuji,Prenočitve turistov,2024,176
Kobilje,Tuji,Prenočitve turistov,2025,236
Kočevje,Domači,Prihodi turistov,2018,7968
Kočevje,Domači,Prihodi turistov,2019,7121
Kočevje,Domači,Prihodi turistov,2020,7551
Kočevje,Domači,Prihodi turistov,2021,8331
Kočevje,Domači,Prihodi turistov,2022,9084
Kočevje,Domači,Prihodi turistov,2023,7174
Kočevje,Domači,Prihodi turistov,2024,7623
Kočevje,Domači,Prihodi turistov,2025,7416
Kočevje,Domači,Prenočitve turistov,2018,21952
Kočevje,Domači,Prenočitve turistov,2019,17240
Kočevje,Domači,Prenočitve turistov,2020,18769
Kočevje,Domači,Prenočitve turistov,2021,21396
Kočevje,Domači,Prenočitve turistov,2022,21869
Kočevje,Domači,Prenočitve turistov,2023,18082
Kočevje,Domači,Prenočitve turistov,2024,20074
Kočevje,Domači,Prenočitve turistov,2025,20950
Kočevje,Tuji,Prihodi turistov,2018,3085
Kočevje,Tuji,Prihodi turistov,2019,4004
Kočevje,Tuji,Prihodi turistov,2020,1411
Kočevje,Tuji,Prihodi turistov,2021,2581
Kočevje,Tuji,Prihodi turistov,2022,4453
Kočevje,Tuji,Prihodi turistov,2023,4251
Kočevje,Tuji,Prihodi turistov,2024,4622
Kočevje,Tuji,Prihodi turistov,2025,4977
Kočevje,Tuji,Prenočitve turistov,2018,6955
Kočevje,Tuji,Prenočitve turistov,2019,7699
Kočevje,Tuji,Prenočitve turistov,2020,2949
Kočevje,Tuji,Prenočitve turistov,2021,6247
Kočevje,Tuji,Prenočitve turistov,2022,9826
Kočevje,Tuji,Prenočitve turistov,2023,11298
Kočevje,Tuji,Prenočitve turistov,2024,10168
Kočevje,Tuji,Prenočitve turistov,2025,11108
Komen,Domači,Prihodi turistov,2018,1502
Komen,Domači,Prihodi turistov,2019,1842
Komen,Domači,Prihodi turistov,2020,
Komen,Domači,Prihodi turistov,2021,5596
Komen,Domači,Prihodi turistov,2022,3504
Komen,Domači,Prihodi turistov,2023,2621
Komen,Domači,Prihodi turistov,2024,2522
Komen,Domači,Prihodi turistov,2025,2597
Komen,Domači,Prenočitve turistov,2018,2673
Komen,Domači,Prenočitve turistov,2019,3068
Komen,Domači,Prenočitve turistov,2020,
Komen,Domači,Prenočitve turistov,2021,11557
Komen,Domači,Prenočitve turistov,2022,6153
Komen,Domači,Prenočitve turistov,2023,4146
Komen,Domači,Prenočitve turistov,2024,3804
Komen,Domači,Prenočitve turistov,2025,4046
Komen,Tuji,Prihodi turistov,2018,3285
Komen,Tuji,Prihodi turistov,2019,3378
Komen,Tuji,Prihodi turistov,2020,
Komen,Tuji,Prihodi turistov,2021,1608
Komen,Tuji,Prihodi turistov,2022,3795
Komen,Tuji,Prihodi turistov,2023,4783
Komen,Tuji,Prihodi turistov,2024,5238
Komen,Tuji,Prihodi turistov,2025,5570
Komen,Tuji,Prenočitve turistov,2018,8295
Komen,Tuji,Prenočitve turistov,2019,7983
Komen,Tuji,Prenočitve turistov,2020,
Komen,Tuji,Prenočitve turistov,2021,4180
Komen,Tuji,Prenočitve turistov,2022,10581
Komen,Tuji,Prenočitve turistov,2023,11980
Komen,Tuji,Prenočitve turistov,2024,12403
Komen,Tuji,Prenočitve turistov,2025,13023
Komenda,Domači,Prihodi turistov,2018,165
Komenda,Domači,Prihodi turistov,2019,
Komenda,Domači,Prihodi turistov,2020,163
Komenda,Domači,Prihodi turistov,2021,352
Komenda,Domači,Prihodi turistov,2022,121
Komenda,Domači,Prihodi turistov,2023,
Komenda,Domači,Prihodi turistov,2024,84
Komenda,Domači,Prihodi turistov,2025,109
Komenda,Domači,Prenočitve turistov,2018,360
Komenda,Domači,Prenočitve turistov,2019,
Komenda,Domači,Prenočitve turistov,2020,471
Komenda,Domači,Prenočitve turistov,2021,970
Komenda,Domači,Prenočitve turistov,2022,367
Komenda,Domači,Prenočitve turistov,2023,
Komenda,Domači,Prenočitve turistov,2024,151
Komenda,Domači,Prenočitve turistov,2025,197
Komenda,Tuji,Prihodi turistov,2018,792
Komenda,Tuji,Prihodi turistov,2019,
Komenda,Tuji,Prihodi turistov,2020,243
Komenda,Tuji,Prihodi turistov,2021,249
Komenda,Tuji,Prihodi turistov,2022,721
Komenda,Tuji,Prihodi turistov,2023,
Komenda,Tuji,Prihodi turistov,2024,1121
Komenda,Tuji,Prihodi turistov,2025,2035
Komenda,Tuji,Prenočitve turistov,2018,2452
Komenda,Tuji,Prenočitve turistov,2019,
Komenda,Tuji,Prenočitve turistov,2020,880
Komenda,Tuji,Prenočitve turistov,2021,801
Komenda,Tuji,Prenočitve turistov,2022,2239
Komenda,Tuji,Prenočitve turistov,2023,
Komenda,Tuji,Prenočitve turistov,2024,2937
Komenda,Tuji,Prenočitve turistov,2025,4703
Koper/Capodistria,Domači,Prihodi turistov,2018,34506
Koper/Capodistria,Domači,Prihodi turistov,2019,32849
Koper/Capodistria,Domači,Prihodi turistov,2020,
Koper/Capodistria,Domači,Prihodi turistov,2021,75165
Koper/Capodistria,Domači,Prihodi turistov,2022,54012
Koper/Capodistria,Domači,Prihodi turistov,2023,37111
Koper/Capodistria,Domači,Prihodi turistov,2024,34968
Koper/Capodistria,Domači,Prihodi turistov,2025,30496
Koper/Capodistria,Domači,Prenočitve turistov,2018,88438
Koper/Capodistria,Domači,Prenočitve turistov,2019,83837
Koper/Capodistria,Domači,Prenočitve turistov,2020,
Koper/Capodistria,Domači,Prenočitve turistov,2021,220946
Koper/Capodistria,Domači,Prenočitve turistov,2022,137190
Koper/Capodistria,Domači,Prenočitve turistov,2023,98556
Koper/Capodistria,Domači,Prenočitve turistov,2024,86559
Koper/Capodistria,Domači,Prenočitve turistov,2025,69128
Koper/Capodistria,Tuji,Prihodi turistov,2018,66283
Koper/Capodistria,Tuji,Prihodi turistov,2019,70937
Koper/Capodistria,Tuji,Prihodi turistov,2020,
Koper/Capodistria,Tuji,Prihodi turistov,2021,33916
Koper/Capodistria,Tuji,Prihodi turistov,2022,71157
Koper/Capodistria,Tuji,Prihodi turistov,2023,86104
Koper/Capodistria,Tuji,Prihodi turistov,2024,93954
Koper/Capodistria,Tuji,Prihodi turistov,2025,99107
Koper/Capodistria,Tuji,Prenočitve turistov,2018,194779
Koper/Capodistria,Tuji,Prenočitve turistov,2019,209785
Koper/Capodistria,Tuji,Prenočitve turistov,2020,
Koper/Capodistria,Tuji,Prenočitve turistov,2021,108912
Koper/Capodistria,Tuji,Prenočitve turistov,2022,219774
Koper/Capodistria,Tuji,Prenočitve turistov,2023,261572
Koper/Capodistria,Tuji,Prenočitve turistov,2024,284289
Koper/Capodistria,Tuji,Prenočitve turistov,2025,294799
Kostanjevica na Krki,Domači,Prihodi turistov,2018,607
Kostanjevica na Krki,Domači,Prihodi turistov,2019,447
Kostanjevica na Krki,Domači,Prihodi turistov,2020,1342
Kostanjevica na Krki,Domači,Prihodi turistov,2021,1509
Kostanjevica na Krki,Domači,Prihodi turistov,2022,1119
Kostanjevica na Krki,Domači,Prihodi turistov,2023,849
Kostanjevica na Krki,Domači,Prihodi turistov,2024,890
Kostanjevica na Krki,Domači,Prihodi turistov,2025,972
Kostanjevica na Krki,Domači,Prenočitve turistov,2018,1032
Kostanjevica na Krki,Domači,Prenočitve turistov,2019,682
Kostanjevica na Krki,Domači,Prenočitve turistov,2020,2745
Kostanjevica na Krki,Domači,Prenočitve turistov,2021,3176
Kostanjevica na Krki,Domači,Prenočitve turistov,2022,2019
Kostanjevica na Krki,Domači,Prenočitve turistov,2023,1337
Kostanjevica na Krki,Domači,Prenočitve turistov,2024,1472
Kostanjevica na Krki,Domači,Prenočitve turistov,2025,1413
Kostanjevica na Krki,Tuji,Prihodi turistov,2018,1321
Kostanjevica na Krki,Tuji,Prihodi turistov,2019,830
Kostanjevica na Krki,Tuji,Prihodi turistov,2020,181
Kostanjevica na Krki,Tuji,Prihodi turistov,2021,385
Kostanjevica na Krki,Tuji,Prihodi turistov,2022,778
Kostanjevica na Krki,Tuji,Prihodi turistov,2023,884
Kostanjevica na Krki,Tuji,Prihodi turistov,2024,965
Kostanjevica na Krki,Tuji,Prihodi turistov,2025,1048
Kostanjevica na Krki,Tuji,Prenočitve turistov,2018,2519
Kostanjevica na Krki,Tuji,Prenočitve turistov,2019,1481
Kostanjevica na Krki,Tuji,Prenočitve turistov,2020,390
Kostanjevica na Krki,Tuji,Prenočitve turistov,2021,811
Kostanjevica na Krki,Tuji,Prenočitve turistov,2022,1492
Kostanjevica na Krki,Tuji,Prenočitve turistov,2023,1795
Kostanjevica na Krki,Tuji,Prenočitve turistov,2024,2049
Kostanjevica na Krki,Tuji,Prenočitve turistov,2025,2148
Kostel,Domači,Prihodi turistov,2018,3934
Kostel,Domači,Prihodi turistov,2019,3943
Kostel,Domači,Prihodi turistov,2020,
Kostel,Domači,Prihodi turistov,2021,2946
Kostel,Domači,Prihodi turistov,2022,3986
Kostel,Domači,Prihodi turistov,2023,3258
Kostel,Domači,Prihodi turistov,2024,3676
Kostel,Domači,Prihodi turistov,2025,3545
Kostel,Domači,Prenočitve turistov,2018,9829
Kostel,Domači,Prenočitve turistov,2019,9976
Kostel,Domači,Prenočitve turistov,2020,
Kostel,Domači,Prenočitve turistov,2021,7461
Kostel,Domači,Prenočitve turistov,2022,10919
Kostel,Domači,Prenočitve turistov,2023,8942
Kostel,Domači,Prenočitve turistov,2024,9638
Kostel,Domači,Prenočitve turistov,2025,9130
Kostel,Tuji,Prihodi turistov,2018,664
Kostel,Tuji,Prihodi turistov,2019,709
Kostel,Tuji,Prihodi turistov,2020,
Kostel,Tuji,Prihodi turistov,2021,338
Kostel,Tuji,Prihodi turistov,2022,431
Kostel,Tuji,Prihodi turistov,2023,713
Kostel,Tuji,Prihodi turistov,2024,830
Kostel,Tuji,Prihodi turistov,2025,721
Kostel,Tuji,Prenočitve turistov,2018,1969
Kostel,Tuji,Prenočitve turistov,2019,1880
Kostel,Tuji,Prenočitve turistov,2020,
Kostel,Tuji,Prenočitve turistov,2021,915
Kostel,Tuji,Prenočitve turistov,2022,1299
Kostel,Tuji,Prenočitve turistov,2023,2059
Kostel,Tuji,Prenočitve turistov,2024,2664
Kostel,Tuji,Prenočitve turistov,2025,2240
Kozje,Domači,Prihodi turistov,2018,178
Kozje,Domači,Prihodi turistov,2019,
Kozje,Domači,Prihodi turistov,2020,1310
Kozje,Domači,Prihodi turistov,2021,2750
Kozje,Domači,Prihodi turistov,2022,1801
Kozje,Domači,Prihodi turistov,2023,1745
Kozje,Domači,Prihodi turistov,2024,1602
Kozje,Domači,Prihodi turistov,2025,1948
Kozje,Domači,Prenočitve turistov,2018,696
Kozje,Domači,Prenočitve turistov,2019,
Kozje,Domači,Prenočitve turistov,2020,2948
Kozje,Domači,Prenočitve turistov,2021,6012
Kozje,Domači,Prenočitve turistov,2022,3640
Kozje,Domači,Prenočitve turistov,2023,3687
Kozje,Domači,Prenočitve turistov,2024,2809
Kozje,Domači,Prenočitve turistov,2025,3889
Kozje,Tuji,Prihodi turistov,2018,50
Kozje,Tuji,Prihodi turistov,2019,
Kozje,Tuji,Prihodi turistov,2020,197
Kozje,Tuji,Prihodi turistov,2021,291
Kozje,Tuji,Prihodi turistov,2022,1044
Kozje,Tuji,Prihodi turistov,2023,1808
Kozje,Tuji,Prihodi turistov,2024,3109
Kozje,Tuji,Prihodi turistov,2025,2969
Kozje,Tuji,Prenočitve turistov,2018,226
Kozje,Tuji,Prenočitve turistov,2019,
Kozje,Tuji,Prenočitve turistov,2020,597
Kozje,Tuji,Prenočitve turistov,2021,630
Kozje,Tuji,Prenočitve turistov,2022,2126
Kozje,Tuji,Prenočitve turistov,2023,3727
Kozje,Tuji,Prenočitve turistov,2024,5539
Kozje,Tuji,Prenočitve turistov,2025,5699
Kranj,Domači,Prihodi turistov,2018,5213
Kranj,Domači,Prihodi turistov,2019,4928
Kranj,Domači,Prihodi turistov,2020,3636
Kranj,Domači,Prihodi turistov,2021,5457
Kranj,Domači,Prihodi turistov,2022,6063
Kranj,Domači,Prihodi turistov,2023,5343
Kranj,Domači,Prihodi turistov,2024,5279
Kranj,Domači,Prihodi turistov,2025,6260
Kranj,Domači,Prenočitve turistov,2018,9031
Kranj,Domači,Prenočitve turistov,2019,7584
Kranj,Domači,Prenočitve turistov,2020,7759
Kranj,Domači,Prenočitve turistov,2021,11629
Kranj,Domači,Prenočitve turistov,2022,10349
Kranj,Domači,Prenočitve turistov,2023,9359
Kranj,Domači,Prenočitve turistov,2024,9289
Kranj,Domači,Prenočitve turistov,2025,11863
Kranj,Tuji,Prihodi turistov,2018,63585
Kranj,Tuji,Prihodi turistov,2019,66010
Kranj,Tuji,Prihodi turistov,2020,11662
Kranj,Tuji,Prihodi turistov,2021,16898
Kranj,Tuji,Prihodi turistov,2022,39833
Kranj,Tuji,Prihodi turistov,2023,57335
Kranj,Tuji,Prihodi turistov,2024,60826
Kranj,Tuji,Prihodi turistov,2025,62514
Kranj,Tuji,Prenočitve turistov,2018,119479
Kranj,Tuji,Prenočitve turistov,2019,113783
Kranj,Tuji,Prenočitve turistov,2020,31340
Kranj,Tuji,Prenočitve turistov,2021,40791
Kranj,Tuji,Prenočitve turistov,2022,95773
Kranj,Tuji,Prenočitve turistov,2023,110784
Kranj,Tuji,Prenočitve turistov,2024,123714
Kranj,Tuji,Prenočitve turistov,2025,127700
Kranjska Gora,Domači,Prihodi turistov,2018,93539
Kranjska Gora,Domači,Prihodi turistov,2019,95362
Kranjska Gora,Domači,Prihodi turistov,2020,134108
Kranjska Gora,Domači,Prihodi turistov,2021,142711
Kranjska Gora,Domači,Prihodi turistov,2022,130389
Kranjska Gora,Domači,Prihodi turistov,2023,103014
Kranjska Gora,Domači,Prihodi turistov,2024,92379
Kranjska Gora,Domači,Prihodi turistov,2025,91972
Kranjska Gora,Domači,Prenočitve turistov,2018,255183
Kranjska Gora,Domači,Prenočitve turistov,2019,259522
Kranjska Gora,Domači,Prenočitve turistov,2020,393705
Kranjska Gora,Domači,Prenočitve turistov,2021,382289
Kranjska Gora,Domači,Prenočitve turistov,2022,355291
Kranjska Gora,Domači,Prenočitve turistov,2023,286953
Kranjska Gora,Domači,Prenočitve turistov,2024,253105
Kranjska Gora,Domači,Prenočitve turistov,2025,247254
Kranjska Gora,Tuji,Prihodi turistov,2018,214653
Kranjska Gora,Tuji,Prihodi turistov,2019,230593
Kranjska Gora,Tuji,Prihodi turistov,2020,68597
Kranjska Gora,Tuji,Prihodi turistov,2021,87483
Kranjska Gora,Tuji,Prihodi turistov,2022,207030
Kranjska Gora,Tuji,Prihodi turistov,2023,252631
Kranjska Gora,Tuji,Prihodi turistov,2024,264300
Kranjska Gora,Tuji,Prihodi turistov,2025,291405
Kranjska Gora,Tuji,Prenočitve turistov,2018,573580
Kranjska Gora,Tuji,Prenočitve turistov,2019,611427
Kranjska Gora,Tuji,Prenočitve turistov,2020,219878
Kranjska Gora,Tuji,Prenočitve turistov,2021,219388
Kranjska Gora,Tuji,Prenočitve turistov,2022,550056
Kranjska Gora,Tuji,Prenočitve turistov,2023,674191
Kranjska Gora,Tuji,Prenočitve turistov,2024,696017
Kranjska Gora,Tuji,Prenočitve turistov,2025,764839
Križevci,Domači,Prihodi turistov,2018,396
Križevci,Domači,Prihodi turistov,2019,371
Križevci,Domači,Prihodi turistov,2020,1867
Križevci,Domači,Prihodi turistov,2021,1432
Križevci,Domači,Prihodi turistov,2022,487
Križevci,Domači,Prihodi turistov,2023,216
Križevci,Domači,Prihodi turistov,2024,192
Križevci,Domači,Prihodi turistov,2025,199
Križevci,Domači,Prenočitve turistov,2018,607
Križevci,Domači,Prenočitve turistov,2019,757
Križevci,Domači,Prenočitve turistov,2020,4809
Križevci,Domači,Prenočitve turistov,2021,3352
Križevci,Domači,Prenočitve turistov,2022,942
Križevci,Domači,Prenočitve turistov,2023,479
Križevci,Domači,Prenočitve turistov,2024,409
Križevci,Domači,Prenočitve turistov,2025,387
Križevci,Tuji,Prihodi turistov,2018,594
Križevci,Tuji,Prihodi turistov,2019,615
Križevci,Tuji,Prihodi turistov,2020,157
Križevci,Tuji,Prihodi turistov,2021,213
Križevci,Tuji,Prihodi turistov,2022,605
Križevci,Tuji,Prihodi turistov,2023,536
Križevci,Tuji,Prihodi turistov,2024,433
Križevci,Tuji,Prihodi turistov,2025,740
Križevci,Tuji,Prenočitve turistov,2018,1206
Križevci,Tuji,Prenočitve turistov,2019,2790
Križevci,Tuji,Prenočitve turistov,2020,519
Križevci,Tuji,Prenočitve turistov,2021,1006
Križevci,Tuji,Prenočitve turistov,2022,3238
Križevci,Tuji,Prenočitve turistov,2023,2406
Križevci,Tuji,Prenočitve turistov,2024,2675
Križevci,Tuji,Prenočitve turistov,2025,4371
Krško,Domači,Prihodi turistov,2018,3136
Krško,Domači,Prihodi turistov,2019,2682
Krško,Domači,Prihodi turistov,2020,
Krško,Domači,Prihodi turistov,2021,3766
Krško,Domači,Prihodi turistov,2022,4161
Krško,Domači,Prihodi turistov,2023,2919
Krško,Domači,Prihodi turistov,2024,2862
Krško,Domači,Prihodi turistov,2025,3063
Krško,Domači,Prenočitve turistov,2018,7608
Krško,Domači,Prenočitve turistov,2019,4517
Krško,Domači,Prenočitve turistov,2020,
Krško,Domači,Prenočitve turistov,2021,7276
Krško,Domači,Prenočitve turistov,2022,7069
Krško,Domači,Prenočitve turistov,2023,4737
Krško,Domači,Prenočitve turistov,2024,4949
Krško,Domači,Prenočitve turistov,2025,5083
Krško,Tuji,Prihodi turistov,2018,5079
Krško,Tuji,Prihodi turistov,2019,4592
Krško,Tuji,Prihodi turistov,2020,
Krško,Tuji,Prihodi turistov,2021,4160
Krško,Tuji,Prihodi turistov,2022,5804
Krško,Tuji,Prihodi turistov,2023,5656
Krško,Tuji,Prihodi turistov,2024,6284
Krško,Tuji,Prihodi turistov,2025,7809
Krško,Tuji,Prenočitve turistov,2018,16784
Krško,Tuji,Prenočitve turistov,2019,11925
Krško,Tuji,Prenočitve turistov,2020,
Krško,Tuji,Prenočitve turistov,2021,11975
Krško,Tuji,Prenočitve turistov,2022,17698
Krško,Tuji,Prenočitve turistov,2023,13498
Krško,Tuji,Prenočitve turistov,2024,14998
Krško,Tuji,Prenočitve turistov,2025,18375
Kungota,Domači,Prihodi turistov,2018,1126
Kungota,Domači,Prihodi turistov,2019,791
Kungota,Domači,Prihodi turistov,2020,
Kungota,Domači,Prihodi turistov,2021,1540
Kungota,Domači,Prihodi turistov,2022,1451
Kungota,Domači,Prihodi turistov,2023,1150
Kungota,Domači,Prihodi turistov,2024,1274
Kungota,Domači,Prihodi turistov,2025,1120
Kungota,Domači,Prenočitve turistov,2018,4638
Kungota,Domači,Prenočitve turistov,2019,2782
Kungota,Domači,Prenočitve turistov,2020,
Kungota,Domači,Prenočitve turistov,2021,3675
Kungota,Domači,Prenočitve turistov,2022,3477
Kungota,Domači,Prenočitve turistov,2023,3012
Kungota,Domači,Prenočitve turistov,2024,3068
Kungota,Domači,Prenočitve turistov,2025,3015
Kungota,Tuji,Prihodi turistov,2018,2330
Kungota,Tuji,Prihodi turistov,2019,3854
Kungota,Tuji,Prihodi turistov,2020,
Kungota,Tuji,Prihodi turistov,2021,3686
Kungota,Tuji,Prihodi turistov,2022,4973
Kungota,Tuji,Prihodi turistov,2023,5297
Kungota,Tuji,Prihodi turistov,2024,5298
Kungota,Tuji,Prihodi turistov,2025,6433
Kungota,Tuji,Prenočitve turistov,2018,8186
Kungota,Tuji,Prenočitve turistov,2019,8737
Kungota,Tuji,Prenočitve turistov,2020,
Kungota,Tuji,Prenočitve turistov,2021,9318
Kungota,Tuji,Prenočitve turistov,2022,11013
Kungota,Tuji,Prenočitve turistov,2023,11356
Kungota,Tuji,Prenočitve turistov,2024,11214
Kungota,Tuji,Prenočitve turistov,2025,12966
Kuzma,Domači,Prihodi turistov,2018,
Kuzma,Domači,Prihodi turistov,2019,
Kuzma,Domači,Prihodi turistov,2020,
Kuzma,Domači,Prihodi turistov,2021,
Kuzma,Domači,Prihodi turistov,2022,
Kuzma,Domači,Prihodi turistov,2023,
Kuzma,Domači,Prihodi turistov,2024,313
Kuzma,Domači,Prihodi turistov,2025,287
Kuzma,Domači,Prenočitve turistov,2018,
Kuzma,Domači,Prenočitve turistov,2019,
Kuzma,Domači,Prenočitve turistov,2020,
Kuzma,Domači,Prenočitve turistov,2021,
Kuzma,Domači,Prenočitve turistov,2022,
Kuzma,Domači,Prenočitve turistov,2023,
Kuzma,Domači,Prenočitve turistov,2024,559
Kuzma,Domači,Prenočitve turistov,2025,495
Kuzma,Tuji,Prihodi turistov,2018,
Kuzma,Tuji,Prihodi turistov,2019,
Kuzma,Tuji,Prihodi turistov,2020,
Kuzma,Tuji,Prihodi turistov,2021,
Kuzma,Tuji,Prihodi turistov,2022,
Kuzma,Tuji,Prihodi turistov,2023,
Kuzma,Tuji,Prihodi turistov,2024,300
Kuzma,Tuji,Prihodi turistov,2025,561
Kuzma,Tuji,Prenočitve turistov,2018,
Kuzma,Tuji,Prenočitve turistov,2019,
Kuzma,Tuji,Prenočitve turistov,2020,
Kuzma,Tuji,Prenočitve turistov,2021,
Kuzma,Tuji,Prenočitve turistov,2022,
Kuzma,Tuji,Prenočitve turistov,2023,
Kuzma,Tuji,Prenočitve turistov,2024,746
Kuzma,Tuji,Prenočitve turistov,2025,1310
Laško,Domači,Prihodi turistov,2018,36190
Laško,Domači,Prihodi turistov,2019,32509
Laško,Domači,Prihodi turistov,2020,31014
Laško,Domači,Prihodi turistov,2021,43772
Laško,Domači,Prihodi turistov,2022,39909
Laško,Domači,Prihodi turistov,2023,31867
Laško,Domači,Prihodi turistov,2024,33117
Laško,Domači,Prihodi turistov,2025,33424
Laško,Domači,Prenočitve turistov,2018,125665
Laško,Domači,Prenočitve turistov,2019,88837
Laško,Domači,Prenočitve turistov,2020,101397
Laško,Domači,Prenočitve turistov,2021,151616
Laško,Domači,Prenočitve turistov,2022,155875
Laško,Domači,Prenočitve turistov,2023,140963
Laško,Domači,Prenočitve turistov,2024,142571
Laško,Domači,Prenočitve turistov,2025,148482
Laško,Tuji,Prihodi turistov,2018,56867
Laško,Tuji,Prihodi turistov,2019,51152
Laško,Tuji,Prihodi turistov,2020,13757
Laško,Tuji,Prihodi turistov,2021,12246
Laško,Tuji,Prihodi turistov,2022,34745
Laško,Tuji,Prihodi turistov,2023,41731
Laško,Tuji,Prihodi turistov,2024,46815
Laško,Tuji,Prihodi turistov,2025,47098
Laško,Tuji,Prenočitve turistov,2018,164132
Laško,Tuji,Prenočitve turistov,2019,146350
Laško,Tuji,Prenočitve turistov,2020,38317
Laško,Tuji,Prenočitve turistov,2021,42432
Laško,Tuji,Prenočitve turistov,2022,105809
Laško,Tuji,Prenočitve turistov,2023,118447
Laško,Tuji,Prenočitve turistov,2024,134068
Laško,Tuji,Prenočitve turistov,2025,126856
Lenart,Domači,Prihodi turistov,2018,
Lenart,Domači,Prihodi turistov,2019,
Lenart,Domači,Prihodi turistov,2020,
Lenart,Domači,Prihodi turistov,2021,
Lenart,Domači,Prihodi turistov,2022,
Lenart,Domači,Prihodi turistov,2023,
Lenart,Domači,Prihodi turistov,2024,370
Lenart,Domači,Prihodi turistov,2025,405
Lenart,Domači,Prenočitve turistov,2018,
Lenart,Domači,Prenočitve turistov,2019,
Lenart,Domači,Prenočitve turistov,2020,
Lenart,Domači,Prenočitve turistov,2021,
Lenart,Domači,Prenočitve turistov,2022,
Lenart,Domači,Prenočitve turistov,2023,
Lenart,Domači,Prenočitve turistov,2024,523
Lenart,Domači,Prenočitve turistov,2025,611
Lenart,Tuji,Prihodi turistov,2018,
Lenart,Tuji,Prihodi turistov,2019,
Lenart,Tuji,Prihodi turistov,2020,
Lenart,Tuji,Prihodi turistov,2021,
Lenart,Tuji,Prihodi turistov,2022,
Lenart,Tuji,Prihodi turistov,2023,
Lenart,Tuji,Prihodi turistov,2024,1905
Lenart,Tuji,Prihodi turistov,2025,1920
Lenart,Tuji,Prenočitve turistov,2018,
Lenart,Tuji,Prenočitve turistov,2019,
Lenart,Tuji,Prenočitve turistov,2020,
Lenart,Tuji,Prenočitve turistov,2021,
Lenart,Tuji,Prenočitve turistov,2022,
Lenart,Tuji,Prenočitve turistov,2023,
Lenart,Tuji,Prenočitve turistov,2024,2980
Lenart,Tuji,Prenočitve turistov,2025,2894
Lendava/Lendva,Domači,Prihodi turistov,2018,22593
Lendava/Lendva,Domači,Prihodi turistov,2019,25121
Lendava/Lendva,Domači,Prihodi turistov,2020,
Lendava/Lendva,Domači,Prihodi turistov,2021,6327
Lendava/Lendva,Domači,Prihodi turistov,2022,7144
Lendava/Lendva,Domači,Prihodi turistov,2023,15477
Lendava/Lendva,Domači,Prihodi turistov,2024,18851
Lendava/Lendva,Domači,Prihodi turistov,2025,18405
Lendava/Lendva,Domači,Prenočitve turistov,2018,72651
Lendava/Lendva,Domači,Prenočitve turistov,2019,78500
Lendava/Lendva,Domači,Prenočitve turistov,2020,
Lendava/Lendva,Domači,Prenočitve turistov,2021,16218
Lendava/Lendva,Domači,Prenočitve turistov,2022,17427
Lendava/Lendva,Domači,Prenočitve turistov,2023,44448
Lendava/Lendva,Domači,Prenočitve turistov,2024,55216
Lendava/Lendva,Domači,Prenočitve turistov,2025,55579
Lendava/Lendva,Tuji,Prihodi turistov,2018,12466
Lendava/Lendva,Tuji,Prihodi turistov,2019,13984
Lendava/Lendva,Tuji,Prihodi turistov,2020,
Lendava/Lendva,Tuji,Prihodi turistov,2021,2162
Lendava/Lendva,Tuji,Prihodi turistov,2022,7796
Lendava/Lendva,Tuji,Prihodi turistov,2023,11533
Lendava/Lendva,Tuji,Prihodi turistov,2024,12370
Lendava/Lendva,Tuji,Prihodi turistov,2025,14187
Lendava/Lendva,Tuji,Prenočitve turistov,2018,51430
Lendava/Lendva,Tuji,Prenočitve turistov,2019,53794
Lendava/Lendva,Tuji,Prenočitve turistov,2020,
Lendava/Lendva,Tuji,Prenočitve turistov,2021,4286
Lendava/Lendva,Tuji,Prenočitve turistov,2022,17659
Lendava/Lendva,Tuji,Prenočitve turistov,2023,30282
Lendava/Lendva,Tuji,Prenočitve turistov,2024,37657
Lendava/Lendva,Tuji,Prenočitve turistov,2025,46024
Litija,Domači,Prihodi turistov,2018,293
Litija,Domači,Prihodi turistov,2019,313
Litija,Domači,Prihodi turistov,2020,
Litija,Domači,Prihodi turistov,2021,
Litija,Domači,Prihodi turistov,2022,544
Litija,Domači,Prihodi turistov,2023,340
Litija,Domači,Prihodi turistov,2024,427
Litija,Domači,Prihodi turistov,2025,440
Litija,Domači,Prenočitve turistov,2018,588
Litija,Domači,Prenočitve turistov,2019,613
Litija,Domači,Prenočitve turistov,2020,
Litija,Domači,Prenočitve turistov,2021,
Litija,Domači,Prenočitve turistov,2022,983
Litija,Domači,Prenočitve turistov,2023,453
Litija,Domači,Prenočitve turistov,2024,972
Litija,Domači,Prenočitve turistov,2025,838
Litija,Tuji,Prihodi turistov,2018,908
Litija,Tuji,Prihodi turistov,2019,1154
Litija,Tuji,Prihodi turistov,2020,
Litija,Tuji,Prihodi turistov,2021,
Litija,Tuji,Prihodi turistov,2022,1046
Litija,Tuji,Prihodi turistov,2023,1097
Litija,Tuji,Prihodi turistov,2024,1100
Litija,Tuji,Prihodi turistov,2025,1513
Litija,Tuji,Prenočitve turistov,2018,2892
Litija,Tuji,Prenočitve turistov,2019,3474
Litija,Tuji,Prenočitve turistov,2020,
Litija,Tuji,Prenočitve turistov,2021,
Litija,Tuji,Prenočitve turistov,2022,2122
Litija,Tuji,Prenočitve turistov,2023,2806
Litija,Tuji,Prenočitve turistov,2024,2938
Litija,Tuji,Prenočitve turistov,2025,3598
Ljubljana,Domači,Prihodi turistov,2018,57751
Ljubljana,Domači,Prihodi turistov,2019,59017
Ljubljana,Domači,Prihodi turistov,2020,40385
Ljubljana,Domači,Prihodi turistov,2021,64511
Ljubljana,Domači,Prihodi turistov,2022,74969
Ljubljana,Domači,Prihodi turistov,2023,63866
Ljubljana,Domači,Prihodi turistov,2024,66451
Ljubljana,Domači,Prihodi turistov,2025,70512
Ljubljana,Domači,Prenočitve turistov,2018,112521
Ljubljana,Domači,Prenočitve turistov,2019,98255
Ljubljana,Domači,Prenočitve turistov,2020,78629
Ljubljana,Domači,Prenočitve turistov,2021,118956
Ljubljana,Domači,Prenočitve turistov,2022,130315
Ljubljana,Domači,Prenočitve turistov,2023,107274
Ljubljana,Domači,Prenočitve turistov,2024,110717
Ljubljana,Domači,Prenočitve turistov,2025,113619
Ljubljana,Tuji,Prihodi turistov,2018,965111
Ljubljana,Tuji,Prihodi turistov,2019,1068887
Ljubljana,Tuji,Prihodi turistov,2020,214579
Ljubljana,Tuji,Prihodi turistov,2021,350744
Ljubljana,Tuji,Prihodi turistov,2022,847704
Ljubljana,Tuji,Prihodi turistov,2023,1049644
Ljubljana,Tuji,Prihodi turistov,2024,1210004
Ljubljana,Tuji,Prihodi turistov,2025,1322216
Ljubljana,Tuji,Prenočitve turistov,2018,2067395
Ljubljana,Tuji,Prenočitve turistov,2019,2129414
Ljubljana,Tuji,Prenočitve turistov,2020,461566
Ljubljana,Tuji,Prenočitve turistov,2021,747262
Ljubljana,Tuji,Prenočitve turistov,2022,1843666
Ljubljana,Tuji,Prenočitve turistov,2023,2192062
Ljubljana,Tuji,Prenočitve turistov,2024,2480181
Ljubljana,Tuji,Prenočitve turistov,2025,2730510
Ljubno,Domači,Prihodi turistov,2018,1915
Ljubno,Domači,Prihodi turistov,2019,1655
Ljubno,Domači,Prihodi turistov,2020,5119
Ljubno,Domači,Prihodi turistov,2021,4961
Ljubno,Domači,Prihodi turistov,2022,3378
Ljubno,Domači,Prihodi turistov,2023,1457
Ljubno,Domači,Prihodi turistov,2024,1917
Ljubno,Domači,Prihodi turistov,2025,1721
Ljubno,Domači,Prenočitve turistov,2018,3402
Ljubno,Domači,Prenočitve turistov,2019,3194
Ljubno,Domači,Prenočitve turistov,2020,13048
Ljubno,Domači,Prenočitve turistov,2021,12360
Ljubno,Domači,Prenočitve turistov,2022,7225
Ljubno,Domači,Prenočitve turistov,2023,3463
Ljubno,Domači,Prenočitve turistov,2024,3920
Ljubno,Domači,Prenočitve turistov,2025,3888
Ljubno,Tuji,Prihodi turistov,2018,5037
Ljubno,Tuji,Prihodi turistov,2019,5787
Ljubno,Tuji,Prihodi turistov,2020,1752
Ljubno,Tuji,Prihodi turistov,2021,3253
Ljubno,Tuji,Prihodi turistov,2022,6256
Ljubno,Tuji,Prihodi turistov,2023,3986
Ljubno,Tuji,Prihodi turistov,2024,5210
Ljubno,Tuji,Prihodi turistov,2025,5933
Ljubno,Tuji,Prenočitve turistov,2018,15743
Ljubno,Tuji,Prenočitve turistov,2019,17338
Ljubno,Tuji,Prenočitve turistov,2020,6409
Ljubno,Tuji,Prenočitve turistov,2021,10634
Ljubno,Tuji,Prenočitve turistov,2022,19100
Ljubno,Tuji,Prenočitve turistov,2023,12750
Ljubno,Tuji,Prenočitve turistov,2024,14227
Ljubno,Tuji,Prenočitve turistov,2025,15435
Ljutomer,Domači,Prihodi turistov,2018,19578
Ljutomer,Domači,Prihodi turistov,2019,20451
Ljutomer,Domači,Prihodi turistov,2020,17513
Ljutomer,Domači,Prihodi turistov,2021,22383
Ljutomer,Domači,Prihodi turistov,2022,25206
Ljutomer,Domači,Prihodi turistov,2023,22288
Ljutomer,Domači,Prihodi turistov,2024,21507
Ljutomer,Domači,Prihodi turistov,2025,20201
Ljutomer,Domači,Prenočitve turistov,2018,48733
Ljutomer,Domači,Prenočitve turistov,2019,51251
Ljutomer,Domači,Prenočitve turistov,2020,51086
Ljutomer,Domači,Prenočitve turistov,2021,62770
Ljutomer,Domači,Prenočitve turistov,2022,63787
Ljutomer,Domači,Prenočitve turistov,2023,53922
Ljutomer,Domači,Prenočitve turistov,2024,52951
Ljutomer,Domači,Prenočitve turistov,2025,50370
Ljutomer,Tuji,Prihodi turistov,2018,6175
Ljutomer,Tuji,Prihodi turistov,2019,6510
Ljutomer,Tuji,Prihodi turistov,2020,1478
Ljutomer,Tuji,Prihodi turistov,2021,3341
Ljutomer,Tuji,Prihodi turistov,2022,6972
Ljutomer,Tuji,Prihodi turistov,2023,7470
Ljutomer,Tuji,Prihodi turistov,2024,7767
Ljutomer,Tuji,Prihodi turistov,2025,8180
Ljutomer,Tuji,Prenočitve turistov,2018,15689
Ljutomer,Tuji,Prenočitve turistov,2019,17056
Ljutomer,Tuji,Prenočitve turistov,2020,3666
Ljutomer,Tuji,Prenočitve turistov,2021,11289
Ljutomer,Tuji,Prenočitve turistov,2022,21688
Ljutomer,Tuji,Prenočitve turistov,2023,18883
Ljutomer,Tuji,Prenočitve turistov,2024,18091
Ljutomer,Tuji,Prenočitve turistov,2025,18303
Log - Dragomer,Domači,Prihodi turistov,2018,
Log - Dragomer,Domači,Prihodi turistov,2019,7
Log - Dragomer,Domači,Prihodi turistov,2020,2
Log - Dragomer,Domači,Prihodi turistov,2021,
Log - Dragomer,Domači,Prihodi turistov,2022,
Log - Dragomer,Domači,Prihodi turistov,2023,
Log - Dragomer,Domači,Prihodi turistov,2024,
Log - Dragomer,Domači,Prihodi turistov,2025,
Log - Dragomer,Domači,Prenočitve turistov,2018,
Log - Dragomer,Domači,Prenočitve turistov,2019,24
Log - Dragomer,Domači,Prenočitve turistov,2020,3
Log - Dragomer,Domači,Prenočitve turistov,2021,
Log - Dragomer,Domači,Prenočitve turistov,2022,
Log - Dragomer,Domači,Prenočitve turistov,2023,
Log - Dragomer,Domači,Prenočitve turistov,2024,
Log - Dragomer,Domači,Prenočitve turistov,2025,
Log - Dragomer,Tuji,Prihodi turistov,2018,
Log - Dragomer,Tuji,Prihodi turistov,2019,166
Log - Dragomer,Tuji,Prihodi turistov,2020,15
Log - Dragomer,Tuji,Prihodi turistov,2021,
Log - Dragomer,Tuji,Prihodi turistov,2022,
Log - Dragomer,Tuji,Prihodi turistov,2023,
Log - Dragomer,Tuji,Prihodi turistov,2024,
Log - Dragomer,Tuji,Prihodi turistov,2025,
Log - Dragomer,Tuji,Prenočitve turistov,2018,
Log - Dragomer,Tuji,Prenočitve turistov,2019,310
Log - Dragomer,Tuji,Prenočitve turistov,2020,32
Log - Dragomer,Tuji,Prenočitve turistov,2021,
Log - Dragomer,Tuji,Prenočitve turistov,2022,
Log - Dragomer,Tuji,Prenočitve turistov,2023,
Log - Dragomer,Tuji,Prenočitve turistov,2024,
Log - Dragomer,Tuji,Prenočitve turistov,2025,
Logatec,Domači,Prihodi turistov,2018,3904
Logatec,Domači,Prihodi turistov,2019,3813
Logatec,Domači,Prihodi turistov,2020,2050
Logatec,Domači,Prihodi turistov,2021,2019
Logatec,Domači,Prihodi turistov,2022,3449
Logatec,Domači,Prihodi turistov,2023,3407
Logatec,Domači,Prihodi turistov,2024,3226
Logatec,Domači,Prihodi turistov,2025,2981
Logatec,Domači,Prenočitve turistov,2018,10364
Logatec,Domači,Prenočitve turistov,2019,9678
Logatec,Domači,Prenočitve turistov,2020,6085
Logatec,Domači,Prenočitve turistov,2021,5682
Logatec,Domači,Prenočitve turistov,2022,9304
Logatec,Domači,Prenočitve turistov,2023,9499
Logatec,Domači,Prenočitve turistov,2024,8975
Logatec,Domači,Prenočitve turistov,2025,8492
Logatec,Tuji,Prihodi turistov,2018,6097
Logatec,Tuji,Prihodi turistov,2019,7678
Logatec,Tuji,Prihodi turistov,2020,1407
Logatec,Tuji,Prihodi turistov,2021,2517
Logatec,Tuji,Prihodi turistov,2022,4874
Logatec,Tuji,Prihodi turistov,2023,5799
Logatec,Tuji,Prihodi turistov,2024,5108
Logatec,Tuji,Prihodi turistov,2025,5512
Logatec,Tuji,Prenočitve turistov,2018,11754
Logatec,Tuji,Prenočitve turistov,2019,15034
Logatec,Tuji,Prenočitve turistov,2020,3652
Logatec,Tuji,Prenočitve turistov,2021,14893
Logatec,Tuji,Prenočitve turistov,2022,9562
Logatec,Tuji,Prenočitve turistov,2023,12328
Logatec,Tuji,Prenočitve turistov,2024,10890
Logatec,Tuji,Prenočitve turistov,2025,11672
Loška dolina,Domači,Prihodi turistov,2018,388
Loška dolina,Domači,Prihodi turistov,2019,
Loška dolina,Domači,Prihodi turistov,2020,
Loška dolina,Domači,Prihodi turistov,2021,
Loška dolina,Domači,Prihodi turistov,2022,696
Loška dolina,Domači,Prihodi turistov,2023,874
Loška dolina,Domači,Prihodi turistov,2024,707
Loška dolina,Domači,Prihodi turistov,2025,934
Loška dolina,Domači,Prenočitve turistov,2018,827
Loška dolina,Domači,Prenočitve turistov,2019,
Loška dolina,Domači,Prenočitve turistov,2020,
Loška dolina,Domači,Prenočitve turistov,2021,
Loška dolina,Domači,Prenočitve turistov,2022,1367
Loška dolina,Domači,Prenočitve turistov,2023,1868
Loška dolina,Domači,Prenočitve turistov,2024,1769
Loška dolina,Domači,Prenočitve turistov,2025,1717
Loška dolina,Tuji,Prihodi turistov,2018,1029
Loška dolina,Tuji,Prihodi turistov,2019,
Loška dolina,Tuji,Prihodi turistov,2020,
Loška dolina,Tuji,Prihodi turistov,2021,
Loška dolina,Tuji,Prihodi turistov,2022,1845
Loška dolina,Tuji,Prihodi turistov,2023,2250
Loška dolina,Tuji,Prihodi turistov,2024,2600
Loška dolina,Tuji,Prihodi turistov,2025,3440
Loška dolina,Tuji,Prenočitve turistov,2018,2804
Loška dolina,Tuji,Prenočitve turistov,2019,
Loška dolina,Tuji,Prenočitve turistov,2020,
Loška dolina,Tuji,Prenočitve turistov,2021,
Loška dolina,Tuji,Prenočitve turistov,2022,4122
Loška dolina,Tuji,Prenočitve turistov,2023,5180
Loška dolina,Tuji,Prenočitve turistov,2024,5459
Loška dolina,Tuji,Prenočitve turistov,2025,8691
Loški Potok,Domači,Prihodi turistov,2018,455
Loški Potok,Domači,Prihodi turistov,2019,218
Loški Potok,Domači,Prihodi turistov,2020,795
Loški Potok,Domači,Prihodi turistov,2021,554
Loški Potok,Domači,Prihodi turistov,2022,320
Loški Potok,Domači,Prihodi turistov,2023,131
Loški Potok,Domači,Prihodi turistov,2024,118
Loški Potok,Domači,Prihodi turistov,2025,166
Loški Potok,Domači,Prenočitve turistov,2018,946
Loški Potok,Domači,Prenočitve turistov,2019,395
Loški Potok,Domači,Prenočitve turistov,2020,1772
Loški Potok,Domači,Prenočitve turistov,2021,1124
Loški Potok,Domači,Prenočitve turistov,2022,582
Loški Potok,Domači,Prenočitve turistov,2023,241
Loški Potok,Domači,Prenočitve turistov,2024,237
Loški Potok,Domači,Prenočitve turistov,2025,234
Loški Potok,Tuji,Prihodi turistov,2018,840
Loški Potok,Tuji,Prihodi turistov,2019,498
Loški Potok,Tuji,Prihodi turistov,2020,408
Loški Potok,Tuji,Prihodi turistov,2021,606
Loški Potok,Tuji,Prihodi turistov,2022,633
Loški Potok,Tuji,Prihodi turistov,2023,426
Loški Potok,Tuji,Prihodi turistov,2024,356
Loški Potok,Tuji,Prihodi turistov,2025,391
Loški Potok,Tuji,Prenočitve turistov,2018,1908
Loški Potok,Tuji,Prenočitve turistov,2019,1063
Loški Potok,Tuji,Prenočitve turistov,2020,1226
Loški Potok,Tuji,Prenočitve turistov,2021,2846
Loški Potok,Tuji,Prenočitve turistov,2022,1752
Loški Potok,Tuji,Prenočitve turistov,2023,1205
Loški Potok,Tuji,Prenočitve turistov,2024,1047
Loški Potok,Tuji,Prenočitve turistov,2025,1156
Lovrenc na Pohorju,Domači,Prihodi turistov,2018,152
Lovrenc na Pohorju,Domači,Prihodi turistov,2019,187
Lovrenc na Pohorju,Domači,Prihodi turistov,2020,
Lovrenc na Pohorju,Domači,Prihodi turistov,2021,579
Lovrenc na Pohorju,Domači,Prihodi turistov,2022,
Lovrenc na Pohorju,Domači,Prihodi turistov,2023,227
Lovrenc na Pohorju,Domači,Prihodi turistov,2024,203
Lovrenc na Pohorju,Domači,Prihodi turistov,2025,230
Lovrenc na Pohorju,Domači,Prenočitve turistov,2018,313
Lovrenc na Pohorju,Domači,Prenočitve turistov,2019,453
Lovrenc na Pohorju,Domači,Prenočitve turistov,2020,
Lovrenc na Pohorju,Domači,Prenočitve turistov,2021,1310
Lovrenc na Pohorju,Domači,Prenočitve turistov,2022,
Lovrenc na Pohorju,Domači,Prenočitve turistov,2023,488
Lovrenc na Pohorju,Domači,Prenočitve turistov,2024,413
Lovrenc na Pohorju,Domači,Prenočitve turistov,2025,461
Lovrenc na Pohorju,Tuji,Prihodi turistov,2018,238
Lovrenc na Pohorju,Tuji,Prihodi turistov,2019,397
Lovrenc na Pohorju,Tuji,Prihodi turistov,2020,
Lovrenc na Pohorju,Tuji,Prihodi turistov,2021,206
Lovrenc na Pohorju,Tuji,Prihodi turistov,2022,
Lovrenc na Pohorju,Tuji,Prihodi turistov,2023,565
Lovrenc na Pohorju,Tuji,Prihodi turistov,2024,714
Lovrenc na Pohorju,Tuji,Prihodi turistov,2025,562
Lovrenc na Pohorju,Tuji,Prenočitve turistov,2018,732
Lovrenc na Pohorju,Tuji,Prenočitve turistov,2019,1347
Lovrenc na Pohorju,Tuji,Prenočitve turistov,2020,
Lovrenc na Pohorju,Tuji,Prenočitve turistov,2021,487
Lovrenc na Pohorju,Tuji,Prenočitve turistov,2022,
Lovrenc na Pohorju,Tuji,Prenočitve turistov,2023,1400
Lovrenc na Pohorju,Tuji,Prenočitve turistov,2024,1678
Lovrenc na Pohorju,Tuji,Prenočitve turistov,2025,1161
Luče,Domači,Prihodi turistov,2018,3214
Luče,Domači,Prihodi turistov,2019,3890
Luče,Domači,Prihodi turistov,2020,4847
Luče,Domači,Prihodi turistov,2021,4937
Luče,Domači,Prihodi turistov,2022,3790
Luče,Domači,Prihodi turistov,2023,1845
Luče,Domači,Prihodi turistov,2024,2471
Luče,Domači,Prihodi turistov,2025,2308
Luče,Domači,Prenočitve turistov,2018,6207
Luče,Domači,Prenočitve turistov,2019,8966
Luče,Domači,Prenočitve turistov,2020,11879
Luče,Domači,Prenočitve turistov,2021,11919
Luče,Domači,Prenočitve turistov,2022,8750
Luče,Domači,Prenočitve turistov,2023,3917
Luče,Domači,Prenočitve turistov,2024,5372
Luče,Domači,Prenočitve turistov,2025,5014
Luče,Tuji,Prihodi turistov,2018,4693
Luče,Tuji,Prihodi turistov,2019,4242
Luče,Tuji,Prihodi turistov,2020,1644
Luče,Tuji,Prihodi turistov,2021,2864
Luče,Tuji,Prihodi turistov,2022,4575
Luče,Tuji,Prihodi turistov,2023,2951
Luče,Tuji,Prihodi turistov,2024,5229
Luče,Tuji,Prihodi turistov,2025,5339
Luče,Tuji,Prenočitve turistov,2018,11017
Luče,Tuji,Prenočitve turistov,2019,11688
Luče,Tuji,Prenočitve turistov,2020,4467
Luče,Tuji,Prenočitve turistov,2021,7176
Luče,Tuji,Prenočitve turistov,2022,13008
Luče,Tuji,Prenočitve turistov,2023,8179
Luče,Tuji,Prenočitve turistov,2024,12969
Luče,Tuji,Prenočitve turistov,2025,14523
Lukovica,Domači,Prihodi turistov,2018,593
Lukovica,Domači,Prihodi turistov,2019,698
Lukovica,Domači,Prihodi turistov,2020,531
Lukovica,Domači,Prihodi turistov,2021,340
Lukovica,Domači,Prihodi turistov,2022,216
Lukovica,Domači,Prihodi turistov,2023,101
Lukovica,Domači,Prihodi turistov,2024,85
Lukovica,Domači,Prihodi turistov,2025,120
Lukovica,Domači,Prenočitve turistov,2018,716
Lukovica,Domači,Prenočitve turistov,2019,867
Lukovica,Domači,Prenočitve turistov,2020,970
Lukovica,Domači,Prenočitve turistov,2021,812
Lukovica,Domači,Prenočitve turistov,2022,310
Lukovica,Domači,Prenočitve turistov,2023,164
Lukovica,Domači,Prenočitve turistov,2024,87
Lukovica,Domači,Prenočitve turistov,2025,204
Lukovica,Tuji,Prihodi turistov,2018,3309
Lukovica,Tuji,Prihodi turistov,2019,3937
Lukovica,Tuji,Prihodi turistov,2020,735
Lukovica,Tuji,Prihodi turistov,2021,174
Lukovica,Tuji,Prihodi turistov,2022,1958
Lukovica,Tuji,Prihodi turistov,2023,581
Lukovica,Tuji,Prihodi turistov,2024,277
Lukovica,Tuji,Prihodi turistov,2025,497
Lukovica,Tuji,Prenočitve turistov,2018,4443
Lukovica,Tuji,Prenočitve turistov,2019,4982
Lukovica,Tuji,Prenočitve turistov,2020,972
Lukovica,Tuji,Prenočitve turistov,2021,525
Lukovica,Tuji,Prenočitve turistov,2022,3083
Lukovica,Tuji,Prenočitve turistov,2023,1215
Lukovica,Tuji,Prenočitve turistov,2024,908
Lukovica,Tuji,Prenočitve turistov,2025,1528
Majšperk,Domači,Prihodi turistov,2018,
Majšperk,Domači,Prihodi turistov,2019,
Majšperk,Domači,Prihodi turistov,2020,
Majšperk,Domači,Prihodi turistov,2021,
Majšperk,Domači,Prihodi turistov,2022,
Majšperk,Domači,Prihodi turistov,2023,
Majšperk,Domači,Prihodi turistov,2024,
Majšperk,Domači,Prihodi turistov,2025,19
Majšperk,Domači,Prenočitve turistov,2018,
Majšperk,Domači,Prenočitve turistov,2019,
Majšperk,Domači,Prenočitve turistov,2020,
Majšperk,Domači,Prenočitve turistov,2021,
Majšperk,Domači,Prenočitve turistov,2022,
Majšperk,Domači,Prenočitve turistov,2023,
Majšperk,Domači,Prenočitve turistov,2024,
Majšperk,Domači,Prenočitve turistov,2025,38
Majšperk,Tuji,Prihodi turistov,2018,
Majšperk,Tuji,Prihodi turistov,2019,
Majšperk,Tuji,Prihodi turistov,2020,
Majšperk,Tuji,Prihodi turistov,2021,
Majšperk,Tuji,Prihodi turistov,2022,
Majšperk,Tuji,Prihodi turistov,2023,
Majšperk,Tuji,Prihodi turistov,2024,
Majšperk,Tuji,Prihodi turistov,2025,99
Majšperk,Tuji,Prenočitve turistov,2018,
Majšperk,Tuji,Prenočitve turistov,2019,
Majšperk,Tuji,Prenočitve turistov,2020,
Majšperk,Tuji,Prenočitve turistov,2021,
Majšperk,Tuji,Prenočitve turistov,2022,
Majšperk,Tuji,Prenočitve turistov,2023,
Majšperk,Tuji,Prenočitve turistov,2024,
Majšperk,Tuji,Prenočitve turistov,2025,331
Makole,Domači,Prihodi turistov,2018,
Makole,Domači,Prihodi turistov,2019,
Makole,Domači,Prihodi turistov,2020,170
Makole,Domači,Prihodi turistov,2021,426
Makole,Domači,Prihodi turistov,2022,370
Makole,Domači,Prihodi turistov,2023,286
Makole,Domači,Prihodi turistov,2024,330
Makole,Domači,Prihodi turistov,2025,395
Makole,Domači,Prenočitve turistov,2018,
Makole,Domači,Prenočitve turistov,2019,
Makole,Domači,Prenočitve turistov,2020,326
Makole,Domači,Prenočitve turistov,2021,797
Makole,Domači,Prenočitve turistov,2022,514
Makole,Domači,Prenočitve turistov,2023,320
Makole,Domači,Prenočitve turistov,2024,432
Makole,Domači,Prenočitve turistov,2025,549
Makole,Tuji,Prihodi turistov,2018,
Makole,Tuji,Prihodi turistov,2019,
Makole,Tuji,Prihodi turistov,2020,21
Makole,Tuji,Prihodi turistov,2021,128
Makole,Tuji,Prihodi turistov,2022,381
Makole,Tuji,Prihodi turistov,2023,407
Makole,Tuji,Prihodi turistov,2024,320
Makole,Tuji,Prihodi turistov,2025,450
Makole,Tuji,Prenočitve turistov,2018,
Makole,Tuji,Prenočitve turistov,2019,
Makole,Tuji,Prenočitve turistov,2020,88
Makole,Tuji,Prenočitve turistov,2021,197
Makole,Tuji,Prenočitve turistov,2022,571
Makole,Tuji,Prenočitve turistov,2023,652
Makole,Tuji,Prenočitve turistov,2024,522
Makole,Tuji,Prenočitve turistov,2025,935
Maribor,Domači,Prihodi turistov,2018,30158
Maribor,Domači,Prihodi turistov,2019,29063
Maribor,Domači,Prihodi turistov,2020,20648
Maribor,Domači,Prihodi turistov,2021,25641
Maribor,Domači,Prihodi turistov,2022,28650
Maribor,Domači,Prihodi turistov,2023,29217
Maribor,Domači,Prihodi turistov,2024,32760
Maribor,Domači,Prihodi turistov,2025,32241
Maribor,Domači,Prenočitve turistov,2018,65067
Maribor,Domači,Prenočitve turistov,2019,55224
Maribor,Domači,Prenočitve turistov,2020,43054
Maribor,Domači,Prenočitve turistov,2021,52956
Maribor,Domači,Prenočitve turistov,2022,51561
Maribor,Domači,Prenočitve turistov,2023,52298
Maribor,Domači,Prenočitve turistov,2024,56863
Maribor,Domači,Prenočitve turistov,2025,57596
Maribor,Tuji,Prihodi turistov,2018,178121
Maribor,Tuji,Prihodi turistov,2019,188754
Maribor,Tuji,Prihodi turistov,2020,51732
Maribor,Tuji,Prihodi turistov,2021,77712
Maribor,Tuji,Prihodi turistov,2022,167092
Maribor,Tuji,Prihodi turistov,2023,209960
Maribor,Tuji,Prihodi turistov,2024,220721
Maribor,Tuji,Prihodi turistov,2025,238488
Maribor,Tuji,Prenočitve turistov,2018,401553
Maribor,Tuji,Prenočitve turistov,2019,398780
Maribor,Tuji,Prenočitve turistov,2020,153343
Maribor,Tuji,Prenočitve turistov,2021,194378
Maribor,Tuji,Prenočitve turistov,2022,380906
Maribor,Tuji,Prenočitve turistov,2023,479316
Maribor,Tuji,Prenočitve turistov,2024,455074
Maribor,Tuji,Prenočitve turistov,2025,479968
Markovci,Domači,Prihodi turistov,2018,
Markovci,Domači,Prihodi turistov,2019,
Markovci,Domači,Prihodi turistov,2020,
Markovci,Domači,Prihodi turistov,2021,
Markovci,Domači,Prihodi turistov,2022,
Markovci,Domači,Prihodi turistov,2023,93
Markovci,Domači,Prihodi turistov,2024,160
Markovci,Domači,Prihodi turistov,2025,186
Markovci,Domači,Prenočitve turistov,2018,
Markovci,Domači,Prenočitve turistov,2019,
Markovci,Domači,Prenočitve turistov,2020,
Markovci,Domači,Prenočitve turistov,2021,
Markovci,Domači,Prenočitve turistov,2022,
Markovci,Domači,Prenočitve turistov,2023,143
Markovci,Domači,Prenočitve turistov,2024,310
Markovci,Domači,Prenočitve turistov,2025,276
Markovci,Tuji,Prihodi turistov,2018,
Markovci,Tuji,Prihodi turistov,2019,
Markovci,Tuji,Prihodi turistov,2020,
Markovci,Tuji,Prihodi turistov,2021,
Markovci,Tuji,Prihodi turistov,2022,
Markovci,Tuji,Prihodi turistov,2023,491
Markovci,Tuji,Prihodi turistov,2024,1147
Markovci,Tuji,Prihodi turistov,2025,709
Markovci,Tuji,Prenočitve turistov,2018,
Markovci,Tuji,Prenočitve turistov,2019,
Markovci,Tuji,Prenočitve turistov,2020,
Markovci,Tuji,Prenočitve turistov,2021,
Markovci,Tuji,Prenočitve turistov,2022,
Markovci,Tuji,Prenočitve turistov,2023,650
Markovci,Tuji,Prenočitve turistov,2024,1932
Markovci,Tuji,Prenočitve turistov,2025,1311
Medvode,Domači,Prihodi turistov,2018,1012
Medvode,Domači,Prihodi turistov,2019,990
Medvode,Domači,Prihodi turistov,2020,1183
Medvode,Domači,Prihodi turistov,2021,1996
Medvode,Domači,Prihodi turistov,2022,1658
Medvode,Domači,Prihodi turistov,2023,593
Medvode,Domači,Prihodi turistov,2024,404
Medvode,Domači,Prihodi turistov,2025,520
Medvode,Domači,Prenočitve turistov,2018,1836
Medvode,Domači,Prenočitve turistov,2019,1724
Medvode,Domači,Prenočitve turistov,2020,3906
Medvode,Domači,Prenočitve turistov,2021,5215
Medvode,Domači,Prenočitve turistov,2022,3209
Medvode,Domači,Prenočitve turistov,2023,1177
Medvode,Domači,Prenočitve turistov,2024,733
Medvode,Domači,Prenočitve turistov,2025,899
Medvode,Tuji,Prihodi turistov,2018,16973
Medvode,Tuji,Prihodi turistov,2019,15498
Medvode,Tuji,Prihodi turistov,2020,2202
Medvode,Tuji,Prihodi turistov,2021,4822
Medvode,Tuji,Prihodi turistov,2022,11346
Medvode,Tuji,Prihodi turistov,2023,9306
Medvode,Tuji,Prihodi turistov,2024,8782
Medvode,Tuji,Prihodi turistov,2025,9220
Medvode,Tuji,Prenočitve turistov,2018,33966
Medvode,Tuji,Prenočitve turistov,2019,30021
Medvode,Tuji,Prenočitve turistov,2020,5420
Medvode,Tuji,Prenočitve turistov,2021,10893
Medvode,Tuji,Prenočitve turistov,2022,22134
Medvode,Tuji,Prenočitve turistov,2023,16969
Medvode,Tuji,Prenočitve turistov,2024,17033
Medvode,Tuji,Prenočitve turistov,2025,17626
Mengeš,Domači,Prihodi turistov,2018,483
Mengeš,Domači,Prihodi turistov,2019,353
Mengeš,Domači,Prihodi turistov,2020,
Mengeš,Domači,Prihodi turistov,2021,631
Mengeš,Domači,Prihodi turistov,2022,247
Mengeš,Domači,Prihodi turistov,2023,54
Mengeš,Domači,Prihodi turistov,2024,169
Mengeš,Domači,Prihodi turistov,2025,330
Mengeš,Domači,Prenočitve turistov,2018,776
Mengeš,Domači,Prenočitve turistov,2019,665
Mengeš,Domači,Prenočitve turistov,2020,
Mengeš,Domači,Prenočitve turistov,2021,1439
Mengeš,Domači,Prenočitve turistov,2022,569
Mengeš,Domači,Prenočitve turistov,2023,275
Mengeš,Domači,Prenočitve turistov,2024,299
Mengeš,Domači,Prenočitve turistov,2025,456
Mengeš,Tuji,Prihodi turistov,2018,1700
Mengeš,Tuji,Prihodi turistov,2019,1292
Mengeš,Tuji,Prihodi turistov,2020,
Mengeš,Tuji,Prihodi turistov,2021,143
Mengeš,Tuji,Prihodi turistov,2022,214
Mengeš,Tuji,Prihodi turistov,2023,315
Mengeš,Tuji,Prihodi turistov,2024,1824
Mengeš,Tuji,Prihodi turistov,2025,3262
Mengeš,Tuji,Prenočitve turistov,2018,3520
Mengeš,Tuji,Prenočitve turistov,2019,2717
Mengeš,Tuji,Prenočitve turistov,2020,
Mengeš,Tuji,Prenočitve turistov,2021,970
Mengeš,Tuji,Prenočitve turistov,2022,1272
Mengeš,Tuji,Prenočitve turistov,2023,1890
Mengeš,Tuji,Prenočitve turistov,2024,4882
Mengeš,Tuji,Prenočitve turistov,2025,6882
Metlika,Domači,Prihodi turistov,2018,7499
Metlika,Domači,Prihodi turistov,2019,7506
Metlika,Domači,Prihodi turistov,2020,16772
Metlika,Domači,Prihodi turistov,2021,17464
Metlika,Domači,Prihodi turistov,2022,11988
Metlika,Domači,Prihodi turistov,2023,7521
Metlika,Domači,Prihodi turistov,2024,8848
Metlika,Domači,Prihodi turistov,2025,6946
Metlika,Domači,Prenočitve turistov,2018,20990
Metlika,Domači,Prenočitve turistov,2019,20763
Metlika,Domači,Prenočitve turistov,2020,53483
Metlika,Domači,Prenočitve turistov,2021,51739
Metlika,Domači,Prenočitve turistov,2022,31426
Metlika,Domači,Prenočitve turistov,2023,19645
Metlika,Domači,Prenočitve turistov,2024,22320
Metlika,Domači,Prenočitve turistov,2025,17019
Metlika,Tuji,Prihodi turistov,2018,7589
Metlika,Tuji,Prihodi turistov,2019,8432
Metlika,Tuji,Prihodi turistov,2020,1393
Metlika,Tuji,Prihodi turistov,2021,2991
Metlika,Tuji,Prihodi turistov,2022,6752
Metlika,Tuji,Prihodi turistov,2023,8667
Metlika,Tuji,Prihodi turistov,2024,8250
Metlika,Tuji,Prihodi turistov,2025,7698
Metlika,Tuji,Prenočitve turistov,2018,17617
Metlika,Tuji,Prenočitve turistov,2019,17404
Metlika,Tuji,Prenočitve turistov,2020,3499
Metlika,Tuji,Prenočitve turistov,2021,6782
Metlika,Tuji,Prenočitve turistov,2022,14985
Metlika,Tuji,Prenočitve turistov,2023,18093
Metlika,Tuji,Prenočitve turistov,2024,18666
Metlika,Tuji,Prenočitve turistov,2025,19332
Mežica,Domači,Prihodi turistov,2018,2557
Mežica,Domači,Prihodi turistov,2019,2789
Mežica,Domači,Prihodi turistov,2020,1185
Mežica,Domači,Prihodi turistov,2021,2068
Mežica,Domači,Prihodi turistov,2022,3156
Mežica,Domači,Prihodi turistov,2023,2749
Mežica,Domači,Prihodi turistov,2024,2757
Mežica,Domači,Prihodi turistov,2025,2781
Mežica,Domači,Prenočitve turistov,2018,8201
Mežica,Domači,Prenočitve turistov,2019,8579
Mežica,Domači,Prenočitve turistov,2020,3925
Mežica,Domači,Prenočitve turistov,2021,5426
Mežica,Domači,Prenočitve turistov,2022,9097
Mežica,Domači,Prenočitve turistov,2023,8051
Mežica,Domači,Prenočitve turistov,2024,8252
Mežica,Domači,Prenočitve turistov,2025,7795
Mežica,Tuji,Prihodi turistov,2018,281
Mežica,Tuji,Prihodi turistov,2019,277
Mežica,Tuji,Prihodi turistov,2020,121
Mežica,Tuji,Prihodi turistov,2021,125
Mežica,Tuji,Prihodi turistov,2022,327
Mežica,Tuji,Prihodi turistov,2023,377
Mežica,Tuji,Prihodi turistov,2024,500
Mežica,Tuji,Prihodi turistov,2025,585
Mežica,Tuji,Prenočitve turistov,2018,1397
Mežica,Tuji,Prenočitve turistov,2019,915
Mežica,Tuji,Prenočitve turistov,2020,375
Mežica,Tuji,Prenočitve turistov,2021,548
Mežica,Tuji,Prenočitve turistov,2022,1177
Mežica,Tuji,Prenočitve turistov,2023,1420
Mežica,Tuji,Prenočitve turistov,2024,1495
Mežica,Tuji,Prenočitve turistov,2025,1584
Miklavž na Dravskem polju,Domači,Prihodi turistov,2018,74
Miklavž na Dravskem polju,Domači,Prihodi turistov,2019,89
Miklavž na Dravskem polju,Domači,Prihodi turistov,2020,306
Miklavž na Dravskem polju,Domači,Prihodi turistov,2021,
Miklavž na Dravskem polju,Domači,Prihodi turistov,2022,
Miklavž na Dravskem polju,Domači,Prihodi turistov,2023,
Miklavž na Dravskem polju,Domači,Prihodi turistov,2024,34
Miklavž na Dravskem polju,Domači,Prihodi turistov,2025,51
Miklavž na Dravskem polju,Domači,Prenočitve turistov,2018,351
Miklavž na Dravskem polju,Domači,Prenočitve turistov,2019,138
Miklavž na Dravskem polju,Domači,Prenočitve turistov,2020,948
Miklavž na Dravskem polju,Domači,Prenočitve turistov,2021,
Miklavž na Dravskem polju,Domači,Prenočitve turistov,2022,
Miklavž na Dravskem polju,Domači,Prenočitve turistov,2023,
Miklavž na Dravskem polju,Domači,Prenočitve turistov,2024,41
Miklavž na Dravskem polju,Domači,Prenočitve turistov,2025,61
Miklavž na Dravskem polju,Tuji,Prihodi turistov,2018,850
Miklavž na Dravskem polju,Tuji,Prihodi turistov,2019,1550
Miklavž na Dravskem polju,Tuji,Prihodi turistov,2020,264
Miklavž na Dravskem polju,Tuji,Prihodi turistov,2021,
Miklavž na Dravskem polju,Tuji,Prihodi turistov,2022,
Miklavž na Dravskem polju,Tuji,Prihodi turistov,2023,
Miklavž na Dravskem polju,Tuji,Prihodi turistov,2024,875
Miklavž na Dravskem polju,Tuji,Prihodi turistov,2025,1037
Miklavž na Dravskem polju,Tuji,Prenočitve turistov,2018,1107
Miklavž na Dravskem polju,Tuji,Prenočitve turistov,2019,2193
Miklavž na Dravskem polju,Tuji,Prenočitve turistov,2020,490
Miklavž na Dravskem polju,Tuji,Prenočitve turistov,2021,
Miklavž na Dravskem polju,Tuji,Prenočitve turistov,2022,
Miklavž na Dravskem polju,Tuji,Prenočitve turistov,2023,
Miklavž na Dravskem polju,Tuji,Prenočitve turistov,2024,988
Miklavž na Dravskem polju,Tuji,Prenočitve turistov,2025,1131
Miren - Kostanjevica,Domači,Prihodi turistov,2018,1126
Miren - Kostanjevica,Domači,Prihodi turistov,2019,1216
Miren - Kostanjevica,Domači,Prihodi turistov,2020,1372
Miren - Kostanjevica,Domači,Prihodi turistov,2021,1658
Miren - Kostanjevica,Domači,Prihodi turistov,2022,1587
Miren - Kostanjevica,Domači,Prihodi turistov,2023,1266
Miren - Kostanjevica,Domači,Prihodi turistov,2024,1737
Miren - Kostanjevica,Domači,Prihodi turistov,2025,1473
Miren - Kostanjevica,Domači,Prenočitve turistov,2018,2502
Miren - Kostanjevica,Domači,Prenočitve turistov,2019,2690
Miren - Kostanjevica,Domači,Prenočitve turistov,2020,3944
Miren - Kostanjevica,Domači,Prenočitve turistov,2021,4151
Miren - Kostanjevica,Domači,Prenočitve turistov,2022,3715
Miren - Kostanjevica,Domači,Prenočitve turistov,2023,2535
Miren - Kostanjevica,Domači,Prenočitve turistov,2024,3514
Miren - Kostanjevica,Domači,Prenočitve turistov,2025,2774
Miren - Kostanjevica,Tuji,Prihodi turistov,2018,1324
Miren - Kostanjevica,Tuji,Prihodi turistov,2019,1798
Miren - Kostanjevica,Tuji,Prihodi turistov,2020,560
Miren - Kostanjevica,Tuji,Prihodi turistov,2021,556
Miren - Kostanjevica,Tuji,Prihodi turistov,2022,1101
Miren - Kostanjevica,Tuji,Prihodi turistov,2023,2026
Miren - Kostanjevica,Tuji,Prihodi turistov,2024,2545
Miren - Kostanjevica,Tuji,Prihodi turistov,2025,3518
Miren - Kostanjevica,Tuji,Prenočitve turistov,2018,4409
Miren - Kostanjevica,Tuji,Prenočitve turistov,2019,5171
Miren - Kostanjevica,Tuji,Prenočitve turistov,2020,1768
Miren - Kostanjevica,Tuji,Prenočitve turistov,2021,1870
Miren - Kostanjevica,Tuji,Prenočitve turistov,2022,4449
Miren - Kostanjevica,Tuji,Prenočitve turistov,2023,7563
Miren - Kostanjevica,Tuji,Prenočitve turistov,2024,7377
Miren - Kostanjevica,Tuji,Prenočitve turistov,2025,8580
Mirna,Domači,Prihodi turistov,2018,
Mirna,Domači,Prihodi turistov,2019,
Mirna,Domači,Prihodi turistov,2020,
Mirna,Domači,Prihodi turistov,2021,
Mirna,Domači,Prihodi turistov,2022,132
Mirna,Domači,Prihodi turistov,2023,127
Mirna,Domači,Prihodi turistov,2024,104
Mirna,Domači,Prihodi turistov,2025,
Mirna,Domači,Prenočitve turistov,2018,
Mirna,Domači,Prenočitve turistov,2019,
Mirna,Domači,Prenočitve turistov,2020,
Mirna,Domači,Prenočitve turistov,2021,
Mirna,Domači,Prenočitve turistov,2022,435
Mirna,Domači,Prenočitve turistov,2023,366
Mirna,Domači,Prenočitve turistov,2024,239
Mirna,Domači,Prenočitve turistov,2025,
Mirna,Tuji,Prihodi turistov,2018,
Mirna,Tuji,Prihodi turistov,2019,
Mirna,Tuji,Prihodi turistov,2020,
Mirna,Tuji,Prihodi turistov,2021,
Mirna,Tuji,Prihodi turistov,2022,93
Mirna,Tuji,Prihodi turistov,2023,147
Mirna,Tuji,Prihodi turistov,2024,233
Mirna,Tuji,Prihodi turistov,2025,
Mirna,Tuji,Prenočitve turistov,2018,
Mirna,Tuji,Prenočitve turistov,2019,
Mirna,Tuji,Prenočitve turistov,2020,
Mirna,Tuji,Prenočitve turistov,2021,
Mirna,Tuji,Prenočitve turistov,2022,299
Mirna,Tuji,Prenočitve turistov,2023,489
Mirna,Tuji,Prenočitve turistov,2024,782
Mirna,Tuji,Prenočitve turistov,2025,
Mirna Peč,Domači,Prihodi turistov,2018,133
Mirna Peč,Domači,Prihodi turistov,2019,73
Mirna Peč,Domači,Prihodi turistov,2020,178
Mirna Peč,Domači,Prihodi turistov,2021,
Mirna Peč,Domači,Prihodi turistov,2022,
Mirna Peč,Domači,Prihodi turistov,2023,19
Mirna Peč,Domači,Prihodi turistov,2024,
Mirna Peč,Domači,Prihodi turistov,2025,
Mirna Peč,Domači,Prenočitve turistov,2018,251
Mirna Peč,Domači,Prenočitve turistov,2019,144
Mirna Peč,Domači,Prenočitve turistov,2020,518
Mirna Peč,Domači,Prenočitve turistov,2021,
Mirna Peč,Domači,Prenočitve turistov,2022,
Mirna Peč,Domači,Prenočitve turistov,2023,61
Mirna Peč,Domači,Prenočitve turistov,2024,
Mirna Peč,Domači,Prenočitve turistov,2025,
Mirna Peč,Tuji,Prihodi turistov,2018,189
Mirna Peč,Tuji,Prihodi turistov,2019,116
Mirna Peč,Tuji,Prihodi turistov,2020,24
Mirna Peč,Tuji,Prihodi turistov,2021,
Mirna Peč,Tuji,Prihodi turistov,2022,
Mirna Peč,Tuji,Prihodi turistov,2023,49
Mirna Peč,Tuji,Prihodi turistov,2024,
Mirna Peč,Tuji,Prihodi turistov,2025,
Mirna Peč,Tuji,Prenočitve turistov,2018,1837
Mirna Peč,Tuji,Prenočitve turistov,2019,534
Mirna Peč,Tuji,Prenočitve turistov,2020,145
Mirna Peč,Tuji,Prenočitve turistov,2021,
Mirna Peč,Tuji,Prenočitve turistov,2022,
Mirna Peč,Tuji,Prenočitve turistov,2023,550
Mirna Peč,Tuji,Prenočitve turistov,2024,
Mirna Peč,Tuji,Prenočitve turistov,2025,
Mislinja,Domači,Prihodi turistov,2018,5362
Mislinja,Domači,Prihodi turistov,2019,4823
Mislinja,Domači,Prihodi turistov,2020,7734
Mislinja,Domači,Prihodi turistov,2021,5735
Mislinja,Domači,Prihodi turistov,2022,10423
Mislinja,Domači,Prihodi turistov,2023,10086
Mislinja,Domači,Prihodi turistov,2024,10869
Mislinja,Domači,Prihodi turistov,2025,10764
Mislinja,Domači,Prenočitve turistov,2018,14262
Mislinja,Domači,Prenočitve turistov,2019,12836
Mislinja,Domači,Prenočitve turistov,2020,20659
Mislinja,Domači,Prenočitve turistov,2021,13938
Mislinja,Domači,Prenočitve turistov,2022,27476
Mislinja,Domači,Prenočitve turistov,2023,27909
Mislinja,Domači,Prenočitve turistov,2024,29004
Mislinja,Domači,Prenočitve turistov,2025,27708
Mislinja,Tuji,Prihodi turistov,2018,1314
Mislinja,Tuji,Prihodi turistov,2019,1109
Mislinja,Tuji,Prihodi turistov,2020,578
Mislinja,Tuji,Prihodi turistov,2021,737
Mislinja,Tuji,Prihodi turistov,2022,1584
Mislinja,Tuji,Prihodi turistov,2023,1804
Mislinja,Tuji,Prihodi turistov,2024,2106
Mislinja,Tuji,Prihodi turistov,2025,1730
Mislinja,Tuji,Prenočitve turistov,2018,4616
Mislinja,Tuji,Prenočitve turistov,2019,4368
Mislinja,Tuji,Prenočitve turistov,2020,2584
Mislinja,Tuji,Prenočitve turistov,2021,3069
Mislinja,Tuji,Prenočitve turistov,2022,4421
Mislinja,Tuji,Prenočitve turistov,2023,5156
Mislinja,Tuji,Prenočitve turistov,2024,6864
Mislinja,Tuji,Prenočitve turistov,2025,4831
Mokronog - Trebelno,Domači,Prihodi turistov,2018,313
Mokronog - Trebelno,Domači,Prihodi turistov,2019,334
Mokronog - Trebelno,Domači,Prihodi turistov,2020,594
Mokronog - Trebelno,Domači,Prihodi turistov,2021,704
Mokronog - Trebelno,Domači,Prihodi turistov,2022,344
Mokronog - Trebelno,Domači,Prihodi turistov,2023,54
Mokronog - Trebelno,Domači,Prihodi turistov,2024,48
Mokronog - Trebelno,Domači,Prihodi turistov,2025,124
Mokronog - Trebelno,Domači,Prenočitve turistov,2018,716
Mokronog - Trebelno,Domači,Prenočitve turistov,2019,740
Mokronog - Trebelno,Domači,Prenočitve turistov,2020,1363
Mokronog - Trebelno,Domači,Prenočitve turistov,2021,1492
Mokronog - Trebelno,Domači,Prenočitve turistov,2022,661
Mokronog - Trebelno,Domači,Prenočitve turistov,2023,161
Mokronog - Trebelno,Domači,Prenočitve turistov,2024,141
Mokronog - Trebelno,Domači,Prenočitve turistov,2025,207
Mokronog - Trebelno,Tuji,Prihodi turistov,2018,154
Mokronog - Trebelno,Tuji,Prihodi turistov,2019,295
Mokronog - Trebelno,Tuji,Prihodi turistov,2020,62
Mokronog - Trebelno,Tuji,Prihodi turistov,2021,150
Mokronog - Trebelno,Tuji,Prihodi turistov,2022,173
Mokronog - Trebelno,Tuji,Prihodi turistov,2023,113
Mokronog - Trebelno,Tuji,Prihodi turistov,2024,193
Mokronog - Trebelno,Tuji,Prihodi turistov,2025,285
Mokronog - Trebelno,Tuji,Prenočitve turistov,2018,379
Mokronog - Trebelno,Tuji,Prenočitve turistov,2019,527
Mokronog - Trebelno,Tuji,Prenočitve turistov,2020,192
Mokronog - Trebelno,Tuji,Prenočitve turistov,2021,367
Mokronog - Trebelno,Tuji,Prenočitve turistov,2022,511
Mokronog - Trebelno,Tuji,Prenočitve turistov,2023,468
Mokronog - Trebelno,Tuji,Prenočitve turistov,2024,936
Mokronog - Trebelno,Tuji,Prenočitve turistov,2025,1143
Moravče,Domači,Prihodi turistov,2018,
Moravče,Domači,Prihodi turistov,2019,
Moravče,Domači,Prihodi turistov,2020,
Moravče,Domači,Prihodi turistov,2021,
Moravče,Domači,Prihodi turistov,2022,
Moravče,Domači,Prihodi turistov,2023,
Moravče,Domači,Prihodi turistov,2024,
Moravče,Domači,Prihodi turistov,2025,74
Moravče,Domači,Prenočitve turistov,2018,
Moravče,Domači,Prenočitve turistov,2019,
Moravče,Domači,Prenočitve turistov,2020,
Moravče,Domači,Prenočitve turistov,2021,
Moravče,Domači,Prenočitve turistov,2022,
Moravče,Domači,Prenočitve turistov,2023,
Moravče,Domači,Prenočitve turistov,2024,
Moravče,Domači,Prenočitve turistov,2025,95
Moravče,Tuji,Prihodi turistov,2018,
Moravče,Tuji,Prihodi turistov,2019,
Moravče,Tuji,Prihodi turistov,2020,
Moravče,Tuji,Prihodi turistov,2021,
Moravče,Tuji,Prihodi turistov,2022,
Moravče,Tuji,Prihodi turistov,2023,
Moravče,Tuji,Prihodi turistov,2024,
Moravče,Tuji,Prihodi turistov,2025,645
Moravče,Tuji,Prenočitve turistov,2018,
Moravče,Tuji,Prenočitve turistov,2019,
Moravče,Tuji,Prenočitve turistov,2020,
Moravče,Tuji,Prenočitve turistov,2021,
Moravče,Tuji,Prenočitve turistov,2022,
Moravče,Tuji,Prenočitve turistov,2023,
Moravče,Tuji,Prenočitve turistov,2024,
Moravče,Tuji,Prenočitve turistov,2025,1803
Moravske Toplice,Domači,Prihodi turistov,2018,85466
Moravske Toplice,Domači,Prihodi turistov,2019,85216
Moravske Toplice,Domači,Prihodi turistov,2020,91556
Moravske Toplice,Domači,Prihodi turistov,2021,111105
Moravske Toplice,Domači,Prihodi turistov,2022,104832
Moravske Toplice,Domači,Prihodi turistov,2023,83396
Moravske Toplice,Domači,Prihodi turistov,2024,81633
Moravske Toplice,Domači,Prihodi turistov,2025,78122
Moravske Toplice,Domači,Prenočitve turistov,2018,275535
Moravske Toplice,Domači,Prenočitve turistov,2019,265100
Moravske Toplice,Domači,Prenočitve turistov,2020,320538
Moravske Toplice,Domači,Prenočitve turistov,2021,361709
Moravske Toplice,Domači,Prenočitve turistov,2022,321928
Moravske Toplice,Domači,Prenočitve turistov,2023,266469
Moravske Toplice,Domači,Prenočitve turistov,2024,263698
Moravske Toplice,Domači,Prenočitve turistov,2025,251535
Moravske Toplice,Tuji,Prihodi turistov,2018,83294
Moravske Toplice,Tuji,Prihodi turistov,2019,86714
Moravske Toplice,Tuji,Prihodi turistov,2020,23250
Moravske Toplice,Tuji,Prihodi turistov,2021,19533
Moravske Toplice,Tuji,Prihodi turistov,2022,64830
Moravske Toplice,Tuji,Prihodi turistov,2023,79756
Moravske Toplice,Tuji,Prihodi turistov,2024,81491
Moravske Toplice,Tuji,Prihodi turistov,2025,86617
Moravske Toplice,Tuji,Prenočitve turistov,2018,283634
Moravske Toplice,Tuji,Prenočitve turistov,2019,293444
Moravske Toplice,Tuji,Prenočitve turistov,2020,72556
Moravske Toplice,Tuji,Prenočitve turistov,2021,71493
Moravske Toplice,Tuji,Prenočitve turistov,2022,215791
Moravske Toplice,Tuji,Prenočitve turistov,2023,263075
Moravske Toplice,Tuji,Prenočitve turistov,2024,273305
Moravske Toplice,Tuji,Prenočitve turistov,2025,289958
Mozirje,Domači,Prihodi turistov,2018,6276
Mozirje,Domači,Prihodi turistov,2019,7833
Mozirje,Domači,Prihodi turistov,2020,9307
Mozirje,Domači,Prihodi turistov,2021,9596
Mozirje,Domači,Prihodi turistov,2022,8234
Mozirje,Domači,Prihodi turistov,2023,5787
Mozirje,Domači,Prihodi turistov,2024,6508
Mozirje,Domači,Prihodi turistov,2025,6614
Mozirje,Domači,Prenočitve turistov,2018,14456
Mozirje,Domači,Prenočitve turistov,2019,16994
Mozirje,Domači,Prenočitve turistov,2020,24197
Mozirje,Domači,Prenočitve turistov,2021,21328
Mozirje,Domači,Prenočitve turistov,2022,17675
Mozirje,Domači,Prenočitve turistov,2023,11786
Mozirje,Domači,Prenočitve turistov,2024,12081
Mozirje,Domači,Prenočitve turistov,2025,13733
Mozirje,Tuji,Prihodi turistov,2018,6509
Mozirje,Tuji,Prihodi turistov,2019,6460
Mozirje,Tuji,Prihodi turistov,2020,2418
Mozirje,Tuji,Prihodi turistov,2021,3710
Mozirje,Tuji,Prihodi turistov,2022,9032
Mozirje,Tuji,Prihodi turistov,2023,8964
Mozirje,Tuji,Prihodi turistov,2024,11293
Mozirje,Tuji,Prihodi turistov,2025,13267
Mozirje,Tuji,Prenočitve turistov,2018,17861
Mozirje,Tuji,Prenočitve turistov,2019,19839
Mozirje,Tuji,Prenočitve turistov,2020,9991
Mozirje,Tuji,Prenočitve turistov,2021,13504
Mozirje,Tuji,Prenočitve turistov,2022,33000
Mozirje,Tuji,Prenočitve turistov,2023,32656
Mozirje,Tuji,Prenočitve turistov,2024,37794
Mozirje,Tuji,Prenočitve turistov,2025,45124
Murska Sobota,Domači,Prihodi turistov,2018,15151
Murska Sobota,Domači,Prihodi turistov,2019,15441
Murska Sobota,Domači,Prihodi turistov,2020,8481
Murska Sobota,Domači,Prihodi turistov,2021,11975
Murska Sobota,Domači,Prihodi turistov,2022,12709
Murska Sobota,Domači,Prihodi turistov,2023,8062
Murska Sobota,Domači,Prihodi turistov,2024,7566
Murska Sobota,Domači,Prihodi turistov,2025,7209
Murska Sobota,Domači,Prenočitve turistov,2018,31627
Murska Sobota,Domači,Prenočitve turistov,2019,31026
Murska Sobota,Domači,Prenočitve turistov,2020,20322
Murska Sobota,Domači,Prenočitve turistov,2021,25762
Murska Sobota,Domači,Prenočitve turistov,2022,28116
Murska Sobota,Domači,Prenočitve turistov,2023,17861
Murska Sobota,Domači,Prenočitve turistov,2024,16339
Murska Sobota,Domači,Prenočitve turistov,2025,15176
Murska Sobota,Tuji,Prihodi turistov,2018,9100
Murska Sobota,Tuji,Prihodi turistov,2019,11366
Murska Sobota,Tuji,Prihodi turistov,2020,1689
Murska Sobota,Tuji,Prihodi turistov,2021,2206
Murska Sobota,Tuji,Prihodi turistov,2022,4623
Murska Sobota,Tuji,Prihodi turistov,2023,5295
Murska Sobota,Tuji,Prihodi turistov,2024,4028
Murska Sobota,Tuji,Prihodi turistov,2025,3819
Murska Sobota,Tuji,Prenočitve turistov,2018,19055
Murska Sobota,Tuji,Prenočitve turistov,2019,20901
Murska Sobota,Tuji,Prenočitve turistov,2020,3979
Murska Sobota,Tuji,Prenočitve turistov,2021,6749
Murska Sobota,Tuji,Prenočitve turistov,2022,11996
Murska Sobota,Tuji,Prenočitve turistov,2023,14077
Murska Sobota,Tuji,Prenočitve turistov,2024,9662
Murska Sobota,Tuji,Prenočitve turistov,2025,8594
Muta,Domači,Prihodi turistov,2018,
Muta,Domači,Prihodi turistov,2019,136
Muta,Domači,Prihodi turistov,2020,560
Muta,Domači,Prihodi turistov,2021,463
Muta,Domači,Prihodi turistov,2022,263
Muta,Domači,Prihodi turistov,2023,303
Muta,Domači,Prihodi turistov,2024,244
Muta,Domači,Prihodi turistov,2025,381
Muta,Domači,Prenočitve turistov,2018,
Muta,Domači,Prenočitve turistov,2019,341
Muta,Domači,Prenočitve turistov,2020,1104
Muta,Domači,Prenočitve turistov,2021,935
Muta,Domači,Prenočitve turistov,2022,467
Muta,Domači,Prenočitve turistov,2023,467
Muta,Domači,Prenočitve turistov,2024,325
Muta,Domači,Prenočitve turistov,2025,535
Muta,Tuji,Prihodi turistov,2018,
Muta,Tuji,Prihodi turistov,2019,198
Muta,Tuji,Prihodi turistov,2020,104
Muta,Tuji,Prihodi turistov,2021,77
Muta,Tuji,Prihodi turistov,2022,229
Muta,Tuji,Prihodi turistov,2023,523
Muta,Tuji,Prihodi turistov,2024,507
Muta,Tuji,Prihodi turistov,2025,640
Muta,Tuji,Prenočitve turistov,2018,
Muta,Tuji,Prenočitve turistov,2019,570
Muta,Tuji,Prenočitve turistov,2020,249
Muta,Tuji,Prenočitve turistov,2021,189
Muta,Tuji,Prenočitve turistov,2022,445
Muta,Tuji,Prenočitve turistov,2023,909
Muta,Tuji,Prenočitve turistov,2024,1296
Muta,Tuji,Prenočitve turistov,2025,934
Naklo,Domači,Prihodi turistov,2018,1407
Naklo,Domači,Prihodi turistov,2019,1632
Naklo,Domači,Prihodi turistov,2020,1219
Naklo,Domači,Prihodi turistov,2021,2021
Naklo,Domači,Prihodi turistov,2022,1958
Naklo,Domači,Prihodi turistov,2023,1547
Naklo,Domači,Prihodi turistov,2024,1505
Naklo,Domači,Prihodi turistov,2025,1394
Naklo,Domači,Prenočitve turistov,2018,4790
Naklo,Domači,Prenočitve turistov,2019,4617
Naklo,Domači,Prenočitve turistov,2020,3768
Naklo,Domači,Prenočitve turistov,2021,5592
Naklo,Domači,Prenočitve turistov,2022,4676
Naklo,Domači,Prenočitve turistov,2023,3286
Naklo,Domači,Prenočitve turistov,2024,2999
Naklo,Domači,Prenočitve turistov,2025,2852
Naklo,Tuji,Prihodi turistov,2018,10130
Naklo,Tuji,Prihodi turistov,2019,10498
Naklo,Tuji,Prihodi turistov,2020,3182
Naklo,Tuji,Prihodi turistov,2021,5865
Naklo,Tuji,Prihodi turistov,2022,11137
Naklo,Tuji,Prihodi turistov,2023,10727
Naklo,Tuji,Prihodi turistov,2024,11324
Naklo,Tuji,Prihodi turistov,2025,11419
Naklo,Tuji,Prenočitve turistov,2018,23348
Naklo,Tuji,Prenočitve turistov,2019,25360
Naklo,Tuji,Prenočitve turistov,2020,8336
Naklo,Tuji,Prenočitve turistov,2021,13649
Naklo,Tuji,Prenočitve turistov,2022,24277
Naklo,Tuji,Prenočitve turistov,2023,24271
Naklo,Tuji,Prenočitve turistov,2024,23020
Naklo,Tuji,Prenočitve turistov,2025,29219
Nazarje,Domači,Prihodi turistov,2018,689
Nazarje,Domači,Prihodi turistov,2019,124
Nazarje,Domači,Prihodi turistov,2020,379
Nazarje,Domači,Prihodi turistov,2021,155
Nazarje,Domači,Prihodi turistov,2022,258
Nazarje,Domači,Prihodi turistov,2023,57
Nazarje,Domači,Prihodi turistov,2024,57
Nazarje,Domači,Prihodi turistov,2025,647
Nazarje,Domači,Prenočitve turistov,2018,1545
Nazarje,Domači,Prenočitve turistov,2019,205
Nazarje,Domači,Prenočitve turistov,2020,992
Nazarje,Domači,Prenočitve turistov,2021,456
Nazarje,Domači,Prenočitve turistov,2022,371
Nazarje,Domači,Prenočitve turistov,2023,124
Nazarje,Domači,Prenočitve turistov,2024,131
Nazarje,Domači,Prenočitve turistov,2025,728
Nazarje,Tuji,Prihodi turistov,2018,1725
Nazarje,Tuji,Prihodi turistov,2019,350
Nazarje,Tuji,Prihodi turistov,2020,158
Nazarje,Tuji,Prihodi turistov,2021,30
Nazarje,Tuji,Prihodi turistov,2022,90
Nazarje,Tuji,Prihodi turistov,2023,93
Nazarje,Tuji,Prihodi turistov,2024,253
Nazarje,Tuji,Prihodi turistov,2025,240
Nazarje,Tuji,Prenočitve turistov,2018,4485
Nazarje,Tuji,Prenočitve turistov,2019,798
Nazarje,Tuji,Prenočitve turistov,2020,426
Nazarje,Tuji,Prenočitve turistov,2021,232
Nazarje,Tuji,Prenočitve turistov,2022,550
Nazarje,Tuji,Prenočitve turistov,2023,534
Nazarje,Tuji,Prenočitve turistov,2024,880
Nazarje,Tuji,Prenočitve turistov,2025,1046
Nova Gorica,Domači,Prihodi turistov,2018,10335
Nova Gorica,Domači,Prihodi turistov,2019,10181
Nova Gorica,Domači,Prihodi turistov,2020,12144
Nova Gorica,Domači,Prihodi turistov,2021,15303
Nova Gorica,Domači,Prihodi turistov,2022,12360
Nova Gorica,Domači,Prihodi turistov,2023,11250
Nova Gorica,Domači,Prihodi turistov,2024,10540
Nova Gorica,Domači,Prihodi turistov,2025,10287
Nova Gorica,Domači,Prenočitve turistov,2018,19874
Nova Gorica,Domači,Prenočitve turistov,2019,16469
Nova Gorica,Domači,Prenočitve turistov,2020,24634
Nova Gorica,Domači,Prenočitve turistov,2021,29038
Nova Gorica,Domači,Prenočitve turistov,2022,21199
Nova Gorica,Domači,Prenočitve turistov,2023,18343
Nova Gorica,Domači,Prenočitve turistov,2024,16760
Nova Gorica,Domači,Prenočitve turistov,2025,16266
Nova Gorica,Tuji,Prihodi turistov,2018,97281
Nova Gorica,Tuji,Prihodi turistov,2019,92800
Nova Gorica,Tuji,Prihodi turistov,2020,31895
Nova Gorica,Tuji,Prihodi turistov,2021,40023
Nova Gorica,Tuji,Prihodi turistov,2022,74525
Nova Gorica,Tuji,Prihodi turistov,2023,79050
Nova Gorica,Tuji,Prihodi turistov,2024,72165
Nova Gorica,Tuji,Prihodi turistov,2025,84812
Nova Gorica,Tuji,Prenočitve turistov,2018,194307
Nova Gorica,Tuji,Prenočitve turistov,2019,177355
Nova Gorica,Tuji,Prenočitve turistov,2020,66993
Nova Gorica,Tuji,Prenočitve turistov,2021,89496
Nova Gorica,Tuji,Prenočitve turistov,2022,155078
Nova Gorica,Tuji,Prenočitve turistov,2023,159893
Nova Gorica,Tuji,Prenočitve turistov,2024,141287
Nova Gorica,Tuji,Prenočitve turistov,2025,170049
Novo mesto,Domači,Prihodi turistov,2018,8853
Novo mesto,Domači,Prihodi turistov,2019,8694
Novo mesto,Domači,Prihodi turistov,2020,9157
Novo mesto,Domači,Prihodi turistov,2021,13069
Novo mesto,Domači,Prihodi turistov,2022,8418
Novo mesto,Domači,Prihodi turistov,2023,6186
Novo mesto,Domači,Prihodi turistov,2024,7927
Novo mesto,Domači,Prihodi turistov,2025,7368
Novo mesto,Domači,Prenočitve turistov,2018,29336
Novo mesto,Domači,Prenočitve turistov,2019,16241
Novo mesto,Domači,Prenočitve turistov,2020,21228
Novo mesto,Domači,Prenočitve turistov,2021,28568
Novo mesto,Domači,Prenočitve turistov,2022,14757
Novo mesto,Domači,Prenočitve turistov,2023,10903
Novo mesto,Domači,Prenočitve turistov,2024,11746
Novo mesto,Domači,Prenočitve turistov,2025,11447
Novo mesto,Tuji,Prihodi turistov,2018,38191
Novo mesto,Tuji,Prihodi turistov,2019,37648
Novo mesto,Tuji,Prihodi turistov,2020,5939
Novo mesto,Tuji,Prihodi turistov,2021,11793
Novo mesto,Tuji,Prihodi turistov,2022,21482
Novo mesto,Tuji,Prihodi turistov,2023,25374
Novo mesto,Tuji,Prihodi turistov,2024,29670
Novo mesto,Tuji,Prihodi turistov,2025,30347
Novo mesto,Tuji,Prenočitve turistov,2018,88090
Novo mesto,Tuji,Prenočitve turistov,2019,74350
Novo mesto,Tuji,Prenočitve turistov,2020,12019
Novo mesto,Tuji,Prenočitve turistov,2021,24150
Novo mesto,Tuji,Prenočitve turistov,2022,41653
Novo mesto,Tuji,Prenočitve turistov,2023,46407
Novo mesto,Tuji,Prenočitve turistov,2024,49933
Novo mesto,Tuji,Prenočitve turistov,2025,60472
Odranci,Domači,Prihodi turistov,2018,
Odranci,Domači,Prihodi turistov,2019,
Odranci,Domači,Prihodi turistov,2020,
Odranci,Domači,Prihodi turistov,2021,
Odranci,Domači,Prihodi turistov,2022,
Odranci,Domači,Prihodi turistov,2023,
Odranci,Domači,Prihodi turistov,2024,
Odranci,Domači,Prihodi turistov,2025,
Odranci,Domači,Prenočitve turistov,2018,
Odranci,Domači,Prenočitve turistov,2019,
Odranci,Domači,Prenočitve turistov,2020,
Odranci,Domači,Prenočitve turistov,2021,
Odranci,Domači,Prenočitve turistov,2022,
Odranci,Domači,Prenočitve turistov,2023,
Odranci,Domači,Prenočitve turistov,2024,
Odranci,Domači,Prenočitve turistov,2025,
Odranci,Tuji,Prihodi turistov,2018,
Odranci,Tuji,Prihodi turistov,2019,
Odranci,Tuji,Prihodi turistov,2020,
Odranci,Tuji,Prihodi turistov,2021,
Odranci,Tuji,Prihodi turistov,2022,
Odranci,Tuji,Prihodi turistov,2023,
Odranci,Tuji,Prihodi turistov,2024,
Odranci,Tuji,Prihodi turistov,2025,
Odranci,Tuji,Prenočitve turistov,2018,
Odranci,Tuji,Prenočitve turistov,2019,
Odranci,Tuji,Prenočitve turistov,2020,
Odranci,Tuji,Prenočitve turistov,2021,
Odranci,Tuji,Prenočitve turistov,2022,
Odranci,Tuji,Prenočitve turistov,2023,
Odranci,Tuji,Prenočitve turistov,2024,
Odranci,Tuji,Prenočitve turistov,2025,
Oplotnica,Domači,Prihodi turistov,2018,
Oplotnica,Domači,Prihodi turistov,2019,
Oplotnica,Domači,Prihodi turistov,2020,
Oplotnica,Domači,Prihodi turistov,2021,
Oplotnica,Domači,Prihodi turistov,2022,
Oplotnica,Domači,Prihodi turistov,2023,
Oplotnica,Domači,Prihodi turistov,2024,
Oplotnica,Domači,Prihodi turistov,2025,
Oplotnica,Domači,Prenočitve turistov,2018,
Oplotnica,Domači,Prenočitve turistov,2019,
Oplotnica,Domači,Prenočitve turistov,2020,
Oplotnica,Domači,Prenočitve turistov,2021,
Oplotnica,Domači,Prenočitve turistov,2022,
Oplotnica,Domači,Prenočitve turistov,2023,
Oplotnica,Domači,Prenočitve turistov,2024,
Oplotnica,Domači,Prenočitve turistov,2025,
Oplotnica,Tuji,Prihodi turistov,2018,
Oplotnica,Tuji,Prihodi turistov,2019,
Oplotnica,Tuji,Prihodi turistov,2020,
Oplotnica,Tuji,Prihodi turistov,2021,
Oplotnica,Tuji,Prihodi turistov,2022,
Oplotnica,Tuji,Prihodi turistov,2023,
Oplotnica,Tuji,Prihodi turistov,2024,
Oplotnica,Tuji,Prihodi turistov,2025,
Oplotnica,Tuji,Prenočitve turistov,2018,
Oplotnica,Tuji,Prenočitve turistov,2019,
Oplotnica,Tuji,Prenočitve turistov,2020,
Oplotnica,Tuji,Prenočitve turistov,2021,
Oplotnica,Tuji,Prenočitve turistov,2022,
Oplotnica,Tuji,Prenočitve turistov,2023,
Oplotnica,Tuji,Prenočitve turistov,2024,
Oplotnica,Tuji,Prenočitve turistov,2025,
Ormož,Domači,Prihodi turistov,2018,779
Ormož,Domači,Prihodi turistov,2019,1272
Ormož,Domači,Prihodi turistov,2020,4200
Ormož,Domači,Prihodi turistov,2021,4734
Ormož,Domači,Prihodi turistov,2022,3365
Ormož,Domači,Prihodi turistov,2023,3749
Ormož,Domači,Prihodi turistov,2024,3552
Ormož,Domači,Prihodi turistov,2025,3669
Ormož,Domači,Prenočitve turistov,2018,1599
Ormož,Domači,Prenočitve turistov,2019,1860
Ormož,Domači,Prenočitve turistov,2020,9727
Ormož,Domači,Prenočitve turistov,2021,9553
Ormož,Domači,Prenočitve turistov,2022,5910
Ormož,Domači,Prenočitve turistov,2023,5788
Ormož,Domači,Prenočitve turistov,2024,5451
Ormož,Domači,Prenočitve turistov,2025,5819
Ormož,Tuji,Prihodi turistov,2018,2784
Ormož,Tuji,Prihodi turistov,2019,2308
Ormož,Tuji,Prihodi turistov,2020,1232
Ormož,Tuji,Prihodi turistov,2021,2424
Ormož,Tuji,Prihodi turistov,2022,4371
Ormož,Tuji,Prihodi turistov,2023,5093
Ormož,Tuji,Prihodi turistov,2024,5308
Ormož,Tuji,Prihodi turistov,2025,5532
Ormož,Tuji,Prenočitve turistov,2018,7145
Ormož,Tuji,Prenočitve turistov,2019,4837
Ormož,Tuji,Prenočitve turistov,2020,2579
Ormož,Tuji,Prenočitve turistov,2021,5044
Ormož,Tuji,Prenočitve turistov,2022,9371
Ormož,Tuji,Prenočitve turistov,2023,9870
Ormož,Tuji,Prenočitve turistov,2024,11008
Ormož,Tuji,Prenočitve turistov,2025,10956
Osilnica,Domači,Prihodi turistov,2018,
Osilnica,Domači,Prihodi turistov,2019,
Osilnica,Domači,Prihodi turistov,2020,
Osilnica,Domači,Prihodi turistov,2021,
Osilnica,Domači,Prihodi turistov,2022,
Osilnica,Domači,Prihodi turistov,2023,2728
Osilnica,Domači,Prihodi turistov,2024,2865
Osilnica,Domači,Prihodi turistov,2025,2940
Osilnica,Domači,Prenočitve turistov,2018,
Osilnica,Domači,Prenočitve turistov,2019,
Osilnica,Domači,Prenočitve turistov,2020,
Osilnica,Domači,Prenočitve turistov,2021,
Osilnica,Domači,Prenočitve turistov,2022,
Osilnica,Domači,Prenočitve turistov,2023,7763
Osilnica,Domači,Prenočitve turistov,2024,6601
Osilnica,Domači,Prenočitve turistov,2025,6594
Osilnica,Tuji,Prihodi turistov,2018,
Osilnica,Tuji,Prihodi turistov,2019,
Osilnica,Tuji,Prihodi turistov,2020,
Osilnica,Tuji,Prihodi turistov,2021,
Osilnica,Tuji,Prihodi turistov,2022,
Osilnica,Tuji,Prihodi turistov,2023,888
Osilnica,Tuji,Prihodi turistov,2024,1601
Osilnica,Tuji,Prihodi turistov,2025,1673
Osilnica,Tuji,Prenočitve turistov,2018,
Osilnica,Tuji,Prenočitve turistov,2019,
Osilnica,Tuji,Prenočitve turistov,2020,
Osilnica,Tuji,Prenočitve turistov,2021,
Osilnica,Tuji,Prenočitve turistov,2022,
Osilnica,Tuji,Prenočitve turistov,2023,3694
Osilnica,Tuji,Prenočitve turistov,2024,4195
Osilnica,Tuji,Prenočitve turistov,2025,3914
Pesnica,Domači,Prihodi turistov,2018,182
Pesnica,Domači,Prihodi turistov,2019,155
Pesnica,Domači,Prihodi turistov,2020,
Pesnica,Domači,Prihodi turistov,2021,1616
Pesnica,Domači,Prihodi turistov,2022,983
Pesnica,Domači,Prihodi turistov,2023,415
Pesnica,Domači,Prihodi turistov,2024,196
Pesnica,Domači,Prihodi turistov,2025,340
Pesnica,Domači,Prenočitve turistov,2018,846
Pesnica,Domači,Prenočitve turistov,2019,363
Pesnica,Domači,Prenočitve turistov,2020,
Pesnica,Domači,Prenočitve turistov,2021,4350
Pesnica,Domači,Prenočitve turistov,2022,2032
Pesnica,Domači,Prenočitve turistov,2023,792
Pesnica,Domači,Prenočitve turistov,2024,368
Pesnica,Domači,Prenočitve turistov,2025,549
Pesnica,Tuji,Prihodi turistov,2018,1442
Pesnica,Tuji,Prihodi turistov,2019,1027
Pesnica,Tuji,Prihodi turistov,2020,
Pesnica,Tuji,Prihodi turistov,2021,662
Pesnica,Tuji,Prihodi turistov,2022,1664
Pesnica,Tuji,Prihodi turistov,2023,1737
Pesnica,Tuji,Prihodi turistov,2024,2058
Pesnica,Tuji,Prihodi turistov,2025,2455
Pesnica,Tuji,Prenočitve turistov,2018,3050
Pesnica,Tuji,Prenočitve turistov,2019,3203
Pesnica,Tuji,Prenočitve turistov,2020,
Pesnica,Tuji,Prenočitve turistov,2021,1870
Pesnica,Tuji,Prenočitve turistov,2022,3807
Pesnica,Tuji,Prenočitve turistov,2023,4618
Pesnica,Tuji,Prenočitve turistov,2024,4518
Pesnica,Tuji,Prenočitve turistov,2025,4480
Piran/Pirano,Domači,Prihodi turistov,2018,188189
Piran/Pirano,Domači,Prihodi turistov,2019,191960
Piran/Pirano,Domači,Prihodi turistov,2020,244554
Piran/Pirano,Domači,Prihodi turistov,2021,299153
Piran/Pirano,Domači,Prihodi turistov,2022,249281
Piran/Pirano,Domači,Prihodi turistov,2023,197394
Piran/Pirano,Domači,Prihodi turistov,2024,187913
Piran/Pirano,Domači,Prihodi turistov,2025,188004
Piran/Pirano,Domači,Prenočitve turistov,2018,589624
Piran/Pirano,Domači,Prenočitve turistov,2019,583802
Piran/Pirano,Domači,Prenočitve turistov,2020,873084
Piran/Pirano,Domači,Prenočitve turistov,2021,992348
Piran/Pirano,Domači,Prenočitve turistov,2022,768006
Piran/Pirano,Domači,Prenočitve turistov,2023,628149
Piran/Pirano,Domači,Prenočitve turistov,2024,587441
Piran/Pirano,Domači,Prenočitve turistov,2025,607852
Piran/Pirano,Tuji,Prihodi turistov,2018,416403
Piran/Pirano,Tuji,Prihodi turistov,2019,428535
Piran/Pirano,Tuji,Prihodi turistov,2020,123956
Piran/Pirano,Tuji,Prihodi turistov,2021,168308
Piran/Pirano,Tuji,Prihodi turistov,2022,337806
Piran/Pirano,Tuji,Prihodi turistov,2023,393932
Piran/Pirano,Tuji,Prihodi turistov,2024,420110
Piran/Pirano,Tuji,Prihodi turistov,2025,443817
Piran/Pirano,Tuji,Prenočitve turistov,2018,1292759
Piran/Pirano,Tuji,Prenočitve turistov,2019,1290660
Piran/Pirano,Tuji,Prenočitve turistov,2020,399858
Piran/Pirano,Tuji,Prenočitve turistov,2021,546324
Piran/Pirano,Tuji,Prenočitve turistov,2022,1056892
Piran/Pirano,Tuji,Prenočitve turistov,2023,1190787
Piran/Pirano,Tuji,Prenočitve turistov,2024,1277162
Piran/Pirano,Tuji,Prenočitve turistov,2025,1338986
Pivka,Domači,Prihodi turistov,2018,246
Pivka,Domači,Prihodi turistov,2019,408
Pivka,Domači,Prihodi turistov,2020,1018
Pivka,Domači,Prihodi turistov,2021,1310
Pivka,Domači,Prihodi turistov,2022,1066
Pivka,Domači,Prihodi turistov,2023,671
Pivka,Domači,Prihodi turistov,2024,598
Pivka,Domači,Prihodi turistov,2025,589
Pivka,Domači,Prenočitve turistov,2018,504
Pivka,Domači,Prenočitve turistov,2019,624
Pivka,Domači,Prenočitve turistov,2020,2206
Pivka,Domači,Prenočitve turistov,2021,3030
Pivka,Domači,Prenočitve turistov,2022,2208
Pivka,Domači,Prenočitve turistov,2023,1227
Pivka,Domači,Prenočitve turistov,2024,1251
Pivka,Domači,Prenočitve turistov,2025,1299
Pivka,Tuji,Prihodi turistov,2018,4549
Pivka,Tuji,Prihodi turistov,2019,8781
Pivka,Tuji,Prihodi turistov,2020,3465
Pivka,Tuji,Prihodi turistov,2021,8707
Pivka,Tuji,Prihodi turistov,2022,14081
Pivka,Tuji,Prihodi turistov,2023,14151
Pivka,Tuji,Prihodi turistov,2024,15131
Pivka,Tuji,Prihodi turistov,2025,16194
Pivka,Tuji,Prenočitve turistov,2018,10034
Pivka,Tuji,Prenočitve turistov,2019,13505
Pivka,Tuji,Prenočitve turistov,2020,5311
Pivka,Tuji,Prenočitve turistov,2021,12458
Pivka,Tuji,Prenočitve turistov,2022,19324
Pivka,Tuji,Prenočitve turistov,2023,20758
Pivka,Tuji,Prenočitve turistov,2024,22679
Pivka,Tuji,Prenočitve turistov,2025,24463
Podčetrtek,Domači,Prihodi turistov,2018,73582
Podčetrtek,Domači,Prihodi turistov,2019,77726
Podčetrtek,Domači,Prihodi turistov,2020,75562
Podčetrtek,Domači,Prihodi turistov,2021,92986
Podčetrtek,Domači,Prihodi turistov,2022,93657
Podčetrtek,Domači,Prihodi turistov,2023,78757
Podčetrtek,Domači,Prihodi turistov,2024,79613
Podčetrtek,Domači,Prihodi turistov,2025,77649
Podčetrtek,Domači,Prenočitve turistov,2018,241312
Podčetrtek,Domači,Prenočitve turistov,2019,248060
Podčetrtek,Domači,Prenočitve turistov,2020,252035
Podčetrtek,Domači,Prenočitve turistov,2021,288516
Podčetrtek,Domači,Prenočitve turistov,2022,286210
Podčetrtek,Domači,Prenočitve turistov,2023,258780
Podčetrtek,Domači,Prenočitve turistov,2024,259230
Podčetrtek,Domači,Prenočitve turistov,2025,255564
Podčetrtek,Tuji,Prihodi turistov,2018,49404
Podčetrtek,Tuji,Prihodi turistov,2019,52207
Podčetrtek,Tuji,Prihodi turistov,2020,14449
Podčetrtek,Tuji,Prihodi turistov,2021,10552
Podčetrtek,Tuji,Prihodi turistov,2022,43266
Podčetrtek,Tuji,Prihodi turistov,2023,56893
Podčetrtek,Tuji,Prihodi turistov,2024,64891
Podčetrtek,Tuji,Prihodi turistov,2025,65729
Podčetrtek,Tuji,Prenočitve turistov,2018,150547
Podčetrtek,Tuji,Prenočitve turistov,2019,156856
Podčetrtek,Tuji,Prenočitve turistov,2020,41130
Podčetrtek,Tuji,Prenočitve turistov,2021,39807
Podčetrtek,Tuji,Prenočitve turistov,2022,127818
Podčetrtek,Tuji,Prenočitve turistov,2023,168874
Podčetrtek,Tuji,Prenočitve turistov,2024,185744
Podčetrtek,Tuji,Prenočitve turistov,2025,182512
Podlehnik,Domači,Prihodi turistov,2018,
Podlehnik,Domači,Prihodi turistov,2019,
Podlehnik,Domači,Prihodi turistov,2020,
Podlehnik,Domači,Prihodi turistov,2021,
Podlehnik,Domači,Prihodi turistov,2022,78
Podlehnik,Domači,Prihodi turistov,2023,
Podlehnik,Domači,Prihodi turistov,2024,
Podlehnik,Domači,Prihodi turistov,2025,182
Podlehnik,Domači,Prenočitve turistov,2018,
Podlehnik,Domači,Prenočitve turistov,2019,
Podlehnik,Domači,Prenočitve turistov,2020,
Podlehnik,Domači,Prenočitve turistov,2021,
Podlehnik,Domači,Prenočitve turistov,2022,199
Podlehnik,Domači,Prenočitve turistov,2023,
Podlehnik,Domači,Prenočitve turistov,2024,
Podlehnik,Domači,Prenočitve turistov,2025,287
Podlehnik,Tuji,Prihodi turistov,2018,
Podlehnik,Tuji,Prihodi turistov,2019,
Podlehnik,Tuji,Prihodi turistov,2020,
Podlehnik,Tuji,Prihodi turistov,2021,
Podlehnik,Tuji,Prihodi turistov,2022,884
Podlehnik,Tuji,Prihodi turistov,2023,
Podlehnik,Tuji,Prihodi turistov,2024,
Podlehnik,Tuji,Prihodi turistov,2025,3515
Podlehnik,Tuji,Prenočitve turistov,2018,
Podlehnik,Tuji,Prenočitve turistov,2019,
Podlehnik,Tuji,Prenočitve turistov,2020,
Podlehnik,Tuji,Prenočitve turistov,2021,
Podlehnik,Tuji,Prenočitve turistov,2022,1013
Podlehnik,Tuji,Prenočitve turistov,2023,
Podlehnik,Tuji,Prenočitve turistov,2024,
Podlehnik,Tuji,Prenočitve turistov,2025,3968
Podvelka,Domači,Prihodi turistov,2018,
Podvelka,Domači,Prihodi turistov,2019,39
Podvelka,Domači,Prihodi turistov,2020,
Podvelka,Domači,Prihodi turistov,2021,188
Podvelka,Domači,Prihodi turistov,2022,97
Podvelka,Domači,Prihodi turistov,2023,
Podvelka,Domači,Prihodi turistov,2024,54
Podvelka,Domači,Prihodi turistov,2025,136
Podvelka,Domači,Prenočitve turistov,2018,
Podvelka,Domači,Prenočitve turistov,2019,97
Podvelka,Domači,Prenočitve turistov,2020,
Podvelka,Domači,Prenočitve turistov,2021,567
Podvelka,Domači,Prenočitve turistov,2022,348
Podvelka,Domači,Prenočitve turistov,2023,
Podvelka,Domači,Prenočitve turistov,2024,105
Podvelka,Domači,Prenočitve turistov,2025,280
Podvelka,Tuji,Prihodi turistov,2018,
Podvelka,Tuji,Prihodi turistov,2019,135
Podvelka,Tuji,Prihodi turistov,2020,
Podvelka,Tuji,Prihodi turistov,2021,61
Podvelka,Tuji,Prihodi turistov,2022,158
Podvelka,Tuji,Prihodi turistov,2023,
Podvelka,Tuji,Prihodi turistov,2024,236
Podvelka,Tuji,Prihodi turistov,2025,255
Podvelka,Tuji,Prenočitve turistov,2018,
Podvelka,Tuji,Prenočitve turistov,2019,284
Podvelka,Tuji,Prenočitve turistov,2020,
Podvelka,Tuji,Prenočitve turistov,2021,86
Podvelka,Tuji,Prenočitve turistov,2022,239
Podvelka,Tuji,Prenočitve turistov,2023,
Podvelka,Tuji,Prenočitve turistov,2024,567
Podvelka,Tuji,Prenočitve turistov,2025,645
Poljčane,Domači,Prihodi turistov,2018,
Poljčane,Domači,Prihodi turistov,2019,
Poljčane,Domači,Prihodi turistov,2020,
Poljčane,Domači,Prihodi turistov,2021,
Poljčane,Domači,Prihodi turistov,2022,
Poljčane,Domači,Prihodi turistov,2023,
Poljčane,Domači,Prihodi turistov,2024,
Poljčane,Domači,Prihodi turistov,2025,
Poljčane,Domači,Prenočitve turistov,2018,
Poljčane,Domači,Prenočitve turistov,2019,
Poljčane,Domači,Prenočitve turistov,2020,
Poljčane,Domači,Prenočitve turistov,2021,
Poljčane,Domači,Prenočitve turistov,2022,
Poljčane,Domači,Prenočitve turistov,2023,
Poljčane,Domači,Prenočitve turistov,2024,
Poljčane,Domači,Prenočitve turistov,2025,
Poljčane,Tuji,Prihodi turistov,2018,
Poljčane,Tuji,Prihodi turistov,2019,
Poljčane,Tuji,Prihodi turistov,2020,
Poljčane,Tuji,Prihodi turistov,2021,
Poljčane,Tuji,Prihodi turistov,2022,
Poljčane,Tuji,Prihodi turistov,2023,
Poljčane,Tuji,Prihodi turistov,2024,
Poljčane,Tuji,Prihodi turistov,2025,
Poljčane,Tuji,Prenočitve turistov,2018,
Poljčane,Tuji,Prenočitve turistov,2019,
Poljčane,Tuji,Prenočitve turistov,2020,
Poljčane,Tuji,Prenočitve turistov,2021,
Poljčane,Tuji,Prenočitve turistov,2022,
Poljčane,Tuji,Prenočitve turistov,2023,
Poljčane,Tuji,Prenočitve turistov,2024,
Poljčane,Tuji,Prenočitve turistov,2025,
Polzela,Domači,Prihodi turistov,2018,2
Polzela,Domači,Prihodi turistov,2019,
Polzela,Domači,Prihodi turistov,2020,
Polzela,Domači,Prihodi turistov,2021,
Polzela,Domači,Prihodi turistov,2022,
Polzela,Domači,Prihodi turistov,2023,173
Polzela,Domači,Prihodi turistov,2024,198
Polzela,Domači,Prihodi turistov,2025,191
Polzela,Domači,Prenočitve turistov,2018,6
Polzela,Domači,Prenočitve turistov,2019,
Polzela,Domači,Prenočitve turistov,2020,
Polzela,Domači,Prenočitve turistov,2021,
Polzela,Domači,Prenočitve turistov,2022,
Polzela,Domači,Prenočitve turistov,2023,359
Polzela,Domači,Prenočitve turistov,2024,390
Polzela,Domači,Prenočitve turistov,2025,353
Polzela,Tuji,Prihodi turistov,2018,16
Polzela,Tuji,Prihodi turistov,2019,
Polzela,Tuji,Prihodi turistov,2020,
Polzela,Tuji,Prihodi turistov,2021,
Polzela,Tuji,Prihodi turistov,2022,
Polzela,Tuji,Prihodi turistov,2023,395
Polzela,Tuji,Prihodi turistov,2024,469
Polzela,Tuji,Prihodi turistov,2025,623
Polzela,Tuji,Prenočitve turistov,2018,43
Polzela,Tuji,Prenočitve turistov,2019,
Polzela,Tuji,Prenočitve turistov,2020,
Polzela,Tuji,Prenočitve turistov,2021,
Polzela,Tuji,Prenočitve turistov,2022,
Polzela,Tuji,Prenočitve turistov,2023,1116
Polzela,Tuji,Prenočitve turistov,2024,1559
Polzela,Tuji,Prenočitve turistov,2025,1927
Postojna,Domači,Prihodi turistov,2018,6587
Postojna,Domači,Prihodi turistov,2019,6121
Postojna,Domači,Prihodi turistov,2020,8033
Postojna,Domači,Prihodi turistov,2021,
Postojna,Domači,Prihodi turistov,2022,7934
Postojna,Domači,Prihodi turistov,2023,5883
Postojna,Domači,Prihodi turistov,2024,5230
Postojna,Domači,Prihodi turistov,2025,5672
Postojna,Domači,Prenočitve turistov,2018,15203
Postojna,Domači,Prenočitve turistov,2019,11385
Postojna,Domači,Prenočitve turistov,2020,16346
Postojna,Domači,Prenočitve turistov,2021,
Postojna,Domači,Prenočitve turistov,2022,14792
Postojna,Domači,Prenočitve turistov,2023,12611
Postojna,Domači,Prenočitve turistov,2024,11009
Postojna,Domači,Prenočitve turistov,2025,10629
Postojna,Tuji,Prihodi turistov,2018,98910
Postojna,Tuji,Prihodi turistov,2019,110209
Postojna,Tuji,Prihodi turistov,2020,18478
Postojna,Tuji,Prihodi turistov,2021,
Postojna,Tuji,Prihodi turistov,2022,77068
Postojna,Tuji,Prihodi turistov,2023,96217
Postojna,Tuji,Prihodi turistov,2024,100250
Postojna,Tuji,Prihodi turistov,2025,107331
Postojna,Tuji,Prenočitve turistov,2018,149222
Postojna,Tuji,Prenočitve turistov,2019,153913
Postojna,Tuji,Prenočitve turistov,2020,28732
Postojna,Tuji,Prenočitve turistov,2021,
Postojna,Tuji,Prenočitve turistov,2022,113946
Postojna,Tuji,Prenočitve turistov,2023,139013
Postojna,Tuji,Prenočitve turistov,2024,145547
Postojna,Tuji,Prenočitve turistov,2025,159872
Prebold,Domači,Prihodi turistov,2018,603
Prebold,Domači,Prihodi turistov,2019,670
Prebold,Domači,Prihodi turistov,2020,1215
Prebold,Domači,Prihodi turistov,2021,1213
Prebold,Domači,Prihodi turistov,2022,702
Prebold,Domači,Prihodi turistov,2023,897
Prebold,Domači,Prihodi turistov,2024,760
Prebold,Domači,Prihodi turistov,2025,775
Prebold,Domači,Prenočitve turistov,2018,956
Prebold,Domači,Prenočitve turistov,2019,1095
Prebold,Domači,Prenočitve turistov,2020,2930
Prebold,Domači,Prenočitve turistov,2021,2602
Prebold,Domači,Prenočitve turistov,2022,1286
Prebold,Domači,Prenočitve turistov,2023,1576
Prebold,Domači,Prenočitve turistov,2024,1288
Prebold,Domači,Prenočitve turistov,2025,1192
Prebold,Tuji,Prihodi turistov,2018,3052
Prebold,Tuji,Prihodi turistov,2019,2768
Prebold,Tuji,Prihodi turistov,2020,922
Prebold,Tuji,Prihodi turistov,2021,998
Prebold,Tuji,Prihodi turistov,2022,2212
Prebold,Tuji,Prihodi turistov,2023,2596
Prebold,Tuji,Prihodi turistov,2024,3092
Prebold,Tuji,Prihodi turistov,2025,3784
Prebold,Tuji,Prenočitve turistov,2018,8373
Prebold,Tuji,Prenočitve turistov,2019,7111
Prebold,Tuji,Prenočitve turistov,2020,3605
Prebold,Tuji,Prenočitve turistov,2021,2732
Prebold,Tuji,Prenočitve turistov,2022,6047
Prebold,Tuji,Prenočitve turistov,2023,6194
Prebold,Tuji,Prenočitve turistov,2024,7892
Prebold,Tuji,Prenočitve turistov,2025,7055
Preddvor,Domači,Prihodi turistov,2018,2167
Preddvor,Domači,Prihodi turistov,2019,1612
Preddvor,Domači,Prihodi turistov,2020,2971
Preddvor,Domači,Prihodi turistov,2021,2161
Preddvor,Domači,Prihodi turistov,2022,966
Preddvor,Domači,Prihodi turistov,2023,803
Preddvor,Domači,Prihodi turistov,2024,1367
Preddvor,Domači,Prihodi turistov,2025,1385
Preddvor,Domači,Prenočitve turistov,2018,4339
Preddvor,Domači,Prenočitve turistov,2019,2532
Preddvor,Domači,Prenočitve turistov,2020,5187
Preddvor,Domači,Prenočitve turistov,2021,4076
Preddvor,Domači,Prenočitve turistov,2022,1832
Preddvor,Domači,Prenočitve turistov,2023,1138
Preddvor,Domači,Prenočitve turistov,2024,1800
Preddvor,Domači,Prenočitve turistov,2025,2158
Preddvor,Tuji,Prihodi turistov,2018,5600
Preddvor,Tuji,Prihodi turistov,2019,8920
Preddvor,Tuji,Prihodi turistov,2020,1745
Preddvor,Tuji,Prihodi turistov,2021,2635
Preddvor,Tuji,Prihodi turistov,2022,3972
Preddvor,Tuji,Prihodi turistov,2023,4428
Preddvor,Tuji,Prihodi turistov,2024,6694
Preddvor,Tuji,Prihodi turistov,2025,7652
Preddvor,Tuji,Prenočitve turistov,2018,15576
Preddvor,Tuji,Prenočitve turistov,2019,17624
Preddvor,Tuji,Prenočitve turistov,2020,5156
Preddvor,Tuji,Prenočitve turistov,2021,7720
Preddvor,Tuji,Prenočitve turistov,2022,11802
Preddvor,Tuji,Prenočitve turistov,2023,11942
Preddvor,Tuji,Prenočitve turistov,2024,15522
Preddvor,Tuji,Prenočitve turistov,2025,19380
Prevalje,Domači,Prihodi turistov,2018,1281
Prevalje,Domači,Prihodi turistov,2019,1344
Prevalje,Domači,Prihodi turistov,2020,
Prevalje,Domači,Prihodi turistov,2021,4235
Prevalje,Domači,Prihodi turistov,2022,2500
Prevalje,Domači,Prihodi turistov,2023,1703
Prevalje,Domači,Prihodi turistov,2024,1957
Prevalje,Domači,Prihodi turistov,2025,1611
Prevalje,Domači,Prenočitve turistov,2018,2258
Prevalje,Domači,Prenočitve turistov,2019,2166
Prevalje,Domači,Prenočitve turistov,2020,
Prevalje,Domači,Prenočitve turistov,2021,9763
Prevalje,Domači,Prenočitve turistov,2022,4839
Prevalje,Domači,Prenočitve turistov,2023,3034
Prevalje,Domači,Prenočitve turistov,2024,3476
Prevalje,Domači,Prenočitve turistov,2025,2854
Prevalje,Tuji,Prihodi turistov,2018,2342
Prevalje,Tuji,Prihodi turistov,2019,2353
Prevalje,Tuji,Prihodi turistov,2020,
Prevalje,Tuji,Prihodi turistov,2021,1499
Prevalje,Tuji,Prihodi turistov,2022,2617
Prevalje,Tuji,Prihodi turistov,2023,3151
Prevalje,Tuji,Prihodi turistov,2024,3630
Prevalje,Tuji,Prihodi turistov,2025,3419
Prevalje,Tuji,Prenočitve turistov,2018,6269
Prevalje,Tuji,Prenočitve turistov,2019,5891
Prevalje,Tuji,Prenočitve turistov,2020,
Prevalje,Tuji,Prenočitve turistov,2021,3713
Prevalje,Tuji,Prenočitve turistov,2022,6552
Prevalje,Tuji,Prenočitve turistov,2023,7275
Prevalje,Tuji,Prenočitve turistov,2024,9098
Prevalje,Tuji,Prenočitve turistov,2025,8478
Ptuj,Domači,Prihodi turistov,2018,22837
Ptuj,Domači,Prihodi turistov,2019,22685
Ptuj,Domači,Prihodi turistov,2020,22547
Ptuj,Domači,Prihodi turistov,2021,26562
Ptuj,Domači,Prihodi turistov,2022,29089
Ptuj,Domači,Prihodi turistov,2023,22342
Ptuj,Domači,Prihodi turistov,2024,22218
Ptuj,Domači,Prihodi turistov,2025,21548
Ptuj,Domači,Prenočitve turistov,2018,66048
Ptuj,Domači,Prenočitve turistov,2019,68248
Ptuj,Domači,Prenočitve turistov,2020,70450
Ptuj,Domači,Prenočitve turistov,2021,72780
Ptuj,Domači,Prenočitve turistov,2022,80020
Ptuj,Domači,Prenočitve turistov,2023,69392
Ptuj,Domači,Prenočitve turistov,2024,69154
Ptuj,Domači,Prenočitve turistov,2025,64184
Ptuj,Tuji,Prihodi turistov,2018,41241
Ptuj,Tuji,Prihodi turistov,2019,44285
Ptuj,Tuji,Prihodi turistov,2020,9591
Ptuj,Tuji,Prihodi turistov,2021,17885
Ptuj,Tuji,Prihodi turistov,2022,37642
Ptuj,Tuji,Prihodi turistov,2023,41307
Ptuj,Tuji,Prihodi turistov,2024,43357
Ptuj,Tuji,Prihodi turistov,2025,46896
Ptuj,Tuji,Prenočitve turistov,2018,80629
Ptuj,Tuji,Prenočitve turistov,2019,88420
Ptuj,Tuji,Prenočitve turistov,2020,20395
Ptuj,Tuji,Prenočitve turistov,2021,32892
Ptuj,Tuji,Prenočitve turistov,2022,74683
Ptuj,Tuji,Prenočitve turistov,2023,80503
Ptuj,Tuji,Prenočitve turistov,2024,84949
Ptuj,Tuji,Prenočitve turistov,2025,93515
Puconci,Domači,Prihodi turistov,2018,554
Puconci,Domači,Prihodi turistov,2019,551
Puconci,Domači,Prihodi turistov,2020,1539
Puconci,Domači,Prihodi turistov,2021,2168
Puconci,Domači,Prihodi turistov,2022,903
Puconci,Domači,Prihodi turistov,2023,552
Puconci,Domači,Prihodi turistov,2024,629
Puconci,Domači,Prihodi turistov,2025,798
Puconci,Domači,Prenočitve turistov,2018,933
Puconci,Domači,Prenočitve turistov,2019,975
Puconci,Domači,Prenočitve turistov,2020,4352
Puconci,Domači,Prenočitve turistov,2021,5780
Puconci,Domači,Prenočitve turistov,2022,2027
Puconci,Domači,Prenočitve turistov,2023,1245
Puconci,Domači,Prenočitve turistov,2024,1408
Puconci,Domači,Prenočitve turistov,2025,1549
Puconci,Tuji,Prihodi turistov,2018,493
Puconci,Tuji,Prihodi turistov,2019,181
Puconci,Tuji,Prihodi turistov,2020,41
Puconci,Tuji,Prihodi turistov,2021,60
Puconci,Tuji,Prihodi turistov,2022,190
Puconci,Tuji,Prihodi turistov,2023,291
Puconci,Tuji,Prihodi turistov,2024,273
Puconci,Tuji,Prihodi turistov,2025,385
Puconci,Tuji,Prenočitve turistov,2018,1571
Puconci,Tuji,Prenočitve turistov,2019,644
Puconci,Tuji,Prenočitve turistov,2020,199
Puconci,Tuji,Prenočitve turistov,2021,182
Puconci,Tuji,Prenočitve turistov,2022,698
Puconci,Tuji,Prenočitve turistov,2023,959
Puconci,Tuji,Prenočitve turistov,2024,1057
Puconci,Tuji,Prenočitve turistov,2025,1148
Rače - Fram,Domači,Prihodi turistov,2018,136
Rače - Fram,Domači,Prihodi turistov,2019,251
Rače - Fram,Domači,Prihodi turistov,2020,409
Rače - Fram,Domači,Prihodi turistov,2021,421
Rače - Fram,Domači,Prihodi turistov,2022,344
Rače - Fram,Domači,Prihodi turistov,2023,305
Rače - Fram,Domači,Prihodi turistov,2024,
Rače - Fram,Domači,Prihodi turistov,2025,
Rače - Fram,Domači,Prenočitve turistov,2018,231
Rače - Fram,Domači,Prenočitve turistov,2019,500
Rače - Fram,Domači,Prenočitve turistov,2020,1086
Rače - Fram,Domači,Prenočitve turistov,2021,1060
Rače - Fram,Domači,Prenočitve turistov,2022,798
Rače - Fram,Domači,Prenočitve turistov,2023,723
Rače - Fram,Domači,Prenočitve turistov,2024,
Rače - Fram,Domači,Prenočitve turistov,2025,
Rače - Fram,Tuji,Prihodi turistov,2018,246
Rače - Fram,Tuji,Prihodi turistov,2019,437
Rače - Fram,Tuji,Prihodi turistov,2020,114
Rače - Fram,Tuji,Prihodi turistov,2021,141
Rače - Fram,Tuji,Prihodi turistov,2022,226
Rače - Fram,Tuji,Prihodi turistov,2023,280
Rače - Fram,Tuji,Prihodi turistov,2024,
Rače - Fram,Tuji,Prihodi turistov,2025,
Rače - Fram,Tuji,Prenočitve turistov,2018,823
Rače - Fram,Tuji,Prenočitve turistov,2019,1627
Rače - Fram,Tuji,Prenočitve turistov,2020,375
Rače - Fram,Tuji,Prenočitve turistov,2021,215
Rače - Fram,Tuji,Prenočitve turistov,2022,469
Rače - Fram,Tuji,Prenočitve turistov,2023,958
Rače - Fram,Tuji,Prenočitve turistov,2024,
Rače - Fram,Tuji,Prenočitve turistov,2025,
Radeče,Domači,Prihodi turistov,2018,122
Radeče,Domači,Prihodi turistov,2019,75
Radeče,Domači,Prihodi turistov,2020,
Radeče,Domači,Prihodi turistov,2021,
Radeče,Domači,Prihodi turistov,2022,384
Radeče,Domači,Prihodi turistov,2023,176
Radeče,Domači,Prihodi turistov,2024,137
Radeče,Domači,Prihodi turistov,2025,218
Radeče,Domači,Prenočitve turistov,2018,364
Radeče,Domači,Prenočitve turistov,2019,155
Radeče,Domači,Prenočitve turistov,2020,
Radeče,Domači,Prenočitve turistov,2021,
Radeče,Domači,Prenočitve turistov,2022,786
Radeče,Domači,Prenočitve turistov,2023,409
Radeče,Domači,Prenočitve turistov,2024,273
Radeče,Domači,Prenočitve turistov,2025,359
Radeče,Tuji,Prihodi turistov,2018,196
Radeče,Tuji,Prihodi turistov,2019,318
Radeče,Tuji,Prihodi turistov,2020,
Radeče,Tuji,Prihodi turistov,2021,
Radeče,Tuji,Prihodi turistov,2022,387
Radeče,Tuji,Prihodi turistov,2023,411
Radeče,Tuji,Prihodi turistov,2024,492
Radeče,Tuji,Prihodi turistov,2025,531
Radeče,Tuji,Prenočitve turistov,2018,1247
Radeče,Tuji,Prenočitve turistov,2019,967
Radeče,Tuji,Prenočitve turistov,2020,
Radeče,Tuji,Prenočitve turistov,2021,
Radeče,Tuji,Prenočitve turistov,2022,1419
Radeče,Tuji,Prenočitve turistov,2023,1308
Radeče,Tuji,Prenočitve turistov,2024,1282
Radeče,Tuji,Prenočitve turistov,2025,1691
Radenci,Domači,Prihodi turistov,2018,23787
Radenci,Domači,Prihodi turistov,2019,23789
Radenci,Domači,Prihodi turistov,2020,18959
Radenci,Domači,Prihodi turistov,2021,22602
Radenci,Domači,Prihodi turistov,2022,26865
Radenci,Domači,Prihodi turistov,2023,23448
Radenci,Domači,Prihodi turistov,2024,23054
Radenci,Domači,Prihodi turistov,2025,23500
Radenci,Domači,Prenočitve turistov,2018,74900
Radenci,Domači,Prenočitve turistov,2019,76302
Radenci,Domači,Prenočitve turistov,2020,71059
Radenci,Domači,Prenočitve turistov,2021,83825
Radenci,Domači,Prenočitve turistov,2022,91069
Radenci,Domači,Prenočitve turistov,2023,82770
Radenci,Domači,Prenočitve turistov,2024,85701
Radenci,Domači,Prenočitve turistov,2025,85969
Radenci,Tuji,Prihodi turistov,2018,18310
Radenci,Tuji,Prihodi turistov,2019,18861
Radenci,Tuji,Prihodi turistov,2020,4573
Radenci,Tuji,Prihodi turistov,2021,3419
Radenci,Tuji,Prihodi turistov,2022,12077
Radenci,Tuji,Prihodi turistov,2023,13570
Radenci,Tuji,Prihodi turistov,2024,15502
Radenci,Tuji,Prihodi turistov,2025,16562
Radenci,Tuji,Prenočitve turistov,2018,65917
Radenci,Tuji,Prenočitve turistov,2019,69382
Radenci,Tuji,Prenočitve turistov,2020,15261
Radenci,Tuji,Prenočitve turistov,2021,14252
Radenci,Tuji,Prenočitve turistov,2022,42354
Radenci,Tuji,Prenočitve turistov,2023,43883
Radenci,Tuji,Prenočitve turistov,2024,51229
Radenci,Tuji,Prenočitve turistov,2025,54062
Radlje ob Dravi,Domači,Prihodi turistov,2018,605
Radlje ob Dravi,Domači,Prihodi turistov,2019,955
Radlje ob Dravi,Domači,Prihodi turistov,2020,1912
Radlje ob Dravi,Domači,Prihodi turistov,2021,
Radlje ob Dravi,Domači,Prihodi turistov,2022,1236
Radlje ob Dravi,Domači,Prihodi turistov,2023,
Radlje ob Dravi,Domači,Prihodi turistov,2024,1112
Radlje ob Dravi,Domači,Prihodi turistov,2025,1234
Radlje ob Dravi,Domači,Prenočitve turistov,2018,1166
Radlje ob Dravi,Domači,Prenočitve turistov,2019,1606
Radlje ob Dravi,Domači,Prenočitve turistov,2020,3421
Radlje ob Dravi,Domači,Prenočitve turistov,2021,
Radlje ob Dravi,Domači,Prenočitve turistov,2022,2528
Radlje ob Dravi,Domači,Prenočitve turistov,2023,
Radlje ob Dravi,Domači,Prenočitve turistov,2024,1925
Radlje ob Dravi,Domači,Prenočitve turistov,2025,3168
Radlje ob Dravi,Tuji,Prihodi turistov,2018,885
Radlje ob Dravi,Tuji,Prihodi turistov,2019,1274
Radlje ob Dravi,Tuji,Prihodi turistov,2020,357
Radlje ob Dravi,Tuji,Prihodi turistov,2021,
Radlje ob Dravi,Tuji,Prihodi turistov,2022,1557
Radlje ob Dravi,Tuji,Prihodi turistov,2023,
Radlje ob Dravi,Tuji,Prihodi turistov,2024,1737
Radlje ob Dravi,Tuji,Prihodi turistov,2025,1713
Radlje ob Dravi,Tuji,Prenočitve turistov,2018,3131
Radlje ob Dravi,Tuji,Prenočitve turistov,2019,2644
Radlje ob Dravi,Tuji,Prenočitve turistov,2020,753
Radlje ob Dravi,Tuji,Prenočitve turistov,2021,
Radlje ob Dravi,Tuji,Prenočitve turistov,2022,3948
Radlje ob Dravi,Tuji,Prenočitve turistov,2023,
Radlje ob Dravi,Tuji,Prenočitve turistov,2024,3098
Radlje ob Dravi,Tuji,Prenočitve turistov,2025,3234
Radovljica,Domači,Prihodi turistov,2018,6397
Radovljica,Domači,Prihodi turistov,2019,7722
Radovljica,Domači,Prihodi turistov,2020,21407
Radovljica,Domači,Prihodi turistov,2021,18913
Radovljica,Domači,Prihodi turistov,2022,11729
Radovljica,Domači,Prihodi turistov,2023,7210
Radovljica,Domači,Prihodi turistov,2024,7686
Radovljica,Domači,Prihodi turistov,2025,7061
Radovljica,Domači,Prenočitve turistov,2018,12541
Radovljica,Domači,Prenočitve turistov,2019,15005
Radovljica,Domači,Prenočitve turistov,2020,58568
Radovljica,Domači,Prenočitve turistov,2021,48455
Radovljica,Domači,Prenočitve turistov,2022,26869
Radovljica,Domači,Prenočitve turistov,2023,16373
Radovljica,Domači,Prenočitve turistov,2024,16765
Radovljica,Domači,Prenočitve turistov,2025,14887
Radovljica,Tuji,Prihodi turistov,2018,117629
Radovljica,Tuji,Prihodi turistov,2019,133290
Radovljica,Tuji,Prihodi turistov,2020,36081
Radovljica,Tuji,Prihodi turistov,2021,86158
Radovljica,Tuji,Prihodi turistov,2022,157218
Radovljica,Tuji,Prihodi turistov,2023,165469
Radovljica,Tuji,Prihodi turistov,2024,166727
Radovljica,Tuji,Prihodi turistov,2025,184115
Radovljica,Tuji,Prenočitve turistov,2018,267561
Radovljica,Tuji,Prenočitve turistov,2019,302581
Radovljica,Tuji,Prenočitve turistov,2020,100237
Radovljica,Tuji,Prenočitve turistov,2021,221231
Radovljica,Tuji,Prenočitve turistov,2022,413611
Radovljica,Tuji,Prenočitve turistov,2023,427930
Radovljica,Tuji,Prenočitve turistov,2024,446524
Radovljica,Tuji,Prenočitve turistov,2025,488771
Ravne na Koroškem,Domači,Prihodi turistov,2018,2129
Ravne na Koroškem,Domači,Prihodi turistov,2019,2350
Ravne na Koroškem,Domači,Prihodi turistov,2020,2310
Ravne na Koroškem,Domači,Prihodi turistov,2021,2460
Ravne na Koroškem,Domači,Prihodi turistov,2022,3340
Ravne na Koroškem,Domači,Prihodi turistov,2023,2388
Ravne na Koroškem,Domači,Prihodi turistov,2024,2615
Ravne na Koroškem,Domači,Prihodi turistov,2025,2539
Ravne na Koroškem,Domači,Prenočitve turistov,2018,5507
Ravne na Koroškem,Domači,Prenočitve turistov,2019,7047
Ravne na Koroškem,Domači,Prenočitve turistov,2020,7136
Ravne na Koroškem,Domači,Prenočitve turistov,2021,7075
Ravne na Koroškem,Domači,Prenočitve turistov,2022,9214
Ravne na Koroškem,Domači,Prenočitve turistov,2023,6286
Ravne na Koroškem,Domači,Prenočitve turistov,2024,7179
Ravne na Koroškem,Domači,Prenočitve turistov,2025,7864
Ravne na Koroškem,Tuji,Prihodi turistov,2018,1439
Ravne na Koroškem,Tuji,Prihodi turistov,2019,1434
Ravne na Koroškem,Tuji,Prihodi turistov,2020,487
Ravne na Koroškem,Tuji,Prihodi turistov,2021,644
Ravne na Koroškem,Tuji,Prihodi turistov,2022,1433
Ravne na Koroškem,Tuji,Prihodi turistov,2023,1636
Ravne na Koroškem,Tuji,Prihodi turistov,2024,1820
Ravne na Koroškem,Tuji,Prihodi turistov,2025,1591
Ravne na Koroškem,Tuji,Prenočitve turistov,2018,3818
Ravne na Koroškem,Tuji,Prenočitve turistov,2019,4580
Ravne na Koroškem,Tuji,Prenočitve turistov,2020,1572
Ravne na Koroškem,Tuji,Prenočitve turistov,2021,2114
Ravne na Koroškem,Tuji,Prenočitve turistov,2022,4341
Ravne na Koroškem,Tuji,Prenočitve turistov,2023,4687
Ravne na Koroškem,Tuji,Prenočitve turistov,2024,5092
Ravne na Koroškem,Tuji,Prenočitve turistov,2025,4862
Razkrižje,Domači,Prihodi turistov,2018,
Razkrižje,Domači,Prihodi turistov,2019,154
Razkrižje,Domači,Prihodi turistov,2020,514
Razkrižje,Domači,Prihodi turistov,2021,583
Razkrižje,Domači,Prihodi turistov,2022,430
Razkrižje,Domači,Prihodi turistov,2023,146
Razkrižje,Domači,Prihodi turistov,2024,174
Razkrižje,Domači,Prihodi turistov,2025,144
Razkrižje,Domači,Prenočitve turistov,2018,
Razkrižje,Domači,Prenočitve turistov,2019,359
Razkrižje,Domači,Prenočitve turistov,2020,1406
Razkrižje,Domači,Prenočitve turistov,2021,1635
Razkrižje,Domači,Prenočitve turistov,2022,839
Razkrižje,Domači,Prenočitve turistov,2023,216
Razkrižje,Domači,Prenočitve turistov,2024,234
Razkrižje,Domači,Prenočitve turistov,2025,226
Razkrižje,Tuji,Prihodi turistov,2018,
Razkrižje,Tuji,Prihodi turistov,2019,294
Razkrižje,Tuji,Prihodi turistov,2020,58
Razkrižje,Tuji,Prihodi turistov,2021,159
Razkrižje,Tuji,Prihodi turistov,2022,569
Razkrižje,Tuji,Prihodi turistov,2023,618
Razkrižje,Tuji,Prihodi turistov,2024,981
Razkrižje,Tuji,Prihodi turistov,2025,836
Razkrižje,Tuji,Prenočitve turistov,2018,
Razkrižje,Tuji,Prenočitve turistov,2019,442
Razkrižje,Tuji,Prenočitve turistov,2020,95
Razkrižje,Tuji,Prenočitve turistov,2021,734
Razkrižje,Tuji,Prenočitve turistov,2022,734
Razkrižje,Tuji,Prenočitve turistov,2023,905
Razkrižje,Tuji,Prenočitve turistov,2024,1266
Razkrižje,Tuji,Prenočitve turistov,2025,1156
Rečica ob Savinji,Domači,Prihodi turistov,2018,3935
Rečica ob Savinji,Domači,Prihodi turistov,2019,3841
Rečica ob Savinji,Domači,Prihodi turistov,2020,10771
Rečica ob Savinji,Domači,Prihodi turistov,2021,11239
Rečica ob Savinji,Domači,Prihodi turistov,2022,7704
Rečica ob Savinji,Domači,Prihodi turistov,2023,3004
Rečica ob Savinji,Domači,Prihodi turistov,2024,4571
Rečica ob Savinji,Domači,Prihodi turistov,2025,5362
Rečica ob Savinji,Domači,Prenočitve turistov,2018,9697
Rečica ob Savinji,Domači,Prenočitve turistov,2019,8622
Rečica ob Savinji,Domači,Prenočitve turistov,2020,31835
Rečica ob Savinji,Domači,Prenočitve turistov,2021,31874
Rečica ob Savinji,Domači,Prenočitve turistov,2022,18811
Rečica ob Savinji,Domači,Prenočitve turistov,2023,6680
Rečica ob Savinji,Domači,Prenočitve turistov,2024,10415
Rečica ob Savinji,Domači,Prenočitve turistov,2025,12144
Rečica ob Savinji,Tuji,Prihodi turistov,2018,10817
Rečica ob Savinji,Tuji,Prihodi turistov,2019,7006
Rečica ob Savinji,Tuji,Prihodi turistov,2020,2008
Rečica ob Savinji,Tuji,Prihodi turistov,2021,3309
Rečica ob Savinji,Tuji,Prihodi turistov,2022,7458
Rečica ob Savinji,Tuji,Prihodi turistov,2023,5982
Rečica ob Savinji,Tuji,Prihodi turistov,2024,10543
Rečica ob Savinji,Tuji,Prihodi turistov,2025,12259
Rečica ob Savinji,Tuji,Prenočitve turistov,2018,63845
Rečica ob Savinji,Tuji,Prenočitve turistov,2019,45202
Rečica ob Savinji,Tuji,Prenočitve turistov,2020,13184
Rečica ob Savinji,Tuji,Prenočitve turistov,2021,20803
Rečica ob Savinji,Tuji,Prenočitve turistov,2022,44618
Rečica ob Savinji,Tuji,Prenočitve turistov,2023,33445
Rečica ob Savinji,Tuji,Prenočitve turistov,2024,55319
Rečica ob Savinji,Tuji,Prenočitve turistov,2025,64803
Renče - Vogrsko,Domači,Prihodi turistov,2018,2587
Renče - Vogrsko,Domači,Prihodi turistov,2019,
Renče - Vogrsko,Domači,Prihodi turistov,2020,
Renče - Vogrsko,Domači,Prihodi turistov,2021,
Renče - Vogrsko,Domači,Prihodi turistov,2022,1450
Renče - Vogrsko,Domači,Prihodi turistov,2023,1303
Renče - Vogrsko,Domači,Prihodi turistov,2024,1478
Renče - Vogrsko,Domači,Prihodi turistov,2025,1745
Renče - Vogrsko,Domači,Prenočitve turistov,2018,4638
Renče - Vogrsko,Domači,Prenočitve turistov,2019,
Renče - Vogrsko,Domači,Prenočitve turistov,2020,
Renče - Vogrsko,Domači,Prenočitve turistov,2021,
Renče - Vogrsko,Domači,Prenočitve turistov,2022,2634
Renče - Vogrsko,Domači,Prenočitve turistov,2023,2086
Renče - Vogrsko,Domači,Prenočitve turistov,2024,2521
Renče - Vogrsko,Domači,Prenočitve turistov,2025,2828
Renče - Vogrsko,Tuji,Prihodi turistov,2018,8273
Renče - Vogrsko,Tuji,Prihodi turistov,2019,
Renče - Vogrsko,Tuji,Prihodi turistov,2020,
Renče - Vogrsko,Tuji,Prihodi turistov,2021,
Renče - Vogrsko,Tuji,Prihodi turistov,2022,2610
Renče - Vogrsko,Tuji,Prihodi turistov,2023,4410
Renče - Vogrsko,Tuji,Prihodi turistov,2024,4909
Renče - Vogrsko,Tuji,Prihodi turistov,2025,6637
Renče - Vogrsko,Tuji,Prenočitve turistov,2018,15802
Renče - Vogrsko,Tuji,Prenočitve turistov,2019,
Renče - Vogrsko,Tuji,Prenočitve turistov,2020,
Renče - Vogrsko,Tuji,Prenočitve turistov,2021,
Renče - Vogrsko,Tuji,Prenočitve turistov,2022,6063
Renče - Vogrsko,Tuji,Prenočitve turistov,2023,9624
Renče - Vogrsko,Tuji,Prenočitve turistov,2024,11147
Renče - Vogrsko,Tuji,Prenočitve turistov,2025,13634
Ribnica,Domači,Prihodi turistov,2018,270
Ribnica,Domači,Prihodi turistov,2019,366
Ribnica,Domači,Prihodi turistov,2020,
Ribnica,Domači,Prihodi turistov,2021,699
Ribnica,Domači,Prihodi turistov,2022,501
Ribnica,Domači,Prihodi turistov,2023,633
Ribnica,Domači,Prihodi turistov,2024,526
Ribnica,Domači,Prihodi turistov,2025,620
Ribnica,Domači,Prenočitve turistov,2018,1062
Ribnica,Domači,Prenočitve turistov,2019,884
Ribnica,Domači,Prenočitve turistov,2020,
Ribnica,Domači,Prenočitve turistov,2021,1331
Ribnica,Domači,Prenočitve turistov,2022,1050
Ribnica,Domači,Prenočitve turistov,2023,922
Ribnica,Domači,Prenočitve turistov,2024,706
Ribnica,Domači,Prenočitve turistov,2025,869
Ribnica,Tuji,Prihodi turistov,2018,933
Ribnica,Tuji,Prihodi turistov,2019,1057
Ribnica,Tuji,Prihodi turistov,2020,
Ribnica,Tuji,Prihodi turistov,2021,572
Ribnica,Tuji,Prihodi turistov,2022,1016
Ribnica,Tuji,Prihodi turistov,2023,1648
Ribnica,Tuji,Prihodi turistov,2024,1600
Ribnica,Tuji,Prihodi turistov,2025,1691
Ribnica,Tuji,Prenočitve turistov,2018,4217
Ribnica,Tuji,Prenočitve turistov,2019,2924
Ribnica,Tuji,Prenočitve turistov,2020,
Ribnica,Tuji,Prenočitve turistov,2021,1229
Ribnica,Tuji,Prenočitve turistov,2022,2441
Ribnica,Tuji,Prenočitve turistov,2023,3653
Ribnica,Tuji,Prenočitve turistov,2024,4085
Ribnica,Tuji,Prenočitve turistov,2025,3807
Ribnica na Pohorju,Domači,Prihodi turistov,2018,4548
Ribnica na Pohorju,Domači,Prihodi turistov,2019,5358
Ribnica na Pohorju,Domači,Prihodi turistov,2020,7360
Ribnica na Pohorju,Domači,Prihodi turistov,2021,
Ribnica na Pohorju,Domači,Prihodi turistov,2022,5803
Ribnica na Pohorju,Domači,Prihodi turistov,2023,4993
Ribnica na Pohorju,Domači,Prihodi turistov,2024,4170
Ribnica na Pohorju,Domači,Prihodi turistov,2025,4402
Ribnica na Pohorju,Domači,Prenočitve turistov,2018,13402
Ribnica na Pohorju,Domači,Prenočitve turistov,2019,16559
Ribnica na Pohorju,Domači,Prenočitve turistov,2020,22137
Ribnica na Pohorju,Domači,Prenočitve turistov,2021,
Ribnica na Pohorju,Domači,Prenočitve turistov,2022,16580
Ribnica na Pohorju,Domači,Prenočitve turistov,2023,14483
Ribnica na Pohorju,Domači,Prenočitve turistov,2024,11574
Ribnica na Pohorju,Domači,Prenočitve turistov,2025,11987
Ribnica na Pohorju,Tuji,Prihodi turistov,2018,2941
Ribnica na Pohorju,Tuji,Prihodi turistov,2019,3011
Ribnica na Pohorju,Tuji,Prihodi turistov,2020,1037
Ribnica na Pohorju,Tuji,Prihodi turistov,2021,
Ribnica na Pohorju,Tuji,Prihodi turistov,2022,1272
Ribnica na Pohorju,Tuji,Prihodi turistov,2023,1888
Ribnica na Pohorju,Tuji,Prihodi turistov,2024,2383
Ribnica na Pohorju,Tuji,Prihodi turistov,2025,2443
Ribnica na Pohorju,Tuji,Prenočitve turistov,2018,8115
Ribnica na Pohorju,Tuji,Prenočitve turistov,2019,10362
Ribnica na Pohorju,Tuji,Prenočitve turistov,2020,4584
Ribnica na Pohorju,Tuji,Prenočitve turistov,2021,
Ribnica na Pohorju,Tuji,Prenočitve turistov,2022,4870
Ribnica na Pohorju,Tuji,Prenočitve turistov,2023,7879
Ribnica na Pohorju,Tuji,Prenočitve turistov,2024,7994
Ribnica na Pohorju,Tuji,Prenočitve turistov,2025,8163
Rogaška Slatina,Domači,Prihodi turistov,2018,18879
Rogaška Slatina,Domači,Prihodi turistov,2019,17153
Rogaška Slatina,Domači,Prihodi turistov,2020,24316
Rogaška Slatina,Domači,Prihodi turistov,2021,38067
Rogaška Slatina,Domači,Prihodi turistov,2022,21833
Rogaška Slatina,Domači,Prihodi turistov,2023,13448
Rogaška Slatina,Domači,Prihodi turistov,2024,13165
Rogaška Slatina,Domači,Prihodi turistov,2025,13322
Rogaška Slatina,Domači,Prenočitve turistov,2018,53601
Rogaška Slatina,Domači,Prenočitve turistov,2019,51646
Rogaška Slatina,Domači,Prenočitve turistov,2020,74691
Rogaška Slatina,Domači,Prenočitve turistov,2021,108955
Rogaška Slatina,Domači,Prenočitve turistov,2022,59146
Rogaška Slatina,Domači,Prenočitve turistov,2023,39803
Rogaška Slatina,Domači,Prenočitve turistov,2024,38075
Rogaška Slatina,Domači,Prenočitve turistov,2025,37306
Rogaška Slatina,Tuji,Prihodi turistov,2018,41025
Rogaška Slatina,Tuji,Prihodi turistov,2019,41055
Rogaška Slatina,Tuji,Prihodi turistov,2020,9118
Rogaška Slatina,Tuji,Prihodi turistov,2021,8502
Rogaška Slatina,Tuji,Prihodi turistov,2022,25699
Rogaška Slatina,Tuji,Prihodi turistov,2023,32503
Rogaška Slatina,Tuji,Prihodi turistov,2024,32803
Rogaška Slatina,Tuji,Prihodi turistov,2025,34492
Rogaška Slatina,Tuji,Prenočitve turistov,2018,241874
Rogaška Slatina,Tuji,Prenočitve turistov,2019,247189
Rogaška Slatina,Tuji,Prenočitve turistov,2020,46429
Rogaška Slatina,Tuji,Prenočitve turistov,2021,44902
Rogaška Slatina,Tuji,Prenočitve turistov,2022,135444
Rogaška Slatina,Tuji,Prenočitve turistov,2023,158227
Rogaška Slatina,Tuji,Prenočitve turistov,2024,160093
Rogaška Slatina,Tuji,Prenočitve turistov,2025,157925
Rogašovci,Domači,Prihodi turistov,2018,543
Rogašovci,Domači,Prihodi turistov,2019,608
Rogašovci,Domači,Prihodi turistov,2020,945
Rogašovci,Domači,Prihodi turistov,2021,
Rogašovci,Domači,Prihodi turistov,2022,1271
Rogašovci,Domači,Prihodi turistov,2023,728
Rogašovci,Domači,Prihodi turistov,2024,918
Rogašovci,Domači,Prihodi turistov,2025,883
Rogašovci,Domači,Prenočitve turistov,2018,1673
Rogašovci,Domači,Prenočitve turistov,2019,1785
Rogašovci,Domači,Prenočitve turistov,2020,3371
Rogašovci,Domači,Prenočitve turistov,2021,
Rogašovci,Domači,Prenočitve turistov,2022,4045
Rogašovci,Domači,Prenočitve turistov,2023,2211
Rogašovci,Domači,Prenočitve turistov,2024,2313
Rogašovci,Domači,Prenočitve turistov,2025,1907
Rogašovci,Tuji,Prihodi turistov,2018,323
Rogašovci,Tuji,Prihodi turistov,2019,578
Rogašovci,Tuji,Prihodi turistov,2020,110
Rogašovci,Tuji,Prihodi turistov,2021,
Rogašovci,Tuji,Prihodi turistov,2022,399
Rogašovci,Tuji,Prihodi turistov,2023,490
Rogašovci,Tuji,Prihodi turistov,2024,537
Rogašovci,Tuji,Prihodi turistov,2025,802
Rogašovci,Tuji,Prenočitve turistov,2018,1324
Rogašovci,Tuji,Prenočitve turistov,2019,1557
Rogašovci,Tuji,Prenočitve turistov,2020,245
Rogašovci,Tuji,Prenočitve turistov,2021,
Rogašovci,Tuji,Prenočitve turistov,2022,1893
Rogašovci,Tuji,Prenočitve turistov,2023,1974
Rogašovci,Tuji,Prenočitve turistov,2024,1740
Rogašovci,Tuji,Prenočitve turistov,2025,3660
Rogatec,Domači,Prihodi turistov,2018,221
Rogatec,Domači,Prihodi turistov,2019,294
Rogatec,Domači,Prihodi turistov,2020,539
Rogatec,Domači,Prihodi turistov,2021,842
Rogatec,Domači,Prihodi turistov,2022,602
Rogatec,Domači,Prihodi turistov,2023,220
Rogatec,Domači,Prihodi turistov,2024,154
Rogatec,Domači,Prihodi turistov,2025,147
Rogatec,Domači,Prenočitve turistov,2018,355
Rogatec,Domači,Prenočitve turistov,2019,461
Rogatec,Domači,Prenočitve turistov,2020,1243
Rogatec,Domači,Prenočitve turistov,2021,1673
Rogatec,Domači,Prenočitve turistov,2022,1132
Rogatec,Domači,Prenočitve turistov,2023,420
Rogatec,Domači,Prenočitve turistov,2024,283
Rogatec,Domači,Prenočitve turistov,2025,235
Rogatec,Tuji,Prihodi turistov,2018,1424
Rogatec,Tuji,Prihodi turistov,2019,1343
Rogatec,Tuji,Prihodi turistov,2020,484
Rogatec,Tuji,Prihodi turistov,2021,752
Rogatec,Tuji,Prihodi turistov,2022,1339
Rogatec,Tuji,Prihodi turistov,2023,1226
Rogatec,Tuji,Prihodi turistov,2024,1237
Rogatec,Tuji,Prihodi turistov,2025,1188
Rogatec,Tuji,Prenočitve turistov,2018,3493
Rogatec,Tuji,Prenočitve turistov,2019,3037
Rogatec,Tuji,Prenočitve turistov,2020,2194
Rogatec,Tuji,Prenočitve turistov,2021,1744
Rogatec,Tuji,Prenočitve turistov,2022,3184
Rogatec,Tuji,Prenočitve turistov,2023,4072
Rogatec,Tuji,Prenočitve turistov,2024,5354
Rogatec,Tuji,Prenočitve turistov,2025,4340
Ruše,Domači,Prihodi turistov,2018,1680
Ruše,Domači,Prihodi turistov,2019,1008
Ruše,Domači,Prihodi turistov,2020,464
Ruše,Domači,Prihodi turistov,2021,1015
Ruše,Domači,Prihodi turistov,2022,1037
Ruše,Domači,Prihodi turistov,2023,904
Ruše,Domači,Prihodi turistov,2024,739
Ruše,Domači,Prihodi turistov,2025,662
Ruše,Domači,Prenočitve turistov,2018,3644
Ruše,Domači,Prenočitve turistov,2019,1760
Ruše,Domači,Prenočitve turistov,2020,1157
Ruše,Domači,Prenočitve turistov,2021,2553
Ruše,Domači,Prenočitve turistov,2022,2362
Ruše,Domači,Prenočitve turistov,2023,2160
Ruše,Domači,Prenočitve turistov,2024,1852
Ruše,Domači,Prenočitve turistov,2025,1682
Ruše,Tuji,Prihodi turistov,2018,4542
Ruše,Tuji,Prihodi turistov,2019,3379
Ruše,Tuji,Prihodi turistov,2020,415
Ruše,Tuji,Prihodi turistov,2021,493
Ruše,Tuji,Prihodi turistov,2022,1566
Ruše,Tuji,Prihodi turistov,2023,2968
Ruše,Tuji,Prihodi turistov,2024,1847
Ruše,Tuji,Prihodi turistov,2025,1268
Ruše,Tuji,Prenočitve turistov,2018,10036
Ruše,Tuji,Prenočitve turistov,2019,7589
Ruše,Tuji,Prenočitve turistov,2020,1414
Ruše,Tuji,Prenočitve turistov,2021,1712
Ruše,Tuji,Prenočitve turistov,2022,4248
Ruše,Tuji,Prenočitve turistov,2023,6673
Ruše,Tuji,Prenočitve turistov,2024,4971
Ruše,Tuji,Prenočitve turistov,2025,4086
Selnica ob Dravi,Domači,Prihodi turistov,2018,3780
Selnica ob Dravi,Domači,Prihodi turistov,2019,3918
Selnica ob Dravi,Domači,Prihodi turistov,2020,1807
Selnica ob Dravi,Domači,Prihodi turistov,2021,2005
Selnica ob Dravi,Domači,Prihodi turistov,2022,4091
Selnica ob Dravi,Domači,Prihodi turistov,2023,3679
Selnica ob Dravi,Domači,Prihodi turistov,2024,3495
Selnica ob Dravi,Domači,Prihodi turistov,2025,3318
Selnica ob Dravi,Domači,Prenočitve turistov,2018,9220
Selnica ob Dravi,Domači,Prenočitve turistov,2019,9175
Selnica ob Dravi,Domači,Prenočitve turistov,2020,5366
Selnica ob Dravi,Domači,Prenočitve turistov,2021,5209
Selnica ob Dravi,Domači,Prenočitve turistov,2022,9755
Selnica ob Dravi,Domači,Prenočitve turistov,2023,9159
Selnica ob Dravi,Domači,Prenočitve turistov,2024,8419
Selnica ob Dravi,Domači,Prenočitve turistov,2025,8518
Selnica ob Dravi,Tuji,Prihodi turistov,2018,282
Selnica ob Dravi,Tuji,Prihodi turistov,2019,433
Selnica ob Dravi,Tuji,Prihodi turistov,2020,206
Selnica ob Dravi,Tuji,Prihodi turistov,2021,295
Selnica ob Dravi,Tuji,Prihodi turistov,2022,530
Selnica ob Dravi,Tuji,Prihodi turistov,2023,446
Selnica ob Dravi,Tuji,Prihodi turistov,2024,487
Selnica ob Dravi,Tuji,Prihodi turistov,2025,563
Selnica ob Dravi,Tuji,Prenočitve turistov,2018,930
Selnica ob Dravi,Tuji,Prenočitve turistov,2019,1384
Selnica ob Dravi,Tuji,Prenočitve turistov,2020,692
Selnica ob Dravi,Tuji,Prenočitve turistov,2021,805
Selnica ob Dravi,Tuji,Prenočitve turistov,2022,1388
Selnica ob Dravi,Tuji,Prenočitve turistov,2023,1831
Selnica ob Dravi,Tuji,Prenočitve turistov,2024,1555
Selnica ob Dravi,Tuji,Prenočitve turistov,2025,1570
Semič,Domači,Prihodi turistov,2018,4217
Semič,Domači,Prihodi turistov,2019,4424
Semič,Domači,Prihodi turistov,2020,3418
Semič,Domači,Prihodi turistov,2021,3812
Semič,Domači,Prihodi turistov,2022,5196
Semič,Domači,Prihodi turistov,2023,4894
Semič,Domači,Prihodi turistov,2024,5079
Semič,Domači,Prihodi turistov,2025,4719
Semič,Domači,Prenočitve turistov,2018,10048
Semič,Domači,Prenočitve turistov,2019,10608
Semič,Domači,Prenočitve turistov,2020,9139
Semič,Domači,Prenočitve turistov,2021,9825
Semič,Domači,Prenočitve turistov,2022,12309
Semič,Domači,Prenočitve turistov,2023,11665
Semič,Domači,Prenočitve turistov,2024,11971
Semič,Domači,Prenočitve turistov,2025,10821
Semič,Tuji,Prihodi turistov,2018,977
Semič,Tuji,Prihodi turistov,2019,819
Semič,Tuji,Prihodi turistov,2020,212
Semič,Tuji,Prihodi turistov,2021,333
Semič,Tuji,Prihodi turistov,2022,755
Semič,Tuji,Prihodi turistov,2023,1019
Semič,Tuji,Prihodi turistov,2024,1345
Semič,Tuji,Prihodi turistov,2025,1579
Semič,Tuji,Prenočitve turistov,2018,2281
Semič,Tuji,Prenočitve turistov,2019,1612
Semič,Tuji,Prenočitve turistov,2020,614
Semič,Tuji,Prenočitve turistov,2021,1159
Semič,Tuji,Prenočitve turistov,2022,1775
Semič,Tuji,Prenočitve turistov,2023,2293
Semič,Tuji,Prenočitve turistov,2024,3379
Semič,Tuji,Prenočitve turistov,2025,3464
Sevnica,Domači,Prihodi turistov,2018,1325
Sevnica,Domači,Prihodi turistov,2019,1420
Sevnica,Domači,Prihodi turistov,2020,1455
Sevnica,Domači,Prihodi turistov,2021,2074
Sevnica,Domači,Prihodi turistov,2022,2755
Sevnica,Domači,Prihodi turistov,2023,1962
Sevnica,Domači,Prihodi turistov,2024,2222
Sevnica,Domači,Prihodi turistov,2025,2066
Sevnica,Domači,Prenočitve turistov,2018,2017
Sevnica,Domači,Prenočitve turistov,2019,2280
Sevnica,Domači,Prenočitve turistov,2020,3574
Sevnica,Domači,Prenočitve turistov,2021,5428
Sevnica,Domači,Prenočitve turistov,2022,5564
Sevnica,Domači,Prenočitve turistov,2023,4206
Sevnica,Domači,Prenočitve turistov,2024,4414
Sevnica,Domači,Prenočitve turistov,2025,3936
Sevnica,Tuji,Prihodi turistov,2018,1381
Sevnica,Tuji,Prihodi turistov,2019,1504
Sevnica,Tuji,Prihodi turistov,2020,576
Sevnica,Tuji,Prihodi turistov,2021,845
Sevnica,Tuji,Prihodi turistov,2022,1344
Sevnica,Tuji,Prihodi turistov,2023,1753
Sevnica,Tuji,Prihodi turistov,2024,1917
Sevnica,Tuji,Prihodi turistov,2025,2235
Sevnica,Tuji,Prenočitve turistov,2018,4486
Sevnica,Tuji,Prenočitve turistov,2019,4400
Sevnica,Tuji,Prenočitve turistov,2020,1895
Sevnica,Tuji,Prenočitve turistov,2021,2552
Sevnica,Tuji,Prenočitve turistov,2022,3529
Sevnica,Tuji,Prenočitve turistov,2023,4534
Sevnica,Tuji,Prenočitve turistov,2024,5002
Sevnica,Tuji,Prenočitve turistov,2025,5590
Sežana,Domači,Prihodi turistov,2018,7330
Sežana,Domači,Prihodi turistov,2019,6200
Sežana,Domači,Prihodi turistov,2020,9458
Sežana,Domači,Prihodi turistov,2021,15864
Sežana,Domači,Prihodi turistov,2022,12645
Sežana,Domači,Prihodi turistov,2023,9388
Sežana,Domači,Prihodi turistov,2024,9129
Sežana,Domači,Prihodi turistov,2025,9128
Sežana,Domači,Prenočitve turistov,2018,12589
Sežana,Domači,Prenočitve turistov,2019,10071
Sežana,Domači,Prenočitve turistov,2020,20117
Sežana,Domači,Prenočitve turistov,2021,31998
Sežana,Domači,Prenočitve turistov,2022,20557
Sežana,Domači,Prenočitve turistov,2023,14867
Sežana,Domači,Prenočitve turistov,2024,14071
Sežana,Domači,Prenočitve turistov,2025,14281
Sežana,Tuji,Prihodi turistov,2018,62018
Sežana,Tuji,Prihodi turistov,2019,64485
Sežana,Tuji,Prihodi turistov,2020,13007
Sežana,Tuji,Prihodi turistov,2021,17490
Sežana,Tuji,Prihodi turistov,2022,45736
Sežana,Tuji,Prihodi turistov,2023,58459
Sežana,Tuji,Prihodi turistov,2024,61583
Sežana,Tuji,Prihodi turistov,2025,63988
Sežana,Tuji,Prenočitve turistov,2018,87971
Sežana,Tuji,Prenočitve turistov,2019,91007
Sežana,Tuji,Prenočitve turistov,2020,21775
Sežana,Tuji,Prenočitve turistov,2021,32549
Sežana,Tuji,Prenočitve turistov,2022,81990
Sežana,Tuji,Prenočitve turistov,2023,103979
Sežana,Tuji,Prenočitve turistov,2024,105495
Sežana,Tuji,Prenočitve turistov,2025,115718
Slovenj Gradec,Domači,Prihodi turistov,2018,3644
Slovenj Gradec,Domači,Prihodi turistov,2019,4318
Slovenj Gradec,Domači,Prihodi turistov,2020,
Slovenj Gradec,Domači,Prihodi turistov,2021,6550
Slovenj Gradec,Domači,Prihodi turistov,2022,7575
Slovenj Gradec,Domači,Prihodi turistov,2023,4959
Slovenj Gradec,Domači,Prihodi turistov,2024,5483
Slovenj Gradec,Domači,Prihodi turistov,2025,5961
Slovenj Gradec,Domači,Prenočitve turistov,2018,13795
Slovenj Gradec,Domači,Prenočitve turistov,2019,14253
Slovenj Gradec,Domači,Prenočitve turistov,2020,
Slovenj Gradec,Domači,Prenočitve turistov,2021,18600
Slovenj Gradec,Domači,Prenočitve turistov,2022,22043
Slovenj Gradec,Domači,Prenočitve turistov,2023,15884
Slovenj Gradec,Domači,Prenočitve turistov,2024,16339
Slovenj Gradec,Domači,Prenočitve turistov,2025,16659
Slovenj Gradec,Tuji,Prihodi turistov,2018,3112
Slovenj Gradec,Tuji,Prihodi turistov,2019,4253
Slovenj Gradec,Tuji,Prihodi turistov,2020,
Slovenj Gradec,Tuji,Prihodi turistov,2021,1962
Slovenj Gradec,Tuji,Prihodi turistov,2022,4240
Slovenj Gradec,Tuji,Prihodi turistov,2023,5135
Slovenj Gradec,Tuji,Prihodi turistov,2024,4978
Slovenj Gradec,Tuji,Prihodi turistov,2025,4813
Slovenj Gradec,Tuji,Prenočitve turistov,2018,12244
Slovenj Gradec,Tuji,Prenočitve turistov,2019,15270
Slovenj Gradec,Tuji,Prenočitve turistov,2020,
Slovenj Gradec,Tuji,Prenočitve turistov,2021,8387
Slovenj Gradec,Tuji,Prenočitve turistov,2022,14443
Slovenj Gradec,Tuji,Prenočitve turistov,2023,18779
Slovenj Gradec,Tuji,Prenočitve turistov,2024,14409
Slovenj Gradec,Tuji,Prenočitve turistov,2025,15144
Slovenska Bistrica,Domači,Prihodi turistov,2018,11649
Slovenska Bistrica,Domači,Prihodi turistov,2019,11821
Slovenska Bistrica,Domači,Prihodi turistov,2020,12062
Slovenska Bistrica,Domači,Prihodi turistov,2021,9966
Slovenska Bistrica,Domači,Prihodi turistov,2022,14447
Slovenska Bistrica,Domači,Prihodi turistov,2023,13076
Slovenska Bistrica,Domači,Prihodi turistov,2024,12302
Slovenska Bistrica,Domači,Prihodi turistov,2025,12233
Slovenska Bistrica,Domači,Prenočitve turistov,2018,30943
Slovenska Bistrica,Domači,Prenočitve turistov,2019,32570
Slovenska Bistrica,Domači,Prenočitve turistov,2020,33018
Slovenska Bistrica,Domači,Prenočitve turistov,2021,24227
Slovenska Bistrica,Domači,Prenočitve turistov,2022,37268
Slovenska Bistrica,Domači,Prenočitve turistov,2023,34160
Slovenska Bistrica,Domači,Prenočitve turistov,2024,31154
Slovenska Bistrica,Domači,Prenočitve turistov,2025,29648
Slovenska Bistrica,Tuji,Prihodi turistov,2018,8582
Slovenska Bistrica,Tuji,Prihodi turistov,2019,8568
Slovenska Bistrica,Tuji,Prihodi turistov,2020,2405
Slovenska Bistrica,Tuji,Prihodi turistov,2021,4753
Slovenska Bistrica,Tuji,Prihodi turistov,2022,8946
Slovenska Bistrica,Tuji,Prihodi turistov,2023,11267
Slovenska Bistrica,Tuji,Prihodi turistov,2024,11410
Slovenska Bistrica,Tuji,Prihodi turistov,2025,12651
Slovenska Bistrica,Tuji,Prenočitve turistov,2018,19549
Slovenska Bistrica,Tuji,Prenočitve turistov,2019,16568
Slovenska Bistrica,Tuji,Prenočitve turistov,2020,6073
Slovenska Bistrica,Tuji,Prenočitve turistov,2021,9874
Slovenska Bistrica,Tuji,Prenočitve turistov,2022,18632
Slovenska Bistrica,Tuji,Prenočitve turistov,2023,21509
Slovenska Bistrica,Tuji,Prenočitve turistov,2024,19457
Slovenska Bistrica,Tuji,Prenočitve turistov,2025,20677
Slovenske Konjice,Domači,Prihodi turistov,2018,943
Slovenske Konjice,Domači,Prihodi turistov,2019,945
Slovenske Konjice,Domači,Prihodi turistov,2020,1537
Slovenske Konjice,Domači,Prihodi turistov,2021,1959
Slovenske Konjice,Domači,Prihodi turistov,2022,1397
Slovenske Konjice,Domači,Prihodi turistov,2023,1277
Slovenske Konjice,Domači,Prihodi turistov,2024,1207
Slovenske Konjice,Domači,Prihodi turistov,2025,1272
Slovenske Konjice,Domači,Prenočitve turistov,2018,1722
Slovenske Konjice,Domači,Prenočitve turistov,2019,1450
Slovenske Konjice,Domači,Prenočitve turistov,2020,3436
Slovenske Konjice,Domači,Prenočitve turistov,2021,4859
Slovenske Konjice,Domači,Prenočitve turistov,2022,2419
Slovenske Konjice,Domači,Prenočitve turistov,2023,2066
Slovenske Konjice,Domači,Prenočitve turistov,2024,1959
Slovenske Konjice,Domači,Prenočitve turistov,2025,2192
Slovenske Konjice,Tuji,Prihodi turistov,2018,2671
Slovenske Konjice,Tuji,Prihodi turistov,2019,2503
Slovenske Konjice,Tuji,Prihodi turistov,2020,945
Slovenske Konjice,Tuji,Prihodi turistov,2021,1258
Slovenske Konjice,Tuji,Prihodi turistov,2022,2533
Slovenske Konjice,Tuji,Prihodi turistov,2023,3235
Slovenske Konjice,Tuji,Prihodi turistov,2024,3426
Slovenske Konjice,Tuji,Prihodi turistov,2025,3996
Slovenske Konjice,Tuji,Prenočitve turistov,2018,5806
Slovenske Konjice,Tuji,Prenočitve turistov,2019,5218
Slovenske Konjice,Tuji,Prenočitve turistov,2020,2369
Slovenske Konjice,Tuji,Prenočitve turistov,2021,3187
Slovenske Konjice,Tuji,Prenočitve turistov,2022,5301
Slovenske Konjice,Tuji,Prenočitve turistov,2023,6377
Slovenske Konjice,Tuji,Prenočitve turistov,2024,7059
Slovenske Konjice,Tuji,Prenočitve turistov,2025,8818
Sodražica,Domači,Prihodi turistov,2018,
Sodražica,Domači,Prihodi turistov,2019,
Sodražica,Domači,Prihodi turistov,2020,
Sodražica,Domači,Prihodi turistov,2021,
Sodražica,Domači,Prihodi turistov,2022,163
Sodražica,Domači,Prihodi turistov,2023,79
Sodražica,Domači,Prihodi turistov,2024,
Sodražica,Domači,Prihodi turistov,2025,
Sodražica,Domači,Prenočitve turistov,2018,
Sodražica,Domači,Prenočitve turistov,2019,
Sodražica,Domači,Prenočitve turistov,2020,
Sodražica,Domači,Prenočitve turistov,2021,
Sodražica,Domači,Prenočitve turistov,2022,309
Sodražica,Domači,Prenočitve turistov,2023,118
Sodražica,Domači,Prenočitve turistov,2024,
Sodražica,Domači,Prenočitve turistov,2025,
Sodražica,Tuji,Prihodi turistov,2018,
Sodražica,Tuji,Prihodi turistov,2019,
Sodražica,Tuji,Prihodi turistov,2020,
Sodražica,Tuji,Prihodi turistov,2021,
Sodražica,Tuji,Prihodi turistov,2022,895
Sodražica,Tuji,Prihodi turistov,2023,1202
Sodražica,Tuji,Prihodi turistov,2024,
Sodražica,Tuji,Prihodi turistov,2025,
Sodražica,Tuji,Prenočitve turistov,2018,
Sodražica,Tuji,Prenočitve turistov,2019,
Sodražica,Tuji,Prenočitve turistov,2020,
Sodražica,Tuji,Prenočitve turistov,2021,
Sodražica,Tuji,Prenočitve turistov,2022,2736
Sodražica,Tuji,Prenočitve turistov,2023,2552
Sodražica,Tuji,Prenočitve turistov,2024,
Sodražica,Tuji,Prenočitve turistov,2025,
Solčava,Domači,Prihodi turistov,2018,7057
Solčava,Domači,Prihodi turistov,2019,7544
Solčava,Domači,Prihodi turistov,2020,13012
Solčava,Domači,Prihodi turistov,2021,13415
Solčava,Domači,Prihodi turistov,2022,8556
Solčava,Domači,Prihodi turistov,2023,4685
Solčava,Domači,Prihodi turistov,2024,5312
Solčava,Domači,Prihodi turistov,2025,5817
Solčava,Domači,Prenočitve turistov,2018,13159
Solčava,Domači,Prenočitve turistov,2019,14801
Solčava,Domači,Prenočitve turistov,2020,32682
Solčava,Domači,Prenočitve turistov,2021,30800
Solčava,Domači,Prenočitve turistov,2022,17994
Solčava,Domači,Prenočitve turistov,2023,9675
Solčava,Domači,Prenočitve turistov,2024,11130
Solčava,Domači,Prenočitve turistov,2025,11981
Solčava,Tuji,Prihodi turistov,2018,9781
Solčava,Tuji,Prihodi turistov,2019,7347
Solčava,Tuji,Prihodi turistov,2020,1710
Solčava,Tuji,Prihodi turistov,2021,3443
Solčava,Tuji,Prihodi turistov,2022,6498
Solčava,Tuji,Prihodi turistov,2023,6363
Solčava,Tuji,Prihodi turistov,2024,9542
Solčava,Tuji,Prihodi turistov,2025,10607
Solčava,Tuji,Prenočitve turistov,2018,21617
Solčava,Tuji,Prenočitve turistov,2019,17766
Solčava,Tuji,Prenočitve turistov,2020,4493
Solčava,Tuji,Prenočitve turistov,2021,9008
Solčava,Tuji,Prenočitve turistov,2022,15953
Solčava,Tuji,Prenočitve turistov,2023,14254
Solčava,Tuji,Prenočitve turistov,2024,21321
Solčava,Tuji,Prenočitve turistov,2025,23654
Središče ob Dravi,Domači,Prihodi turistov,2018,
Središče ob Dravi,Domači,Prihodi turistov,2019,
Središče ob Dravi,Domači,Prihodi turistov,2020,
Središče ob Dravi,Domači,Prihodi turistov,2021,
Središče ob Dravi,Domači,Prihodi turistov,2022,
Središče ob Dravi,Domači,Prihodi turistov,2023,
Središče ob Dravi,Domači,Prihodi turistov,2024,
Središče ob Dravi,Domači,Prihodi turistov,2025,
Središče ob Dravi,Domači,Prenočitve turistov,2018,
Središče ob Dravi,Domači,Prenočitve turistov,2019,
Središče ob Dravi,Domači,Prenočitve turistov,2020,
Središče ob Dravi,Domači,Prenočitve turistov,2021,
Središče ob Dravi,Domači,Prenočitve turistov,2022,
Središče ob Dravi,Domači,Prenočitve turistov,2023,
Središče ob Dravi,Domači,Prenočitve turistov,2024,
Središče ob Dravi,Domači,Prenočitve turistov,2025,
Središče ob Dravi,Tuji,Prihodi turistov,2018,
Središče ob Dravi,Tuji,Prihodi turistov,2019,
Središče ob Dravi,Tuji,Prihodi turistov,2020,
Središče ob Dravi,Tuji,Prihodi turistov,2021,
Središče ob Dravi,Tuji,Prihodi turistov,2022,
Središče ob Dravi,Tuji,Prihodi turistov,2023,
Središče ob Dravi,Tuji,Prihodi turistov,2024,
Središče ob Dravi,Tuji,Prihodi turistov,2025,
Središče ob Dravi,Tuji,Prenočitve turistov,2018,
Središče ob Dravi,Tuji,Prenočitve turistov,2019,
Središče ob Dravi,Tuji,Prenočitve turistov,2020,
Središče ob Dravi,Tuji,Prenočitve turistov,2021,
Središče ob Dravi,Tuji,Prenočitve turistov,2022,
Središče ob Dravi,Tuji,Prenočitve turistov,2023,
Središče ob Dravi,Tuji,Prenočitve turistov,2024,
Središče ob Dravi,Tuji,Prenočitve turistov,2025,
Starše,Domači,Prihodi turistov,2018,
Starše,Domači,Prihodi turistov,2019,
Starše,Domači,Prihodi turistov,2020,
Starše,Domači,Prihodi turistov,2021,
Starše,Domači,Prihodi turistov,2022,
Starše,Domači,Prihodi turistov,2023,117
Starše,Domači,Prihodi turistov,2024,74
Starše,Domači,Prihodi turistov,2025,81
Starše,Domači,Prenočitve turistov,2018,
Starše,Domači,Prenočitve turistov,2019,
Starše,Domači,Prenočitve turistov,2020,
Starše,Domači,Prenočitve turistov,2021,
Starše,Domači,Prenočitve turistov,2022,
Starše,Domači,Prenočitve turistov,2023,178
Starše,Domači,Prenočitve turistov,2024,100
Starše,Domači,Prenočitve turistov,2025,143
Starše,Tuji,Prihodi turistov,2018,
Starše,Tuji,Prihodi turistov,2019,
Starše,Tuji,Prihodi turistov,2020,
Starše,Tuji,Prihodi turistov,2021,
Starše,Tuji,Prihodi turistov,2022,
Starše,Tuji,Prihodi turistov,2023,3266
Starše,Tuji,Prihodi turistov,2024,3101
Starše,Tuji,Prihodi turistov,2025,2802
Starše,Tuji,Prenočitve turistov,2018,
Starše,Tuji,Prenočitve turistov,2019,
Starše,Tuji,Prenočitve turistov,2020,
Starše,Tuji,Prenočitve turistov,2021,
Starše,Tuji,Prenočitve turistov,2022,
Starše,Tuji,Prenočitve turistov,2023,3654
Starše,Tuji,Prenočitve turistov,2024,3643
Starše,Tuji,Prenočitve turistov,2025,3272
Straža,Domači,Prihodi turistov,2018,355
Straža,Domači,Prihodi turistov,2019,383
Straža,Domači,Prihodi turistov,2020,597
Straža,Domači,Prihodi turistov,2021,572
Straža,Domači,Prihodi turistov,2022,550
Straža,Domači,Prihodi turistov,2023,339
Straža,Domači,Prihodi turistov,2024,326
Straža,Domači,Prihodi turistov,2025,282
Straža,Domači,Prenočitve turistov,2018,1454
Straža,Domači,Prenočitve turistov,2019,630
Straža,Domači,Prenočitve turistov,2020,1320
Straža,Domači,Prenočitve turistov,2021,1335
Straža,Domači,Prenočitve turistov,2022,1168
Straža,Domači,Prenočitve turistov,2023,663
Straža,Domači,Prenočitve turistov,2024,732
Straža,Domači,Prenočitve turistov,2025,544
Straža,Tuji,Prihodi turistov,2018,802
Straža,Tuji,Prihodi turistov,2019,681
Straža,Tuji,Prihodi turistov,2020,246
Straža,Tuji,Prihodi turistov,2021,478
Straža,Tuji,Prihodi turistov,2022,1163
Straža,Tuji,Prihodi turistov,2023,1202
Straža,Tuji,Prihodi turistov,2024,869
Straža,Tuji,Prihodi turistov,2025,892
Straža,Tuji,Prenočitve turistov,2018,2554
Straža,Tuji,Prenočitve turistov,2019,1596
Straža,Tuji,Prenočitve turistov,2020,733
Straža,Tuji,Prenočitve turistov,2021,1037
Straža,Tuji,Prenočitve turistov,2022,2275
Straža,Tuji,Prenočitve turistov,2023,2241
Straža,Tuji,Prenočitve turistov,2024,2064
Straža,Tuji,Prenočitve turistov,2025,2572
Sveta Ana,Domači,Prihodi turistov,2018,
Sveta Ana,Domači,Prihodi turistov,2019,
Sveta Ana,Domači,Prihodi turistov,2020,
Sveta Ana,Domači,Prihodi turistov,2021,
Sveta Ana,Domači,Prihodi turistov,2022,
Sveta Ana,Domači,Prihodi turistov,2023,184
Sveta Ana,Domači,Prihodi turistov,2024,271
Sveta Ana,Domači,Prihodi turistov,2025,261
Sveta Ana,Domači,Prenočitve turistov,2018,
Sveta Ana,Domači,Prenočitve turistov,2019,
Sveta Ana,Domači,Prenočitve turistov,2020,
Sveta Ana,Domači,Prenočitve turistov,2021,
Sveta Ana,Domači,Prenočitve turistov,2022,
Sveta Ana,Domači,Prenočitve turistov,2023,492
Sveta Ana,Domači,Prenočitve turistov,2024,789
Sveta Ana,Domači,Prenočitve turistov,2025,786
Sveta Ana,Tuji,Prihodi turistov,2018,
Sveta Ana,Tuji,Prihodi turistov,2019,
Sveta Ana,Tuji,Prihodi turistov,2020,
Sveta Ana,Tuji,Prihodi turistov,2021,
Sveta Ana,Tuji,Prihodi turistov,2022,
Sveta Ana,Tuji,Prihodi turistov,2023,644
Sveta Ana,Tuji,Prihodi turistov,2024,845
Sveta Ana,Tuji,Prihodi turistov,2025,500
Sveta Ana,Tuji,Prenočitve turistov,2018,
Sveta Ana,Tuji,Prenočitve turistov,2019,
Sveta Ana,Tuji,Prenočitve turistov,2020,
Sveta Ana,Tuji,Prenočitve turistov,2021,
Sveta Ana,Tuji,Prenočitve turistov,2022,
Sveta Ana,Tuji,Prenočitve turistov,2023,1949
Sveta Ana,Tuji,Prenočitve turistov,2024,2494
Sveta Ana,Tuji,Prenočitve turistov,2025,1072
Sveta Trojica v Slov. goricah,Domači,Prihodi turistov,2018,30
Sveta Trojica v Slov. goricah,Domači,Prihodi turistov,2019,
Sveta Trojica v Slov. goricah,Domači,Prihodi turistov,2020,
Sveta Trojica v Slov. goricah,Domači,Prihodi turistov,2021,
Sveta Trojica v Slov. goricah,Domači,Prihodi turistov,2022,
Sveta Trojica v Slov. goricah,Domači,Prihodi turistov,2023,
Sveta Trojica v Slov. goricah,Domači,Prihodi turistov,2024,41
Sveta Trojica v Slov. goricah,Domači,Prihodi turistov,2025,111
Sveta Trojica v Slov. goricah,Domači,Prenočitve turistov,2018,324
Sveta Trojica v Slov. goricah,Domači,Prenočitve turistov,2019,
Sveta Trojica v Slov. goricah,Domači,Prenočitve turistov,2020,
Sveta Trojica v Slov. goricah,Domači,Prenočitve turistov,2021,
Sveta Trojica v Slov. goricah,Domači,Prenočitve turistov,2022,
Sveta Trojica v Slov. goricah,Domači,Prenočitve turistov,2023,
Sveta Trojica v Slov. goricah,Domači,Prenočitve turistov,2024,81
Sveta Trojica v Slov. goricah,Domači,Prenočitve turistov,2025,179
Sveta Trojica v Slov. goricah,Tuji,Prihodi turistov,2018,10
Sveta Trojica v Slov. goricah,Tuji,Prihodi turistov,2019,
Sveta Trojica v Slov. goricah,Tuji,Prihodi turistov,2020,
Sveta Trojica v Slov. goricah,Tuji,Prihodi turistov,2021,
Sveta Trojica v Slov. goricah,Tuji,Prihodi turistov,2022,
Sveta Trojica v Slov. goricah,Tuji,Prihodi turistov,2023,
Sveta Trojica v Slov. goricah,Tuji,Prihodi turistov,2024,151
Sveta Trojica v Slov. goricah,Tuji,Prihodi turistov,2025,547
Sveta Trojica v Slov. goricah,Tuji,Prenočitve turistov,2018,27
Sveta Trojica v Slov. goricah,Tuji,Prenočitve turistov,2019,
Sveta Trojica v Slov. goricah,Tuji,Prenočitve turistov,2020,
Sveta Trojica v Slov. goricah,Tuji,Prenočitve turistov,2021,
Sveta Trojica v Slov. goricah,Tuji,Prenočitve turistov,2022,
Sveta Trojica v Slov. goricah,Tuji,Prenočitve turistov,2023,
Sveta Trojica v Slov. goricah,Tuji,Prenočitve turistov,2024,670
Sveta Trojica v Slov. goricah,Tuji,Prenočitve turistov,2025,970
Sveti Andraž v Slov. goricah,Domači,Prihodi turistov,2018,18
Sveti Andraž v Slov. goricah,Domači,Prihodi turistov,2019,
Sveti Andraž v Slov. goricah,Domači,Prihodi turistov,2020,48
Sveti Andraž v Slov. goricah,Domači,Prihodi turistov,2021,
Sveti Andraž v Slov. goricah,Domači,Prihodi turistov,2022,
Sveti Andraž v Slov. goricah,Domači,Prihodi turistov,2023,
Sveti Andraž v Slov. goricah,Domači,Prihodi turistov,2024,
Sveti Andraž v Slov. goricah,Domači,Prihodi turistov,2025,
Sveti Andraž v Slov. goricah,Domači,Prenočitve turistov,2018,32
Sveti Andraž v Slov. goricah,Domači,Prenočitve turistov,2019,
Sveti Andraž v Slov. goricah,Domači,Prenočitve turistov,2020,131
Sveti Andraž v Slov. goricah,Domači,Prenočitve turistov,2021,
Sveti Andraž v Slov. goricah,Domači,Prenočitve turistov,2022,
Sveti Andraž v Slov. goricah,Domači,Prenočitve turistov,2023,
Sveti Andraž v Slov. goricah,Domači,Prenočitve turistov,2024,
Sveti Andraž v Slov. goricah,Domači,Prenočitve turistov,2025,
Sveti Andraž v Slov. goricah,Tuji,Prihodi turistov,2018,73
Sveti Andraž v Slov. goricah,Tuji,Prihodi turistov,2019,
Sveti Andraž v Slov. goricah,Tuji,Prihodi turistov,2020,1
Sveti Andraž v Slov. goricah,Tuji,Prihodi turistov,2021,
Sveti Andraž v Slov. goricah,Tuji,Prihodi turistov,2022,
Sveti Andraž v Slov. goricah,Tuji,Prihodi turistov,2023,
Sveti Andraž v Slov. goricah,Tuji,Prihodi turistov,2024,
Sveti Andraž v Slov. goricah,Tuji,Prihodi turistov,2025,
Sveti Andraž v Slov. goricah,Tuji,Prenočitve turistov,2018,85
Sveti Andraž v Slov. goricah,Tuji,Prenočitve turistov,2019,
Sveti Andraž v Slov. goricah,Tuji,Prenočitve turistov,2020,3
Sveti Andraž v Slov. goricah,Tuji,Prenočitve turistov,2021,
Sveti Andraž v Slov. goricah,Tuji,Prenočitve turistov,2022,
Sveti Andraž v Slov. goricah,Tuji,Prenočitve turistov,2023,
Sveti Andraž v Slov. goricah,Tuji,Prenočitve turistov,2024,
Sveti Andraž v Slov. goricah,Tuji,Prenočitve turistov,2025,
Sveti Jurij ob Ščavnici,Domači,Prihodi turistov,2018,
Sveti Jurij ob Ščavnici,Domači,Prihodi turistov,2019,28
Sveti Jurij ob Ščavnici,Domači,Prihodi turistov,2020,1340
Sveti Jurij ob Ščavnici,Domači,Prihodi turistov,2021,1436
Sveti Jurij ob Ščavnici,Domači,Prihodi turistov,2022,634
Sveti Jurij ob Ščavnici,Domači,Prihodi turistov,2023,
Sveti Jurij ob Ščavnici,Domači,Prihodi turistov,2024,706
Sveti Jurij ob Ščavnici,Domači,Prihodi turistov,2025,663
Sveti Jurij ob Ščavnici,Domači,Prenočitve turistov,2018,
Sveti Jurij ob Ščavnici,Domači,Prenočitve turistov,2019,60
Sveti Jurij ob Ščavnici,Domači,Prenočitve turistov,2020,2624
Sveti Jurij ob Ščavnici,Domači,Prenočitve turistov,2021,2711
Sveti Jurij ob Ščavnici,Domači,Prenočitve turistov,2022,1167
Sveti Jurij ob Ščavnici,Domači,Prenočitve turistov,2023,
Sveti Jurij ob Ščavnici,Domači,Prenočitve turistov,2024,1386
Sveti Jurij ob Ščavnici,Domači,Prenočitve turistov,2025,1284
Sveti Jurij ob Ščavnici,Tuji,Prihodi turistov,2018,
Sveti Jurij ob Ščavnici,Tuji,Prihodi turistov,2019,170
Sveti Jurij ob Ščavnici,Tuji,Prihodi turistov,2020,179
Sveti Jurij ob Ščavnici,Tuji,Prihodi turistov,2021,402
Sveti Jurij ob Ščavnici,Tuji,Prihodi turistov,2022,855
Sveti Jurij ob Ščavnici,Tuji,Prihodi turistov,2023,
Sveti Jurij ob Ščavnici,Tuji,Prihodi turistov,2024,2420
Sveti Jurij ob Ščavnici,Tuji,Prihodi turistov,2025,3716
Sveti Jurij ob Ščavnici,Tuji,Prenočitve turistov,2018,
Sveti Jurij ob Ščavnici,Tuji,Prenočitve turistov,2019,457
Sveti Jurij ob Ščavnici,Tuji,Prenočitve turistov,2020,365
Sveti Jurij ob Ščavnici,Tuji,Prenočitve turistov,2021,791
Sveti Jurij ob Ščavnici,Tuji,Prenočitve turistov,2022,2010
Sveti Jurij ob Ščavnici,Tuji,Prenočitve turistov,2023,
Sveti Jurij ob Ščavnici,Tuji,Prenočitve turistov,2024,5720
Sveti Jurij ob Ščavnici,Tuji,Prenočitve turistov,2025,9393
Sveti Jurij v Slov. goricah,Domači,Prihodi turistov,2018,
Sveti Jurij v Slov. goricah,Domači,Prihodi turistov,2019,
Sveti Jurij v Slov. goricah,Domači,Prihodi turistov,2020,
Sveti Jurij v Slov. goricah,Domači,Prihodi turistov,2021,
Sveti Jurij v Slov. goricah,Domači,Prihodi turistov,2022,
Sveti Jurij v Slov. goricah,Domači,Prihodi turistov,2023,
Sveti Jurij v Slov. goricah,Domači,Prihodi turistov,2024,
Sveti Jurij v Slov. goricah,Domači,Prihodi turistov,2025,
Sveti Jurij v Slov. goricah,Domači,Prenočitve turistov,2018,
Sveti Jurij v Slov. goricah,Domači,Prenočitve turistov,2019,
Sveti Jurij v Slov. goricah,Domači,Prenočitve turistov,2020,
Sveti Jurij v Slov. goricah,Domači,Prenočitve turistov,2021,
Sveti Jurij v Slov. goricah,Domači,Prenočitve turistov,2022,
Sveti Jurij v Slov. goricah,Domači,Prenočitve turistov,2023,
Sveti Jurij v Slov. goricah,Domači,Prenočitve turistov,2024,
Sveti Jurij v Slov. goricah,Domači,Prenočitve turistov,2025,
Sveti Jurij v Slov. goricah,Tuji,Prihodi turistov,2018,
Sveti Jurij v Slov. goricah,Tuji,Prihodi turistov,2019,
Sveti Jurij v Slov. goricah,Tuji,Prihodi turistov,2020,
Sveti Jurij v Slov. goricah,Tuji,Prihodi turistov,2021,
Sveti Jurij v Slov. goricah,Tuji,Prihodi turistov,2022,
Sveti Jurij v Slov. goricah,Tuji,Prihodi turistov,2023,
Sveti Jurij v Slov. goricah,Tuji,Prihodi turistov,2024,
Sveti Jurij v Slov. goricah,Tuji,Prihodi turistov,2025,
Sveti Jurij v Slov. goricah,Tuji,Prenočitve turistov,2018,
Sveti Jurij v Slov. goricah,Tuji,Prenočitve turistov,2019,
Sveti Jurij v Slov. goricah,Tuji,Prenočitve turistov,2020,
Sveti Jurij v Slov. goricah,Tuji,Prenočitve turistov,2021,
Sveti Jurij v Slov. goricah,Tuji,Prenočitve turistov,2022,
Sveti Jurij v Slov. goricah,Tuji,Prenočitve turistov,2023,
Sveti Jurij v Slov. goricah,Tuji,Prenočitve turistov,2024,
Sveti Jurij v Slov. goricah,Tuji,Prenočitve turistov,2025,
Sveti Tomaž,Domači,Prihodi turistov,2018,
Sveti Tomaž,Domači,Prihodi turistov,2019,
Sveti Tomaž,Domači,Prihodi turistov,2020,
Sveti Tomaž,Domači,Prihodi turistov,2021,
Sveti Tomaž,Domači,Prihodi turistov,2022,
Sveti Tomaž,Domači,Prihodi turistov,2023,12
Sveti Tomaž,Domači,Prihodi turistov,2024,77
Sveti Tomaž,Domači,Prihodi turistov,2025,83
Sveti Tomaž,Domači,Prenočitve turistov,2018,
Sveti Tomaž,Domači,Prenočitve turistov,2019,
Sveti Tomaž,Domači,Prenočitve turistov,2020,
Sveti Tomaž,Domači,Prenočitve turistov,2021,
Sveti Tomaž,Domači,Prenočitve turistov,2022,
Sveti Tomaž,Domači,Prenočitve turistov,2023,21
Sveti Tomaž,Domači,Prenočitve turistov,2024,137
Sveti Tomaž,Domači,Prenočitve turistov,2025,169
Sveti Tomaž,Tuji,Prihodi turistov,2018,
Sveti Tomaž,Tuji,Prihodi turistov,2019,
Sveti Tomaž,Tuji,Prihodi turistov,2020,
Sveti Tomaž,Tuji,Prihodi turistov,2021,
Sveti Tomaž,Tuji,Prihodi turistov,2022,
Sveti Tomaž,Tuji,Prihodi turistov,2023,37
Sveti Tomaž,Tuji,Prihodi turistov,2024,76
Sveti Tomaž,Tuji,Prihodi turistov,2025,150
Sveti Tomaž,Tuji,Prenočitve turistov,2018,
Sveti Tomaž,Tuji,Prenočitve turistov,2019,
Sveti Tomaž,Tuji,Prenočitve turistov,2020,
Sveti Tomaž,Tuji,Prenočitve turistov,2021,
Sveti Tomaž,Tuji,Prenočitve turistov,2022,
Sveti Tomaž,Tuji,Prenočitve turistov,2023,169
Sveti Tomaž,Tuji,Prenočitve turistov,2024,188
Sveti Tomaž,Tuji,Prenočitve turistov,2025,556
Šalovci,Domači,Prihodi turistov,2018,267
Šalovci,Domači,Prihodi turistov,2019,612
Šalovci,Domači,Prihodi turistov,2020,
Šalovci,Domači,Prihodi turistov,2021,
Šalovci,Domači,Prihodi turistov,2022,1353
Šalovci,Domači,Prihodi turistov,2023,1257
Šalovci,Domači,Prihodi turistov,2024,1308
Šalovci,Domači,Prihodi turistov,2025,1296
Šalovci,Domači,Prenočitve turistov,2018,634
Šalovci,Domači,Prenočitve turistov,2019,1407
Šalovci,Domači,Prenočitve turistov,2020,
Šalovci,Domači,Prenočitve turistov,2021,
Šalovci,Domači,Prenočitve turistov,2022,2917
Šalovci,Domači,Prenočitve turistov,2023,2596
Šalovci,Domači,Prenočitve turistov,2024,2549
Šalovci,Domači,Prenočitve turistov,2025,2505
Šalovci,Tuji,Prihodi turistov,2018,296
Šalovci,Tuji,Prihodi turistov,2019,315
Šalovci,Tuji,Prihodi turistov,2020,
Šalovci,Tuji,Prihodi turistov,2021,
Šalovci,Tuji,Prihodi turistov,2022,368
Šalovci,Tuji,Prihodi turistov,2023,603
Šalovci,Tuji,Prihodi turistov,2024,542
Šalovci,Tuji,Prihodi turistov,2025,551
Šalovci,Tuji,Prenočitve turistov,2018,686
Šalovci,Tuji,Prenočitve turistov,2019,1237
Šalovci,Tuji,Prenočitve turistov,2020,
Šalovci,Tuji,Prenočitve turistov,2021,
Šalovci,Tuji,Prenočitve turistov,2022,2180
Šalovci,Tuji,Prenočitve turistov,2023,3004
Šalovci,Tuji,Prenočitve turistov,2024,1959
Šalovci,Tuji,Prenočitve turistov,2025,2282
Šempeter - Vrtojba,Domači,Prihodi turistov,2018,1308
Šempeter - Vrtojba,Domači,Prihodi turistov,2019,
Šempeter - Vrtojba,Domači,Prihodi turistov,2020,
Šempeter - Vrtojba,Domači,Prihodi turistov,2021,
Šempeter - Vrtojba,Domači,Prihodi turistov,2022,1011
Šempeter - Vrtojba,Domači,Prihodi turistov,2023,1180
Šempeter - Vrtojba,Domači,Prihodi turistov,2024,917
Šempeter - Vrtojba,Domači,Prihodi turistov,2025,711
Šempeter - Vrtojba,Domači,Prenočitve turistov,2018,2496
Šempeter - Vrtojba,Domači,Prenočitve turistov,2019,
Šempeter - Vrtojba,Domači,Prenočitve turistov,2020,
Šempeter - Vrtojba,Domači,Prenočitve turistov,2021,
Šempeter - Vrtojba,Domači,Prenočitve turistov,2022,1353
Šempeter - Vrtojba,Domači,Prenočitve turistov,2023,1989
Šempeter - Vrtojba,Domači,Prenočitve turistov,2024,1609
Šempeter - Vrtojba,Domači,Prenočitve turistov,2025,1063
Šempeter - Vrtojba,Tuji,Prihodi turistov,2018,7023
Šempeter - Vrtojba,Tuji,Prihodi turistov,2019,
Šempeter - Vrtojba,Tuji,Prihodi turistov,2020,
Šempeter - Vrtojba,Tuji,Prihodi turistov,2021,
Šempeter - Vrtojba,Tuji,Prihodi turistov,2022,4193
Šempeter - Vrtojba,Tuji,Prihodi turistov,2023,4894
Šempeter - Vrtojba,Tuji,Prihodi turistov,2024,3913
Šempeter - Vrtojba,Tuji,Prihodi turistov,2025,5606
Šempeter - Vrtojba,Tuji,Prenočitve turistov,2018,12987
Šempeter - Vrtojba,Tuji,Prenočitve turistov,2019,
Šempeter - Vrtojba,Tuji,Prenočitve turistov,2020,
Šempeter - Vrtojba,Tuji,Prenočitve turistov,2021,
Šempeter - Vrtojba,Tuji,Prenočitve turistov,2022,8006
Šempeter - Vrtojba,Tuji,Prenočitve turistov,2023,9650
Šempeter - Vrtojba,Tuji,Prenočitve turistov,2024,7596
Šempeter - Vrtojba,Tuji,Prenočitve turistov,2025,11560
Šenčur,Domači,Prihodi turistov,2018,641
Šenčur,Domači,Prihodi turistov,2019,746
Šenčur,Domači,Prihodi turistov,2020,1081
Šenčur,Domači,Prihodi turistov,2021,1174
Šenčur,Domači,Prihodi turistov,2022,987
Šenčur,Domači,Prihodi turistov,2023,
Šenčur,Domači,Prihodi turistov,2024,1005
Šenčur,Domači,Prihodi turistov,2025,995
Šenčur,Domači,Prenočitve turistov,2018,1482
Šenčur,Domači,Prenočitve turistov,2019,1248
Šenčur,Domači,Prenočitve turistov,2020,2624
Šenčur,Domači,Prenočitve turistov,2021,2617
Šenčur,Domači,Prenočitve turistov,2022,1860
Šenčur,Domači,Prenočitve turistov,2023,
Šenčur,Domači,Prenočitve turistov,2024,1830
Šenčur,Domači,Prenočitve turistov,2025,1878
Šenčur,Tuji,Prihodi turistov,2018,7794
Šenčur,Tuji,Prihodi turistov,2019,8576
Šenčur,Tuji,Prihodi turistov,2020,2115
Šenčur,Tuji,Prihodi turistov,2021,4305
Šenčur,Tuji,Prihodi turistov,2022,9044
Šenčur,Tuji,Prihodi turistov,2023,
Šenčur,Tuji,Prihodi turistov,2024,12090
Šenčur,Tuji,Prihodi turistov,2025,14382
Šenčur,Tuji,Prenočitve turistov,2018,19601
Šenčur,Tuji,Prenočitve turistov,2019,19154
Šenčur,Tuji,Prenočitve turistov,2020,6602
Šenčur,Tuji,Prenočitve turistov,2021,11555
Šenčur,Tuji,Prenočitve turistov,2022,21329
Šenčur,Tuji,Prenočitve turistov,2023,
Šenčur,Tuji,Prenočitve turistov,2024,27440
Šenčur,Tuji,Prenočitve turistov,2025,31861
Šentilj,Domači,Prihodi turistov,2018,1324
Šentilj,Domači,Prihodi turistov,2019,1773
Šentilj,Domači,Prihodi turistov,2020,
Šentilj,Domači,Prihodi turistov,2021,1586
Šentilj,Domači,Prihodi turistov,2022,2443
Šentilj,Domači,Prihodi turistov,2023,2175
Šentilj,Domači,Prihodi turistov,2024,2818
Šentilj,Domači,Prihodi turistov,2025,2486
Šentilj,Domači,Prenočitve turistov,2018,1992
Šentilj,Domači,Prenočitve turistov,2019,2541
Šentilj,Domači,Prenočitve turistov,2020,
Šentilj,Domači,Prenočitve turistov,2021,2555
Šentilj,Domači,Prenočitve turistov,2022,3356
Šentilj,Domači,Prenočitve turistov,2023,2712
Šentilj,Domači,Prenočitve turistov,2024,3623
Šentilj,Domači,Prenočitve turistov,2025,3169
Šentilj,Tuji,Prihodi turistov,2018,10441
Šentilj,Tuji,Prihodi turistov,2019,10627
Šentilj,Tuji,Prihodi turistov,2020,
Šentilj,Tuji,Prihodi turistov,2021,7020
Šentilj,Tuji,Prihodi turistov,2022,12672
Šentilj,Tuji,Prihodi turistov,2023,13571
Šentilj,Tuji,Prihodi turistov,2024,12881
Šentilj,Tuji,Prihodi turistov,2025,13582
Šentilj,Tuji,Prenočitve turistov,2018,14478
Šentilj,Tuji,Prenočitve turistov,2019,13868
Šentilj,Tuji,Prenočitve turistov,2020,
Šentilj,Tuji,Prenočitve turistov,2021,9250
Šentilj,Tuji,Prenočitve turistov,2022,16566
Šentilj,Tuji,Prenočitve turistov,2023,18698
Šentilj,Tuji,Prenočitve turistov,2024,16982
Šentilj,Tuji,Prenočitve turistov,2025,17384
Šentjernej,Domači,Prihodi turistov,2018,253
Šentjernej,Domači,Prihodi turistov,2019,104
Šentjernej,Domači,Prihodi turistov,2020,232
Šentjernej,Domači,Prihodi turistov,2021,474
Šentjernej,Domači,Prihodi turistov,2022,401
Šentjernej,Domači,Prihodi turistov,2023,162
Šentjernej,Domači,Prihodi turistov,2024,144
Šentjernej,Domači,Prihodi turistov,2025,171
Šentjernej,Domači,Prenočitve turistov,2018,924
Šentjernej,Domači,Prenočitve turistov,2019,253
Šentjernej,Domači,Prenočitve turistov,2020,621
Šentjernej,Domači,Prenočitve turistov,2021,1564
Šentjernej,Domači,Prenočitve turistov,2022,1241
Šentjernej,Domači,Prenočitve turistov,2023,224
Šentjernej,Domači,Prenočitve turistov,2024,303
Šentjernej,Domači,Prenočitve turistov,2025,322
Šentjernej,Tuji,Prihodi turistov,2018,290
Šentjernej,Tuji,Prihodi turistov,2019,122
Šentjernej,Tuji,Prihodi turistov,2020,48
Šentjernej,Tuji,Prihodi turistov,2021,47
Šentjernej,Tuji,Prihodi turistov,2022,127
Šentjernej,Tuji,Prihodi turistov,2023,202
Šentjernej,Tuji,Prihodi turistov,2024,185
Šentjernej,Tuji,Prihodi turistov,2025,248
Šentjernej,Tuji,Prenočitve turistov,2018,712
Šentjernej,Tuji,Prenočitve turistov,2019,309
Šentjernej,Tuji,Prenočitve turistov,2020,60
Šentjernej,Tuji,Prenočitve turistov,2021,102
Šentjernej,Tuji,Prenočitve turistov,2022,341
Šentjernej,Tuji,Prenočitve turistov,2023,352
Šentjernej,Tuji,Prenočitve turistov,2024,494
Šentjernej,Tuji,Prenočitve turistov,2025,661
Šentjur,Domači,Prihodi turistov,2018,130
Šentjur,Domači,Prihodi turistov,2019,264
Šentjur,Domači,Prihodi turistov,2020,1517
Šentjur,Domači,Prihodi turistov,2021,3171
Šentjur,Domači,Prihodi turistov,2022,2139
Šentjur,Domači,Prihodi turistov,2023,679
Šentjur,Domači,Prihodi turistov,2024,540
Šentjur,Domači,Prihodi turistov,2025,702
Šentjur,Domači,Prenočitve turistov,2018,265
Šentjur,Domači,Prenočitve turistov,2019,587
Šentjur,Domači,Prenočitve turistov,2020,3993
Šentjur,Domači,Prenočitve turistov,2021,9587
Šentjur,Domači,Prenočitve turistov,2022,5766
Šentjur,Domači,Prenočitve turistov,2023,1383
Šentjur,Domači,Prenočitve turistov,2024,1002
Šentjur,Domači,Prenočitve turistov,2025,1345
Šentjur,Tuji,Prihodi turistov,2018,335
Šentjur,Tuji,Prihodi turistov,2019,677
Šentjur,Tuji,Prihodi turistov,2020,191
Šentjur,Tuji,Prihodi turistov,2021,441
Šentjur,Tuji,Prihodi turistov,2022,1730
Šentjur,Tuji,Prihodi turistov,2023,2357
Šentjur,Tuji,Prihodi turistov,2024,2905
Šentjur,Tuji,Prihodi turistov,2025,2707
Šentjur,Tuji,Prenočitve turistov,2018,890
Šentjur,Tuji,Prenočitve turistov,2019,1649
Šentjur,Tuji,Prenočitve turistov,2020,531
Šentjur,Tuji,Prenočitve turistov,2021,1151
Šentjur,Tuji,Prenočitve turistov,2022,4098
Šentjur,Tuji,Prenočitve turistov,2023,6348
Šentjur,Tuji,Prenočitve turistov,2024,6877
Šentjur,Tuji,Prenočitve turistov,2025,7869
Šentrupert,Domači,Prihodi turistov,2018,85
Šentrupert,Domači,Prihodi turistov,2019,
Šentrupert,Domači,Prihodi turistov,2020,117
Šentrupert,Domači,Prihodi turistov,2021,
Šentrupert,Domači,Prihodi turistov,2022,187
Šentrupert,Domači,Prihodi turistov,2023,140
Šentrupert,Domači,Prihodi turistov,2024,83
Šentrupert,Domači,Prihodi turistov,2025,187
Šentrupert,Domači,Prenočitve turistov,2018,419
Šentrupert,Domači,Prenočitve turistov,2019,
Šentrupert,Domači,Prenočitve turistov,2020,257
Šentrupert,Domači,Prenočitve turistov,2021,
Šentrupert,Domači,Prenočitve turistov,2022,366
Šentrupert,Domači,Prenočitve turistov,2023,175
Šentrupert,Domači,Prenočitve turistov,2024,107
Šentrupert,Domači,Prenočitve turistov,2025,258
Šentrupert,Tuji,Prihodi turistov,2018,108
Šentrupert,Tuji,Prihodi turistov,2019,
Šentrupert,Tuji,Prihodi turistov,2020,76
Šentrupert,Tuji,Prihodi turistov,2021,
Šentrupert,Tuji,Prihodi turistov,2022,104
Šentrupert,Tuji,Prihodi turistov,2023,131
Šentrupert,Tuji,Prihodi turistov,2024,68
Šentrupert,Tuji,Prihodi turistov,2025,113
Šentrupert,Tuji,Prenočitve turistov,2018,660
Šentrupert,Tuji,Prenočitve turistov,2019,
Šentrupert,Tuji,Prenočitve turistov,2020,297
Šentrupert,Tuji,Prenočitve turistov,2021,
Šentrupert,Tuji,Prenočitve turistov,2022,266
Šentrupert,Tuji,Prenočitve turistov,2023,355
Šentrupert,Tuji,Prenočitve turistov,2024,191
Šentrupert,Tuji,Prenočitve turistov,2025,215
Škocjan,Domači,Prihodi turistov,2018,307
Škocjan,Domači,Prihodi turistov,2019,321
Škocjan,Domači,Prihodi turistov,2020,441
Škocjan,Domači,Prihodi turistov,2021,
Škocjan,Domači,Prihodi turistov,2022,558
Škocjan,Domači,Prihodi turistov,2023,343
Škocjan,Domači,Prihodi turistov,2024,453
Škocjan,Domači,Prihodi turistov,2025,360
Škocjan,Domači,Prenočitve turistov,2018,2620
Škocjan,Domači,Prenočitve turistov,2019,809
Škocjan,Domači,Prenočitve turistov,2020,1106
Škocjan,Domači,Prenočitve turistov,2021,
Škocjan,Domači,Prenočitve turistov,2022,1419
Škocjan,Domači,Prenočitve turistov,2023,525
Škocjan,Domači,Prenočitve turistov,2024,1001
Škocjan,Domači,Prenočitve turistov,2025,801
Škocjan,Tuji,Prihodi turistov,2018,2117
Škocjan,Tuji,Prihodi turistov,2019,2296
Škocjan,Tuji,Prihodi turistov,2020,960
Škocjan,Tuji,Prihodi turistov,2021,
Škocjan,Tuji,Prihodi turistov,2022,2595
Škocjan,Tuji,Prihodi turistov,2023,3037
Škocjan,Tuji,Prihodi turistov,2024,2925
Škocjan,Tuji,Prihodi turistov,2025,3113
Škocjan,Tuji,Prenočitve turistov,2018,6615
Škocjan,Tuji,Prenočitve turistov,2019,3659
Škocjan,Tuji,Prenočitve turistov,2020,2136
Škocjan,Tuji,Prenočitve turistov,2021,
Škocjan,Tuji,Prenočitve turistov,2022,3500
Škocjan,Tuji,Prenočitve turistov,2023,4353
Škocjan,Tuji,Prenočitve turistov,2024,5304
Škocjan,Tuji,Prenočitve turistov,2025,6224
Škofja Loka,Domači,Prihodi turistov,2018,2041
Škofja Loka,Domači,Prihodi turistov,2019,2054
Škofja Loka,Domači,Prihodi turistov,2020,1970
Škofja Loka,Domači,Prihodi turistov,2021,2274
Škofja Loka,Domači,Prihodi turistov,2022,2578
Škofja Loka,Domači,Prihodi turistov,2023,2118
Škofja Loka,Domači,Prihodi turistov,2024,2234
Škofja Loka,Domači,Prihodi turistov,2025,2449
Škofja Loka,Domači,Prenočitve turistov,2018,9669
Škofja Loka,Domači,Prenočitve turistov,2019,4520
Škofja Loka,Domači,Prenočitve turistov,2020,4883
Škofja Loka,Domači,Prenočitve turistov,2021,5495
Škofja Loka,Domači,Prenočitve turistov,2022,5960
Škofja Loka,Domači,Prenočitve turistov,2023,4754
Škofja Loka,Domači,Prenočitve turistov,2024,3793
Škofja Loka,Domači,Prenočitve turistov,2025,4553
Škofja Loka,Tuji,Prihodi turistov,2018,8377
Škofja Loka,Tuji,Prihodi turistov,2019,8859
Škofja Loka,Tuji,Prihodi turistov,2020,1961
Škofja Loka,Tuji,Prihodi turistov,2021,3897
Škofja Loka,Tuji,Prihodi turistov,2022,9062
Škofja Loka,Tuji,Prihodi turistov,2023,9614
Škofja Loka,Tuji,Prihodi turistov,2024,15681
Škofja Loka,Tuji,Prihodi turistov,2025,19158
Škofja Loka,Tuji,Prenočitve turistov,2018,21441
Škofja Loka,Tuji,Prenočitve turistov,2019,23544
Škofja Loka,Tuji,Prenočitve turistov,2020,6416
Škofja Loka,Tuji,Prenočitve turistov,2021,11583
Škofja Loka,Tuji,Prenočitve turistov,2022,23253
Škofja Loka,Tuji,Prenočitve turistov,2023,25340
Škofja Loka,Tuji,Prenočitve turistov,2024,36377
Škofja Loka,Tuji,Prenočitve turistov,2025,43100
Škofljica,Domači,Prihodi turistov,2018,146
Škofljica,Domači,Prihodi turistov,2019,275
Škofljica,Domači,Prihodi turistov,2020,119
Škofljica,Domači,Prihodi turistov,2021,860
Škofljica,Domači,Prihodi turistov,2022,406
Škofljica,Domači,Prihodi turistov,2023,345
Škofljica,Domači,Prihodi turistov,2024,399
Škofljica,Domači,Prihodi turistov,2025,427
Škofljica,Domači,Prenočitve turistov,2018,403
Škofljica,Domači,Prenočitve turistov,2019,527
Škofljica,Domači,Prenočitve turistov,2020,307
Škofljica,Domači,Prenočitve turistov,2021,1573
Škofljica,Domači,Prenočitve turistov,2022,1162
Škofljica,Domači,Prenočitve turistov,2023,700
Škofljica,Domači,Prenočitve turistov,2024,761
Škofljica,Domači,Prenočitve turistov,2025,3081
Škofljica,Tuji,Prihodi turistov,2018,753
Škofljica,Tuji,Prihodi turistov,2019,2876
Škofljica,Tuji,Prihodi turistov,2020,158
Škofljica,Tuji,Prihodi turistov,2021,425
Škofljica,Tuji,Prihodi turistov,2022,1148
Škofljica,Tuji,Prihodi turistov,2023,3005
Škofljica,Tuji,Prihodi turistov,2024,3159
Škofljica,Tuji,Prihodi turistov,2025,3766
Škofljica,Tuji,Prenočitve turistov,2018,2122
Škofljica,Tuji,Prenočitve turistov,2019,5753
Škofljica,Tuji,Prenočitve turistov,2020,485
Škofljica,Tuji,Prenočitve turistov,2021,1233
Škofljica,Tuji,Prenočitve turistov,2022,4299
Škofljica,Tuji,Prenočitve turistov,2023,5858
Škofljica,Tuji,Prenočitve turistov,2024,5185
Škofljica,Tuji,Prenočitve turistov,2025,6290
Šmarje pri Jelšah,Domači,Prihodi turistov,2018,263
Šmarje pri Jelšah,Domači,Prihodi turistov,2019,160
Šmarje pri Jelšah,Domači,Prihodi turistov,2020,1235
Šmarje pri Jelšah,Domači,Prihodi turistov,2021,
Šmarje pri Jelšah,Domači,Prihodi turistov,2022,2365
Šmarje pri Jelšah,Domači,Prihodi turistov,2023,1272
Šmarje pri Jelšah,Domači,Prihodi turistov,2024,725
Šmarje pri Jelšah,Domači,Prihodi turistov,2025,999
Šmarje pri Jelšah,Domači,Prenočitve turistov,2018,679
Šmarje pri Jelšah,Domači,Prenočitve turistov,2019,510
Šmarje pri Jelšah,Domači,Prenočitve turistov,2020,3916
Šmarje pri Jelšah,Domači,Prenočitve turistov,2021,
Šmarje pri Jelšah,Domači,Prenočitve turistov,2022,5893
Šmarje pri Jelšah,Domači,Prenočitve turistov,2023,3036
Šmarje pri Jelšah,Domači,Prenočitve turistov,2024,1805
Šmarje pri Jelšah,Domači,Prenočitve turistov,2025,2259
Šmarje pri Jelšah,Tuji,Prihodi turistov,2018,520
Šmarje pri Jelšah,Tuji,Prihodi turistov,2019,586
Šmarje pri Jelšah,Tuji,Prihodi turistov,2020,137
Šmarje pri Jelšah,Tuji,Prihodi turistov,2021,
Šmarje pri Jelšah,Tuji,Prihodi turistov,2022,932
Šmarje pri Jelšah,Tuji,Prihodi turistov,2023,1513
Šmarje pri Jelšah,Tuji,Prihodi turistov,2024,1157
Šmarje pri Jelšah,Tuji,Prihodi turistov,2025,1837
Šmarje pri Jelšah,Tuji,Prenočitve turistov,2018,1346
Šmarje pri Jelšah,Tuji,Prenočitve turistov,2019,1662
Šmarje pri Jelšah,Tuji,Prenočitve turistov,2020,621
Šmarje pri Jelšah,Tuji,Prenočitve turistov,2021,
Šmarje pri Jelšah,Tuji,Prenočitve turistov,2022,2936
Šmarje pri Jelšah,Tuji,Prenočitve turistov,2023,4772
Šmarje pri Jelšah,Tuji,Prenočitve turistov,2024,4475
Šmarje pri Jelšah,Tuji,Prenočitve turistov,2025,5721
Šmarješke Toplice,Domači,Prihodi turistov,2018,10143
Šmarješke Toplice,Domači,Prihodi turistov,2019,9739
Šmarješke Toplice,Domači,Prihodi turistov,2020,
Šmarješke Toplice,Domači,Prihodi turistov,2021,15272
Šmarješke Toplice,Domači,Prihodi turistov,2022,14158
Šmarješke Toplice,Domači,Prihodi turistov,2023,13110
Šmarješke Toplice,Domači,Prihodi turistov,2024,13535
Šmarješke Toplice,Domači,Prihodi turistov,2025,13453
Šmarješke Toplice,Domači,Prenočitve turistov,2018,71205
Šmarješke Toplice,Domači,Prenočitve turistov,2019,70067
Šmarješke Toplice,Domači,Prenočitve turistov,2020,
Šmarješke Toplice,Domači,Prenočitve turistov,2021,87636
Šmarješke Toplice,Domači,Prenočitve turistov,2022,90841
Šmarješke Toplice,Domači,Prenočitve turistov,2023,99162
Šmarješke Toplice,Domači,Prenočitve turistov,2024,103899
Šmarješke Toplice,Domači,Prenočitve turistov,2025,103249
Šmarješke Toplice,Tuji,Prihodi turistov,2018,7880
Šmarješke Toplice,Tuji,Prihodi turistov,2019,6991
Šmarješke Toplice,Tuji,Prihodi turistov,2020,
Šmarješke Toplice,Tuji,Prihodi turistov,2021,1912
Šmarješke Toplice,Tuji,Prihodi turistov,2022,4579
Šmarješke Toplice,Tuji,Prihodi turistov,2023,5452
Šmarješke Toplice,Tuji,Prihodi turistov,2024,5042
Šmarješke Toplice,Tuji,Prihodi turistov,2025,4653
Šmarješke Toplice,Tuji,Prenočitve turistov,2018,31900
Šmarješke Toplice,Tuji,Prenočitve turistov,2019,27256
Šmarješke Toplice,Tuji,Prenočitve turistov,2020,
Šmarješke Toplice,Tuji,Prenočitve turistov,2021,7140
Šmarješke Toplice,Tuji,Prenočitve turistov,2022,13940
Šmarješke Toplice,Tuji,Prenočitve turistov,2023,15238
Šmarješke Toplice,Tuji,Prenočitve turistov,2024,15040
Šmarješke Toplice,Tuji,Prenočitve turistov,2025,17473
Šmartno ob Paki,Domači,Prihodi turistov,2018,
Šmartno ob Paki,Domači,Prihodi turistov,2019,
Šmartno ob Paki,Domači,Prihodi turistov,2020,97
Šmartno ob Paki,Domači,Prihodi turistov,2021,239
Šmartno ob Paki,Domači,Prihodi turistov,2022,244
Šmartno ob Paki,Domači,Prihodi turistov,2023,114
Šmartno ob Paki,Domači,Prihodi turistov,2024,200
Šmartno ob Paki,Domači,Prihodi turistov,2025,283
Šmartno ob Paki,Domači,Prenočitve turistov,2018,
Šmartno ob Paki,Domači,Prenočitve turistov,2019,
Šmartno ob Paki,Domači,Prenočitve turistov,2020,244
Šmartno ob Paki,Domači,Prenočitve turistov,2021,565
Šmartno ob Paki,Domači,Prenočitve turistov,2022,554
Šmartno ob Paki,Domači,Prenočitve turistov,2023,189
Šmartno ob Paki,Domači,Prenočitve turistov,2024,314
Šmartno ob Paki,Domači,Prenočitve turistov,2025,515
Šmartno ob Paki,Tuji,Prihodi turistov,2018,
Šmartno ob Paki,Tuji,Prihodi turistov,2019,
Šmartno ob Paki,Tuji,Prihodi turistov,2020,47
Šmartno ob Paki,Tuji,Prihodi turistov,2021,39
Šmartno ob Paki,Tuji,Prihodi turistov,2022,158
Šmartno ob Paki,Tuji,Prihodi turistov,2023,141
Šmartno ob Paki,Tuji,Prihodi turistov,2024,151
Šmartno ob Paki,Tuji,Prihodi turistov,2025,171
Šmartno ob Paki,Tuji,Prenočitve turistov,2018,
Šmartno ob Paki,Tuji,Prenočitve turistov,2019,
Šmartno ob Paki,Tuji,Prenočitve turistov,2020,70
Šmartno ob Paki,Tuji,Prenočitve turistov,2021,112
Šmartno ob Paki,Tuji,Prenočitve turistov,2022,330
Šmartno ob Paki,Tuji,Prenočitve turistov,2023,366
Šmartno ob Paki,Tuji,Prenočitve turistov,2024,344
Šmartno ob Paki,Tuji,Prenočitve turistov,2025,469
Šmartno pri Litiji,Domači,Prihodi turistov,2018,
Šmartno pri Litiji,Domači,Prihodi turistov,2019,
Šmartno pri Litiji,Domači,Prihodi turistov,2020,
Šmartno pri Litiji,Domači,Prihodi turistov,2021,
Šmartno pri Litiji,Domači,Prihodi turistov,2022,
Šmartno pri Litiji,Domači,Prihodi turistov,2023,
Šmartno pri Litiji,Domači,Prihodi turistov,2024,135
Šmartno pri Litiji,Domači,Prihodi turistov,2025,181
Šmartno pri Litiji,Domači,Prenočitve turistov,2018,
Šmartno pri Litiji,Domači,Prenočitve turistov,2019,
Šmartno pri Litiji,Domači,Prenočitve turistov,2020,
Šmartno pri Litiji,Domači,Prenočitve turistov,2021,
Šmartno pri Litiji,Domači,Prenočitve turistov,2022,
Šmartno pri Litiji,Domači,Prenočitve turistov,2023,
Šmartno pri Litiji,Domači,Prenočitve turistov,2024,290
Šmartno pri Litiji,Domači,Prenočitve turistov,2025,375
Šmartno pri Litiji,Tuji,Prihodi turistov,2018,
Šmartno pri Litiji,Tuji,Prihodi turistov,2019,
Šmartno pri Litiji,Tuji,Prihodi turistov,2020,
Šmartno pri Litiji,Tuji,Prihodi turistov,2021,
Šmartno pri Litiji,Tuji,Prihodi turistov,2022,
Šmartno pri Litiji,Tuji,Prihodi turistov,2023,
Šmartno pri Litiji,Tuji,Prihodi turistov,2024,81
Šmartno pri Litiji,Tuji,Prihodi turistov,2025,212
Šmartno pri Litiji,Tuji,Prenočitve turistov,2018,
Šmartno pri Litiji,Tuji,Prenočitve turistov,2019,
Šmartno pri Litiji,Tuji,Prenočitve turistov,2020,
Šmartno pri Litiji,Tuji,Prenočitve turistov,2021,
Šmartno pri Litiji,Tuji,Prenočitve turistov,2022,
Šmartno pri Litiji,Tuji,Prenočitve turistov,2023,
Šmartno pri Litiji,Tuji,Prenočitve turistov,2024,215
Šmartno pri Litiji,Tuji,Prenočitve turistov,2025,673
Šoštanj,Domači,Prihodi turistov,2018,24366
Šoštanj,Domači,Prihodi turistov,2019,25165
Šoštanj,Domači,Prihodi turistov,2020,22214
Šoštanj,Domači,Prihodi turistov,2021,
Šoštanj,Domači,Prihodi turistov,2022,17564
Šoštanj,Domači,Prihodi turistov,2023,14932
Šoštanj,Domači,Prihodi turistov,2024,15580
Šoštanj,Domači,Prihodi turistov,2025,19366
Šoštanj,Domači,Prenočitve turistov,2018,83422
Šoštanj,Domači,Prenočitve turistov,2019,81220
Šoštanj,Domači,Prenočitve turistov,2020,75398
Šoštanj,Domači,Prenočitve turistov,2021,
Šoštanj,Domači,Prenočitve turistov,2022,49947
Šoštanj,Domači,Prenočitve turistov,2023,43347
Šoštanj,Domači,Prenočitve turistov,2024,51067
Šoštanj,Domači,Prenočitve turistov,2025,61315
Šoštanj,Tuji,Prihodi turistov,2018,9341
Šoštanj,Tuji,Prihodi turistov,2019,9127
Šoštanj,Tuji,Prihodi turistov,2020,2575
Šoštanj,Tuji,Prihodi turistov,2021,
Šoštanj,Tuji,Prihodi turistov,2022,3943
Šoštanj,Tuji,Prihodi turistov,2023,6048
Šoštanj,Tuji,Prihodi turistov,2024,7290
Šoštanj,Tuji,Prihodi turistov,2025,10427
Šoštanj,Tuji,Prenočitve turistov,2018,34829
Šoštanj,Tuji,Prenočitve turistov,2019,34024
Šoštanj,Tuji,Prenočitve turistov,2020,8381
Šoštanj,Tuji,Prenočitve turistov,2021,
Šoštanj,Tuji,Prenočitve turistov,2022,12253
Šoštanj,Tuji,Prenočitve turistov,2023,16237
Šoštanj,Tuji,Prenočitve turistov,2024,18282
Šoštanj,Tuji,Prenočitve turistov,2025,27230
Štore,Domači,Prihodi turistov,2018,102
Štore,Domači,Prihodi turistov,2019,132
Štore,Domači,Prihodi turistov,2020,
Štore,Domači,Prihodi turistov,2021,690
Štore,Domači,Prihodi turistov,2022,517
Štore,Domači,Prihodi turistov,2023,202
Štore,Domači,Prihodi turistov,2024,113
Štore,Domači,Prihodi turistov,2025,188
Štore,Domači,Prenočitve turistov,2018,149
Štore,Domači,Prenočitve turistov,2019,159
Štore,Domači,Prenočitve turistov,2020,
Štore,Domači,Prenočitve turistov,2021,1390
Štore,Domači,Prenočitve turistov,2022,996
Štore,Domači,Prenočitve turistov,2023,311
Štore,Domači,Prenočitve turistov,2024,194
Štore,Domači,Prenočitve turistov,2025,317
Štore,Tuji,Prihodi turistov,2018,522
Štore,Tuji,Prihodi turistov,2019,738
Štore,Tuji,Prihodi turistov,2020,
Štore,Tuji,Prihodi turistov,2021,304
Štore,Tuji,Prihodi turistov,2022,789
Štore,Tuji,Prihodi turistov,2023,674
Štore,Tuji,Prihodi turistov,2024,697
Štore,Tuji,Prihodi turistov,2025,832
Štore,Tuji,Prenočitve turistov,2018,1135
Štore,Tuji,Prenočitve turistov,2019,1465
Štore,Tuji,Prenočitve turistov,2020,
Štore,Tuji,Prenočitve turistov,2021,674
Štore,Tuji,Prenočitve turistov,2022,1572
Štore,Tuji,Prenočitve turistov,2023,1224
Štore,Tuji,Prenočitve turistov,2024,1344
Štore,Tuji,Prenočitve turistov,2025,1402
Tabor,Domači,Prihodi turistov,2018,
Tabor,Domači,Prihodi turistov,2019,
Tabor,Domači,Prihodi turistov,2020,
Tabor,Domači,Prihodi turistov,2021,
Tabor,Domači,Prihodi turistov,2022,
Tabor,Domači,Prihodi turistov,2023,
Tabor,Domači,Prihodi turistov,2024,
Tabor,Domači,Prihodi turistov,2025,
Tabor,Domači,Prenočitve turistov,2018,
Tabor,Domači,Prenočitve turistov,2019,
Tabor,Domači,Prenočitve turistov,2020,
Tabor,Domači,Prenočitve turistov,2021,
Tabor,Domači,Prenočitve turistov,2022,
Tabor,Domači,Prenočitve turistov,2023,
Tabor,Domači,Prenočitve turistov,2024,
Tabor,Domači,Prenočitve turistov,2025,
Tabor,Tuji,Prihodi turistov,2018,
Tabor,Tuji,Prihodi turistov,2019,
Tabor,Tuji,Prihodi turistov,2020,
Tabor,Tuji,Prihodi turistov,2021,
Tabor,Tuji,Prihodi turistov,2022,
Tabor,Tuji,Prihodi turistov,2023,
Tabor,Tuji,Prihodi turistov,2024,
Tabor,Tuji,Prihodi turistov,2025,
Tabor,Tuji,Prenočitve turistov,2018,
Tabor,Tuji,Prenočitve turistov,2019,
Tabor,Tuji,Prenočitve turistov,2020,
Tabor,Tuji,Prenočitve turistov,2021,
Tabor,Tuji,Prenočitve turistov,2022,
Tabor,Tuji,Prenočitve turistov,2023,
Tabor,Tuji,Prenočitve turistov,2024,
Tabor,Tuji,Prenočitve turistov,2025,
Tišina,Domači,Prihodi turistov,2018,
Tišina,Domači,Prihodi turistov,2019,
Tišina,Domači,Prihodi turistov,2020,
Tišina,Domači,Prihodi turistov,2021,
Tišina,Domači,Prihodi turistov,2022,
Tišina,Domači,Prihodi turistov,2023,
Tišina,Domači,Prihodi turistov,2024,
Tišina,Domači,Prihodi turistov,2025,
Tišina,Domači,Prenočitve turistov,2018,
Tišina,Domači,Prenočitve turistov,2019,
Tišina,Domači,Prenočitve turistov,2020,
Tišina,Domači,Prenočitve turistov,2021,
Tišina,Domači,Prenočitve turistov,2022,
Tišina,Domači,Prenočitve turistov,2023,
Tišina,Domači,Prenočitve turistov,2024,
Tišina,Domači,Prenočitve turistov,2025,
Tišina,Tuji,Prihodi turistov,2018,
Tišina,Tuji,Prihodi turistov,2019,
Tišina,Tuji,Prihodi turistov,2020,
Tišina,Tuji,Prihodi turistov,2021,
Tišina,Tuji,Prihodi turistov,2022,
Tišina,Tuji,Prihodi turistov,2023,
Tišina,Tuji,Prihodi turistov,2024,
Tišina,Tuji,Prihodi turistov,2025,
Tišina,Tuji,Prenočitve turistov,2018,
Tišina,Tuji,Prenočitve turistov,2019,
Tišina,Tuji,Prenočitve turistov,2020,
Tišina,Tuji,Prenočitve turistov,2021,
Tišina,Tuji,Prenočitve turistov,2022,
Tišina,Tuji,Prenočitve turistov,2023,
Tišina,Tuji,Prenočitve turistov,2024,
Tišina,Tuji,Prenočitve turistov,2025,
Tolmin,Domači,Prihodi turistov,2018,11671
Tolmin,Domači,Prihodi turistov,2019,11991
Tolmin,Domači,Prihodi turistov,2020,25841
Tolmin,Domači,Prihodi turistov,2021,22140
Tolmin,Domači,Prihodi turistov,2022,13230
Tolmin,Domači,Prihodi turistov,2023,9855
Tolmin,Domači,Prihodi turistov,2024,11598
Tolmin,Domači,Prihodi turistov,2025,11556
Tolmin,Domači,Prenočitve turistov,2018,28947
Tolmin,Domači,Prenočitve turistov,2019,28247
Tolmin,Domači,Prenočitve turistov,2020,66244
Tolmin,Domači,Prenočitve turistov,2021,55056
Tolmin,Domači,Prenočitve turistov,2022,30405
Tolmin,Domači,Prenočitve turistov,2023,23387
Tolmin,Domači,Prenočitve turistov,2024,28965
Tolmin,Domači,Prenočitve turistov,2025,29870
Tolmin,Tuji,Prihodi turistov,2018,44774
Tolmin,Tuji,Prihodi turistov,2019,49818
Tolmin,Tuji,Prihodi turistov,2020,18301
Tolmin,Tuji,Prihodi turistov,2021,31196
Tolmin,Tuji,Prihodi turistov,2022,54473
Tolmin,Tuji,Prihodi turistov,2023,61225
Tolmin,Tuji,Prihodi turistov,2024,63416
Tolmin,Tuji,Prihodi turistov,2025,70005
Tolmin,Tuji,Prenočitve turistov,2018,128904
Tolmin,Tuji,Prenočitve turistov,2019,132913
Tolmin,Tuji,Prenočitve turistov,2020,52984
Tolmin,Tuji,Prenočitve turistov,2021,83966
Tolmin,Tuji,Prenočitve turistov,2022,142542
Tolmin,Tuji,Prenočitve turistov,2023,156478
Tolmin,Tuji,Prenočitve turistov,2024,166801
Tolmin,Tuji,Prenočitve turistov,2025,178410
Trbovlje,Domači,Prihodi turistov,2018,557
Trbovlje,Domači,Prihodi turistov,2019,297
Trbovlje,Domači,Prihodi turistov,2020,
Trbovlje,Domači,Prihodi turistov,2021,
Trbovlje,Domači,Prihodi turistov,2022,459
Trbovlje,Domači,Prihodi turistov,2023,350
Trbovlje,Domači,Prihodi turistov,2024,390
Trbovlje,Domači,Prihodi turistov,2025,328
Trbovlje,Domači,Prenočitve turistov,2018,1258
Trbovlje,Domači,Prenočitve turistov,2019,724
Trbovlje,Domači,Prenočitve turistov,2020,
Trbovlje,Domači,Prenočitve turistov,2021,
Trbovlje,Domači,Prenočitve turistov,2022,1209
Trbovlje,Domači,Prenočitve turistov,2023,778
Trbovlje,Domači,Prenočitve turistov,2024,866
Trbovlje,Domači,Prenočitve turistov,2025,688
Trbovlje,Tuji,Prihodi turistov,2018,673
Trbovlje,Tuji,Prihodi turistov,2019,620
Trbovlje,Tuji,Prihodi turistov,2020,
Trbovlje,Tuji,Prihodi turistov,2021,
Trbovlje,Tuji,Prihodi turistov,2022,697
Trbovlje,Tuji,Prihodi turistov,2023,780
Trbovlje,Tuji,Prihodi turistov,2024,737
Trbovlje,Tuji,Prihodi turistov,2025,711
Trbovlje,Tuji,Prenočitve turistov,2018,3167
Trbovlje,Tuji,Prenočitve turistov,2019,2657
Trbovlje,Tuji,Prenočitve turistov,2020,
Trbovlje,Tuji,Prenočitve turistov,2021,
Trbovlje,Tuji,Prenočitve turistov,2022,2858
Trbovlje,Tuji,Prenočitve turistov,2023,3780
Trbovlje,Tuji,Prenočitve turistov,2024,2845
Trbovlje,Tuji,Prenočitve turistov,2025,3466
Trebnje,Domači,Prihodi turistov,2018,4653
Trebnje,Domači,Prihodi turistov,2019,5085
Trebnje,Domači,Prihodi turistov,2020,
Trebnje,Domači,Prihodi turistov,2021,3762
Trebnje,Domači,Prihodi turistov,2022,5529
Trebnje,Domači,Prihodi turistov,2023,4739
Trebnje,Domači,Prihodi turistov,2024,4766
Trebnje,Domači,Prihodi turistov,2025,4849
Trebnje,Domači,Prenočitve turistov,2018,10096
Trebnje,Domači,Prenočitve turistov,2019,10104
Trebnje,Domači,Prenočitve turistov,2020,
Trebnje,Domači,Prenočitve turistov,2021,9330
Trebnje,Domači,Prenočitve turistov,2022,12534
Trebnje,Domači,Prenočitve turistov,2023,9552
Trebnje,Domači,Prenočitve turistov,2024,9118
Trebnje,Domači,Prenočitve turistov,2025,9896
Trebnje,Tuji,Prihodi turistov,2018,7050
Trebnje,Tuji,Prihodi turistov,2019,8383
Trebnje,Tuji,Prihodi turistov,2020,
Trebnje,Tuji,Prihodi turistov,2021,3332
Trebnje,Tuji,Prihodi turistov,2022,3646
Trebnje,Tuji,Prihodi turistov,2023,5936
Trebnje,Tuji,Prihodi turistov,2024,6614
Trebnje,Tuji,Prihodi turistov,2025,7352
Trebnje,Tuji,Prenočitve turistov,2018,10326
Trebnje,Tuji,Prenočitve turistov,2019,11494
Trebnje,Tuji,Prenočitve turistov,2020,
Trebnje,Tuji,Prenočitve turistov,2021,5626
Trebnje,Tuji,Prenočitve turistov,2022,8169
Trebnje,Tuji,Prenočitve turistov,2023,11076
Trebnje,Tuji,Prenočitve turistov,2024,12087
Trebnje,Tuji,Prenočitve turistov,2025,14328
Trnovska vas,Domači,Prihodi turistov,2018,
Trnovska vas,Domači,Prihodi turistov,2019,
Trnovska vas,Domači,Prihodi turistov,2020,
Trnovska vas,Domači,Prihodi turistov,2021,
Trnovska vas,Domači,Prihodi turistov,2022,
Trnovska vas,Domači,Prihodi turistov,2023,
Trnovska vas,Domači,Prihodi turistov,2024,
Trnovska vas,Domači,Prihodi turistov,2025,78
Trnovska vas,Domači,Prenočitve turistov,2018,
Trnovska vas,Domači,Prenočitve turistov,2019,
Trnovska vas,Domači,Prenočitve turistov,2020,
Trnovska vas,Domači,Prenočitve turistov,2021,
Trnovska vas,Domači,Prenočitve turistov,2022,
Trnovska vas,Domači,Prenočitve turistov,2023,
Trnovska vas,Domači,Prenočitve turistov,2024,
Trnovska vas,Domači,Prenočitve turistov,2025,146
Trnovska vas,Tuji,Prihodi turistov,2018,
Trnovska vas,Tuji,Prihodi turistov,2019,
Trnovska vas,Tuji,Prihodi turistov,2020,
Trnovska vas,Tuji,Prihodi turistov,2021,
Trnovska vas,Tuji,Prihodi turistov,2022,
Trnovska vas,Tuji,Prihodi turistov,2023,
Trnovska vas,Tuji,Prihodi turistov,2024,
Trnovska vas,Tuji,Prihodi turistov,2025,207
Trnovska vas,Tuji,Prenočitve turistov,2018,
Trnovska vas,Tuji,Prenočitve turistov,2019,
Trnovska vas,Tuji,Prenočitve turistov,2020,
Trnovska vas,Tuji,Prenočitve turistov,2021,
Trnovska vas,Tuji,Prenočitve turistov,2022,
Trnovska vas,Tuji,Prenočitve turistov,2023,
Trnovska vas,Tuji,Prenočitve turistov,2024,
Trnovska vas,Tuji,Prenočitve turistov,2025,383
Trzin,Domači,Prihodi turistov,2018,95
Trzin,Domači,Prihodi turistov,2019,103
Trzin,Domači,Prihodi turistov,2020,91
Trzin,Domači,Prihodi turistov,2021,84
Trzin,Domači,Prihodi turistov,2022,
Trzin,Domači,Prihodi turistov,2023,106
Trzin,Domači,Prihodi turistov,2024,283
Trzin,Domači,Prihodi turistov,2025,360
Trzin,Domači,Prenočitve turistov,2018,283
Trzin,Domači,Prenočitve turistov,2019,296
Trzin,Domači,Prenočitve turistov,2020,249
Trzin,Domači,Prenočitve turistov,2021,624
Trzin,Domači,Prenočitve turistov,2022,
Trzin,Domači,Prenočitve turistov,2023,174
Trzin,Domači,Prenočitve turistov,2024,528
Trzin,Domači,Prenočitve turistov,2025,581
Trzin,Tuji,Prihodi turistov,2018,652
Trzin,Tuji,Prihodi turistov,2019,761
Trzin,Tuji,Prihodi turistov,2020,195
Trzin,Tuji,Prihodi turistov,2021,208
Trzin,Tuji,Prihodi turistov,2022,
Trzin,Tuji,Prihodi turistov,2023,739
Trzin,Tuji,Prihodi turistov,2024,1721
Trzin,Tuji,Prihodi turistov,2025,2273
Trzin,Tuji,Prenočitve turistov,2018,1516
Trzin,Tuji,Prenočitve turistov,2019,1733
Trzin,Tuji,Prenočitve turistov,2020,671
Trzin,Tuji,Prenočitve turistov,2021,919
Trzin,Tuji,Prenočitve turistov,2022,
Trzin,Tuji,Prenočitve turistov,2023,2541
Trzin,Tuji,Prenočitve turistov,2024,4804
Trzin,Tuji,Prenočitve turistov,2025,6349
Tržič,Domači,Prihodi turistov,2018,1661
Tržič,Domači,Prihodi turistov,2019,1792
Tržič,Domači,Prihodi turistov,2020,2919
Tržič,Domači,Prihodi turistov,2021,3149
Tržič,Domači,Prihodi turistov,2022,2624
Tržič,Domači,Prihodi turistov,2023,2107
Tržič,Domači,Prihodi turistov,2024,1886
Tržič,Domači,Prihodi turistov,2025,2086
Tržič,Domači,Prenočitve turistov,2018,2685
Tržič,Domači,Prenočitve turistov,2019,3062
Tržič,Domači,Prenočitve turistov,2020,6741
Tržič,Domači,Prenočitve turistov,2021,7037
Tržič,Domači,Prenočitve turistov,2022,5326
Tržič,Domači,Prenočitve turistov,2023,3502
Tržič,Domači,Prenočitve turistov,2024,3335
Tržič,Domači,Prenočitve turistov,2025,3519
Tržič,Tuji,Prihodi turistov,2018,5040
Tržič,Tuji,Prihodi turistov,2019,6471
Tržič,Tuji,Prihodi turistov,2020,1795
Tržič,Tuji,Prihodi turistov,2021,3734
Tržič,Tuji,Prihodi turistov,2022,7241
Tržič,Tuji,Prihodi turistov,2023,8271
Tržič,Tuji,Prihodi turistov,2024,8683
Tržič,Tuji,Prihodi turistov,2025,8962
Tržič,Tuji,Prenočitve turistov,2018,13755
Tržič,Tuji,Prenočitve turistov,2019,17659
Tržič,Tuji,Prenočitve turistov,2020,6453
Tržič,Tuji,Prenočitve turistov,2021,10820
Tržič,Tuji,Prenočitve turistov,2022,19906
Tržič,Tuji,Prenočitve turistov,2023,23586
Tržič,Tuji,Prenočitve turistov,2024,23988
Tržič,Tuji,Prenočitve turistov,2025,24532
Turnišče,Domači,Prihodi turistov,2018,
Turnišče,Domači,Prihodi turistov,2019,
Turnišče,Domači,Prihodi turistov,2020,
Turnišče,Domači,Prihodi turistov,2021,
Turnišče,Domači,Prihodi turistov,2022,
Turnišče,Domači,Prihodi turistov,2023,
Turnišče,Domači,Prihodi turistov,2024,
Turnišče,Domači,Prihodi turistov,2025,
Turnišče,Domači,Prenočitve turistov,2018,
Turnišče,Domači,Prenočitve turistov,2019,
Turnišče,Domači,Prenočitve turistov,2020,
Turnišče,Domači,Prenočitve turistov,2021,
Turnišče,Domači,Prenočitve turistov,2022,
Turnišče,Domači,Prenočitve turistov,2023,
Turnišče,Domači,Prenočitve turistov,2024,
Turnišče,Domači,Prenočitve turistov,2025,
Turnišče,Tuji,Prihodi turistov,2018,
Turnišče,Tuji,Prihodi turistov,2019,
Turnišče,Tuji,Prihodi turistov,2020,
Turnišče,Tuji,Prihodi turistov,2021,
Turnišče,Tuji,Prihodi turistov,2022,
Turnišče,Tuji,Prihodi turistov,2023,
Turnišče,Tuji,Prihodi turistov,2024,
Turnišče,Tuji,Prihodi turistov,2025,
Turnišče,Tuji,Prenočitve turistov,2018,
Turnišče,Tuji,Prenočitve turistov,2019,
Turnišče,Tuji,Prenočitve turistov,2020,
Turnišče,Tuji,Prenočitve turistov,2021,
Turnišče,Tuji,Prenočitve turistov,2022,
Turnišče,Tuji,Prenočitve turistov,2023,
Turnišče,Tuji,Prenočitve turistov,2024,
Turnišče,Tuji,Prenočitve turistov,2025,
Velenje,Domači,Prihodi turistov,2018,4033
Velenje,Domači,Prihodi turistov,2019,2926
Velenje,Domači,Prihodi turistov,2020,
Velenje,Domači,Prihodi turistov,2021,2437
Velenje,Domači,Prihodi turistov,2022,4479
Velenje,Domači,Prihodi turistov,2023,4294
Velenje,Domači,Prihodi turistov,2024,5040
Velenje,Domači,Prihodi turistov,2025,5014
Velenje,Domači,Prenočitve turistov,2018,7417
Velenje,Domači,Prenočitve turistov,2019,4901
Velenje,Domači,Prenočitve turistov,2020,
Velenje,Domači,Prenočitve turistov,2021,4611
Velenje,Domači,Prenočitve turistov,2022,7783
Velenje,Domači,Prenočitve turistov,2023,7064
Velenje,Domači,Prenočitve turistov,2024,9322
Velenje,Domači,Prenočitve turistov,2025,9080
Velenje,Tuji,Prihodi turistov,2018,9474
Velenje,Tuji,Prihodi turistov,2019,9446
Velenje,Tuji,Prihodi turistov,2020,
Velenje,Tuji,Prihodi turistov,2021,3151
Velenje,Tuji,Prihodi turistov,2022,7212
Velenje,Tuji,Prihodi turistov,2023,9567
Velenje,Tuji,Prihodi turistov,2024,11008
Velenje,Tuji,Prihodi turistov,2025,11961
Velenje,Tuji,Prenočitve turistov,2018,26893
Velenje,Tuji,Prenočitve turistov,2019,23656
Velenje,Tuji,Prenočitve turistov,2020,
Velenje,Tuji,Prenočitve turistov,2021,11755
Velenje,Tuji,Prenočitve turistov,2022,20121
Velenje,Tuji,Prenočitve turistov,2023,26020
Velenje,Tuji,Prenočitve turistov,2024,28850
Velenje,Tuji,Prenočitve turistov,2025,31708
Velika Polana,Domači,Prihodi turistov,2018,
Velika Polana,Domači,Prihodi turistov,2019,
Velika Polana,Domači,Prihodi turistov,2020,
Velika Polana,Domači,Prihodi turistov,2021,
Velika Polana,Domači,Prihodi turistov,2022,
Velika Polana,Domači,Prihodi turistov,2023,
Velika Polana,Domači,Prihodi turistov,2024,
Velika Polana,Domači,Prihodi turistov,2025,
Velika Polana,Domači,Prenočitve turistov,2018,
Velika Polana,Domači,Prenočitve turistov,2019,
Velika Polana,Domači,Prenočitve turistov,2020,
Velika Polana,Domači,Prenočitve turistov,2021,
Velika Polana,Domači,Prenočitve turistov,2022,
Velika Polana,Domači,Prenočitve turistov,2023,
Velika Polana,Domači,Prenočitve turistov,2024,
Velika Polana,Domači,Prenočitve turistov,2025,
Velika Polana,Tuji,Prihodi turistov,2018,
Velika Polana,Tuji,Prihodi turistov,2019,
Velika Polana,Tuji,Prihodi turistov,2020,
Velika Polana,Tuji,Prihodi turistov,2021,
Velika Polana,Tuji,Prihodi turistov,2022,
Velika Polana,Tuji,Prihodi turistov,2023,
Velika Polana,Tuji,Prihodi turistov,2024,
Velika Polana,Tuji,Prihodi turistov,2025,
Velika Polana,Tuji,Prenočitve turistov,2018,
Velika Polana,Tuji,Prenočitve turistov,2019,
Velika Polana,Tuji,Prenočitve turistov,2020,
Velika Polana,Tuji,Prenočitve turistov,2021,
Velika Polana,Tuji,Prenočitve turistov,2022,
Velika Polana,Tuji,Prenočitve turistov,2023,
Velika Polana,Tuji,Prenočitve turistov,2024,
Velika Polana,Tuji,Prenočitve turistov,2025,
Velike Lašče,Domači,Prihodi turistov,2018,9
Velike Lašče,Domači,Prihodi turistov,2019,51
Velike Lašče,Domači,Prihodi turistov,2020,233
Velike Lašče,Domači,Prihodi turistov,2021,215
Velike Lašče,Domači,Prihodi turistov,2022,102
Velike Lašče,Domači,Prihodi turistov,2023,55
Velike Lašče,Domači,Prihodi turistov,2024,158
Velike Lašče,Domači,Prihodi turistov,2025,163
Velike Lašče,Domači,Prenočitve turistov,2018,25
Velike Lašče,Domači,Prenočitve turistov,2019,59
Velike Lašče,Domači,Prenočitve turistov,2020,510
Velike Lašče,Domači,Prenočitve turistov,2021,474
Velike Lašče,Domači,Prenočitve turistov,2022,192
Velike Lašče,Domači,Prenočitve turistov,2023,122
Velike Lašče,Domači,Prenočitve turistov,2024,254
Velike Lašče,Domači,Prenočitve turistov,2025,278
Velike Lašče,Tuji,Prihodi turistov,2018,304
Velike Lašče,Tuji,Prihodi turistov,2019,577
Velike Lašče,Tuji,Prihodi turistov,2020,132
Velike Lašče,Tuji,Prihodi turistov,2021,410
Velike Lašče,Tuji,Prihodi turistov,2022,790
Velike Lašče,Tuji,Prihodi turistov,2023,823
Velike Lašče,Tuji,Prihodi turistov,2024,1121
Velike Lašče,Tuji,Prihodi turistov,2025,1165
Velike Lašče,Tuji,Prenočitve turistov,2018,751
Velike Lašče,Tuji,Prenočitve turistov,2019,2443
Velike Lašče,Tuji,Prenočitve turistov,2020,546
Velike Lašče,Tuji,Prenočitve turistov,2021,893
Velike Lašče,Tuji,Prenočitve turistov,2022,2391
Velike Lašče,Tuji,Prenočitve turistov,2023,1920
Velike Lašče,Tuji,Prenočitve turistov,2024,3240
Velike Lašče,Tuji,Prenočitve turistov,2025,3479
Veržej,Domači,Prihodi turistov,2018,24971
Veržej,Domači,Prihodi turistov,2019,24351
Veržej,Domači,Prihodi turistov,2020,20555
Veržej,Domači,Prihodi turistov,2021,25310
Veržej,Domači,Prihodi turistov,2022,29068
Veržej,Domači,Prihodi turistov,2023,25823
Veržej,Domači,Prihodi turistov,2024,27064
Veržej,Domači,Prihodi turistov,2025,28282
Veržej,Domači,Prenočitve turistov,2018,80110
Veržej,Domači,Prenočitve turistov,2019,75444
Veržej,Domači,Prenočitve turistov,2020,72937
Veržej,Domači,Prenočitve turistov,2021,85215
Veržej,Domači,Prenočitve turistov,2022,90673
Veržej,Domači,Prenočitve turistov,2023,81581
Veržej,Domači,Prenočitve turistov,2024,84823
Veržej,Domači,Prenočitve turistov,2025,87157
Veržej,Tuji,Prihodi turistov,2018,10429
Veržej,Tuji,Prihodi turistov,2019,6181
Veržej,Tuji,Prihodi turistov,2020,1581
Veržej,Tuji,Prihodi turistov,2021,1897
Veržej,Tuji,Prihodi turistov,2022,3712
Veržej,Tuji,Prihodi turistov,2023,3797
Veržej,Tuji,Prihodi turistov,2024,5131
Veržej,Tuji,Prihodi turistov,2025,5166
Veržej,Tuji,Prenočitve turistov,2018,34617
Veržej,Tuji,Prenočitve turistov,2019,22285
Veržej,Tuji,Prenočitve turistov,2020,6973
Veržej,Tuji,Prenočitve turistov,2021,8619
Veržej,Tuji,Prenočitve turistov,2022,15285
Veržej,Tuji,Prenočitve turistov,2023,13630
Veržej,Tuji,Prenočitve turistov,2024,18630
Veržej,Tuji,Prenočitve turistov,2025,18051
Videm,Domači,Prihodi turistov,2018,301
Videm,Domači,Prihodi turistov,2019,289
Videm,Domači,Prihodi turistov,2020,
Videm,Domači,Prihodi turistov,2021,927
Videm,Domači,Prihodi turistov,2022,1057
Videm,Domači,Prihodi turistov,2023,434
Videm,Domači,Prihodi turistov,2024,303
Videm,Domači,Prihodi turistov,2025,452
Videm,Domači,Prenočitve turistov,2018,527
Videm,Domači,Prenočitve turistov,2019,617
Videm,Domači,Prenočitve turistov,2020,
Videm,Domači,Prenočitve turistov,2021,2293
Videm,Domači,Prenočitve turistov,2022,2412
Videm,Domači,Prenočitve turistov,2023,654
Videm,Domači,Prenočitve turistov,2024,532
Videm,Domači,Prenočitve turistov,2025,745
Videm,Tuji,Prihodi turistov,2018,5627
Videm,Tuji,Prihodi turistov,2019,6548
Videm,Tuji,Prihodi turistov,2020,
Videm,Tuji,Prihodi turistov,2021,3194
Videm,Tuji,Prihodi turistov,2022,5405
Videm,Tuji,Prihodi turistov,2023,5904
Videm,Tuji,Prihodi turistov,2024,4810
Videm,Tuji,Prihodi turistov,2025,4343
Videm,Tuji,Prenočitve turistov,2018,8455
Videm,Tuji,Prenočitve turistov,2019,8333
Videm,Tuji,Prenočitve turistov,2020,
Videm,Tuji,Prenočitve turistov,2021,4288
Videm,Tuji,Prenočitve turistov,2022,8554
Videm,Tuji,Prenočitve turistov,2023,7598
Videm,Tuji,Prenočitve turistov,2024,6672
Videm,Tuji,Prenočitve turistov,2025,6531
Vipava,Domači,Prihodi turistov,2018,1052
Vipava,Domači,Prihodi turistov,2019,1142
Vipava,Domači,Prihodi turistov,2020,3613
Vipava,Domači,Prihodi turistov,2021,4494
Vipava,Domači,Prihodi turistov,2022,2864
Vipava,Domači,Prihodi turistov,2023,2130
Vipava,Domači,Prihodi turistov,2024,2048
Vipava,Domači,Prihodi turistov,2025,1918
Vipava,Domači,Prenočitve turistov,2018,1536
Vipava,Domači,Prenočitve turistov,2019,1555
Vipava,Domači,Prenočitve turistov,2020,6583
Vipava,Domači,Prenočitve turistov,2021,8362
Vipava,Domači,Prenočitve turistov,2022,4498
Vipava,Domači,Prenočitve turistov,2023,3140
Vipava,Domači,Prenočitve turistov,2024,3221
Vipava,Domači,Prenočitve turistov,2025,2934
Vipava,Tuji,Prihodi turistov,2018,6465
Vipava,Tuji,Prihodi turistov,2019,7992
Vipava,Tuji,Prihodi turistov,2020,2555
Vipava,Tuji,Prihodi turistov,2021,4935
Vipava,Tuji,Prihodi turistov,2022,8046
Vipava,Tuji,Prihodi turistov,2023,9585
Vipava,Tuji,Prihodi turistov,2024,9778
Vipava,Tuji,Prihodi turistov,2025,11219
Vipava,Tuji,Prenočitve turistov,2018,14912
Vipava,Tuji,Prenočitve turistov,2019,15616
Vipava,Tuji,Prenočitve turistov,2020,4474
Vipava,Tuji,Prenočitve turistov,2021,9757
Vipava,Tuji,Prenočitve turistov,2022,15880
Vipava,Tuji,Prenočitve turistov,2023,19537
Vipava,Tuji,Prenočitve turistov,2024,20510
Vipava,Tuji,Prenočitve turistov,2025,22907
Vitanje,Domači,Prihodi turistov,2018,286
Vitanje,Domači,Prihodi turistov,2019,334
Vitanje,Domači,Prihodi turistov,2020,1258
Vitanje,Domači,Prihodi turistov,2021,1784
Vitanje,Domači,Prihodi turistov,2022,1163
Vitanje,Domači,Prihodi turistov,2023,848
Vitanje,Domači,Prihodi turistov,2024,851
Vitanje,Domači,Prihodi turistov,2025,698
Vitanje,Domači,Prenočitve turistov,2018,860
Vitanje,Domači,Prenočitve turistov,2019,901
Vitanje,Domači,Prenočitve turistov,2020,4282
Vitanje,Domači,Prenočitve turistov,2021,5500
Vitanje,Domači,Prenočitve turistov,2022,3211
Vitanje,Domači,Prenočitve turistov,2023,2316
Vitanje,Domači,Prenočitve turistov,2024,2339
Vitanje,Domači,Prenočitve turistov,2025,1978
Vitanje,Tuji,Prihodi turistov,2018,472
Vitanje,Tuji,Prihodi turistov,2019,537
Vitanje,Tuji,Prihodi turistov,2020,213
Vitanje,Tuji,Prihodi turistov,2021,175
Vitanje,Tuji,Prihodi turistov,2022,653
Vitanje,Tuji,Prihodi turistov,2023,1064
Vitanje,Tuji,Prihodi turistov,2024,1239
Vitanje,Tuji,Prihodi turistov,2025,1372
Vitanje,Tuji,Prenočitve turistov,2018,2130
Vitanje,Tuji,Prenočitve turistov,2019,1956
Vitanje,Tuji,Prenočitve turistov,2020,611
Vitanje,Tuji,Prenočitve turistov,2021,773
Vitanje,Tuji,Prenočitve turistov,2022,2601
Vitanje,Tuji,Prenočitve turistov,2023,4102
Vitanje,Tuji,Prenočitve turistov,2024,4331
Vitanje,Tuji,Prenočitve turistov,2025,4413
Vodice,Domači,Prihodi turistov,2018,528
Vodice,Domači,Prihodi turistov,2019,598
Vodice,Domači,Prihodi turistov,2020,266
Vodice,Domači,Prihodi turistov,2021,
Vodice,Domači,Prihodi turistov,2022,463
Vodice,Domači,Prihodi turistov,2023,601
Vodice,Domači,Prihodi turistov,2024,524
Vodice,Domači,Prihodi turistov,2025,650
Vodice,Domači,Prenočitve turistov,2018,1672
Vodice,Domači,Prenočitve turistov,2019,1581
Vodice,Domači,Prenočitve turistov,2020,679
Vodice,Domači,Prenočitve turistov,2021,
Vodice,Domači,Prenočitve turistov,2022,1158
Vodice,Domači,Prenočitve turistov,2023,1259
Vodice,Domači,Prenočitve turistov,2024,1373
Vodice,Domači,Prenočitve turistov,2025,1656
Vodice,Tuji,Prihodi turistov,2018,291
Vodice,Tuji,Prihodi turistov,2019,581
Vodice,Tuji,Prihodi turistov,2020,40
Vodice,Tuji,Prihodi turistov,2021,
Vodice,Tuji,Prihodi turistov,2022,289
Vodice,Tuji,Prihodi turistov,2023,676
Vodice,Tuji,Prihodi turistov,2024,905
Vodice,Tuji,Prihodi turistov,2025,1689
Vodice,Tuji,Prenočitve turistov,2018,777
Vodice,Tuji,Prenočitve turistov,2019,1221
Vodice,Tuji,Prenočitve turistov,2020,176
Vodice,Tuji,Prenočitve turistov,2021,
Vodice,Tuji,Prenočitve turistov,2022,471
Vodice,Tuji,Prenočitve turistov,2023,1374
Vodice,Tuji,Prenočitve turistov,2024,1893
Vodice,Tuji,Prenočitve turistov,2025,4081
Vojnik,Domači,Prihodi turistov,2018,368
Vojnik,Domači,Prihodi turistov,2019,256
Vojnik,Domači,Prihodi turistov,2020,
Vojnik,Domači,Prihodi turistov,2021,781
Vojnik,Domači,Prihodi turistov,2022,565
Vojnik,Domači,Prihodi turistov,2023,381
Vojnik,Domači,Prihodi turistov,2024,341
Vojnik,Domači,Prihodi turistov,2025,459
Vojnik,Domači,Prenočitve turistov,2018,621
Vojnik,Domači,Prenočitve turistov,2019,454
Vojnik,Domači,Prenočitve turistov,2020,
Vojnik,Domači,Prenočitve turistov,2021,2378
Vojnik,Domači,Prenočitve turistov,2022,1645
Vojnik,Domači,Prenočitve turistov,2023,1148
Vojnik,Domači,Prenočitve turistov,2024,772
Vojnik,Domači,Prenočitve turistov,2025,755
Vojnik,Tuji,Prihodi turistov,2018,2655
Vojnik,Tuji,Prihodi turistov,2019,854
Vojnik,Tuji,Prihodi turistov,2020,
Vojnik,Tuji,Prihodi turistov,2021,373
Vojnik,Tuji,Prihodi turistov,2022,1187
Vojnik,Tuji,Prihodi turistov,2023,1652
Vojnik,Tuji,Prihodi turistov,2024,1507
Vojnik,Tuji,Prihodi turistov,2025,1698
Vojnik,Tuji,Prenočitve turistov,2018,4861
Vojnik,Tuji,Prenočitve turistov,2019,2369
Vojnik,Tuji,Prenočitve turistov,2020,
Vojnik,Tuji,Prenočitve turistov,2021,987
Vojnik,Tuji,Prenočitve turistov,2022,3229
Vojnik,Tuji,Prenočitve turistov,2023,4695
Vojnik,Tuji,Prenočitve turistov,2024,4071
Vojnik,Tuji,Prenočitve turistov,2025,3767
Vransko,Domači,Prihodi turistov,2018,334
Vransko,Domači,Prihodi turistov,2019,465
Vransko,Domači,Prihodi turistov,2020,
Vransko,Domači,Prihodi turistov,2021,2347
Vransko,Domači,Prihodi turistov,2022,2568
Vransko,Domači,Prihodi turistov,2023,1901
Vransko,Domači,Prihodi turistov,2024,1847
Vransko,Domači,Prihodi turistov,2025,1699
Vransko,Domači,Prenočitve turistov,2018,474
Vransko,Domači,Prenočitve turistov,2019,608
Vransko,Domači,Prenočitve turistov,2020,
Vransko,Domači,Prenočitve turistov,2021,3907
Vransko,Domači,Prenočitve turistov,2022,3559
Vransko,Domači,Prenočitve turistov,2023,2546
Vransko,Domači,Prenočitve turistov,2024,2332
Vransko,Domači,Prenočitve turistov,2025,2171
Vransko,Tuji,Prihodi turistov,2018,1789
Vransko,Tuji,Prihodi turistov,2019,3197
Vransko,Tuji,Prihodi turistov,2020,
Vransko,Tuji,Prihodi turistov,2021,4548
Vransko,Tuji,Prihodi turistov,2022,9567
Vransko,Tuji,Prihodi turistov,2023,10113
Vransko,Tuji,Prihodi turistov,2024,10886
Vransko,Tuji,Prihodi turistov,2025,11379
Vransko,Tuji,Prenočitve turistov,2018,3583
Vransko,Tuji,Prenočitve turistov,2019,6055
Vransko,Tuji,Prenočitve turistov,2020,
Vransko,Tuji,Prenočitve turistov,2021,7511
Vransko,Tuji,Prenočitve turistov,2022,17053
Vransko,Tuji,Prenočitve turistov,2023,18852
Vransko,Tuji,Prenočitve turistov,2024,18942
Vransko,Tuji,Prenočitve turistov,2025,19944
Vrhnika,Domači,Prihodi turistov,2018,1179
Vrhnika,Domači,Prihodi turistov,2019,1231
Vrhnika,Domači,Prihodi turistov,2020,
Vrhnika,Domači,Prihodi turistov,2021,866
Vrhnika,Domači,Prihodi turistov,2022,952
Vrhnika,Domači,Prihodi turistov,2023,657
Vrhnika,Domači,Prihodi turistov,2024,671
Vrhnika,Domači,Prihodi turistov,2025,583
Vrhnika,Domači,Prenočitve turistov,2018,2268
Vrhnika,Domači,Prenočitve turistov,2019,2433
Vrhnika,Domači,Prenočitve turistov,2020,
Vrhnika,Domači,Prenočitve turistov,2021,1697
Vrhnika,Domači,Prenočitve turistov,2022,1594
Vrhnika,Domači,Prenočitve turistov,2023,1022
Vrhnika,Domači,Prenočitve turistov,2024,1046
Vrhnika,Domači,Prenočitve turistov,2025,926
Vrhnika,Tuji,Prihodi turistov,2018,11943
Vrhnika,Tuji,Prihodi turistov,2019,9118
Vrhnika,Tuji,Prihodi turistov,2020,
Vrhnika,Tuji,Prihodi turistov,2021,2850
Vrhnika,Tuji,Prihodi turistov,2022,5787
Vrhnika,Tuji,Prihodi turistov,2023,7477
Vrhnika,Tuji,Prihodi turistov,2024,6597
Vrhnika,Tuji,Prihodi turistov,2025,7013
Vrhnika,Tuji,Prenočitve turistov,2018,19727
Vrhnika,Tuji,Prenočitve turistov,2019,15154
Vrhnika,Tuji,Prenočitve turistov,2020,
Vrhnika,Tuji,Prenočitve turistov,2021,5072
Vrhnika,Tuji,Prenočitve turistov,2022,10034
Vrhnika,Tuji,Prenočitve turistov,2023,12199
Vrhnika,Tuji,Prenočitve turistov,2024,11541
Vrhnika,Tuji,Prenočitve turistov,2025,12269
Vuzenica,Domači,Prihodi turistov,2018,108
Vuzenica,Domači,Prihodi turistov,2019,
Vuzenica,Domači,Prihodi turistov,2020,140
Vuzenica,Domači,Prihodi turistov,2021,280
Vuzenica,Domači,Prihodi turistov,2022,170
Vuzenica,Domači,Prihodi turistov,2023,109
Vuzenica,Domači,Prihodi turistov,2024,67
Vuzenica,Domači,Prihodi turistov,2025,85
Vuzenica,Domači,Prenočitve turistov,2018,237
Vuzenica,Domači,Prenočitve turistov,2019,
Vuzenica,Domači,Prenočitve turistov,2020,357
Vuzenica,Domači,Prenočitve turistov,2021,1294
Vuzenica,Domači,Prenočitve turistov,2022,447
Vuzenica,Domači,Prenočitve turistov,2023,184
Vuzenica,Domači,Prenočitve turistov,2024,104
Vuzenica,Domači,Prenočitve turistov,2025,164
Vuzenica,Tuji,Prihodi turistov,2018,98
Vuzenica,Tuji,Prihodi turistov,2019,
Vuzenica,Tuji,Prihodi turistov,2020,23
Vuzenica,Tuji,Prihodi turistov,2021,53
Vuzenica,Tuji,Prihodi turistov,2022,110
Vuzenica,Tuji,Prihodi turistov,2023,78
Vuzenica,Tuji,Prihodi turistov,2024,155
Vuzenica,Tuji,Prihodi turistov,2025,123
Vuzenica,Tuji,Prenočitve turistov,2018,333
Vuzenica,Tuji,Prenočitve turistov,2019,
Vuzenica,Tuji,Prenočitve turistov,2020,152
Vuzenica,Tuji,Prenočitve turistov,2021,340
Vuzenica,Tuji,Prenočitve turistov,2022,540
Vuzenica,Tuji,Prenočitve turistov,2023,432
Vuzenica,Tuji,Prenočitve turistov,2024,718
Vuzenica,Tuji,Prenočitve turistov,2025,426
Zagorje ob Savi,Domači,Prihodi turistov,2018,378
Zagorje ob Savi,Domači,Prihodi turistov,2019,449
Zagorje ob Savi,Domači,Prihodi turistov,2020,1422
Zagorje ob Savi,Domači,Prihodi turistov,2021,2578
Zagorje ob Savi,Domači,Prihodi turistov,2022,4065
Zagorje ob Savi,Domači,Prihodi turistov,2023,3287
Zagorje ob Savi,Domači,Prihodi turistov,2024,3580
Zagorje ob Savi,Domači,Prihodi turistov,2025,3375
Zagorje ob Savi,Domači,Prenočitve turistov,2018,781
Zagorje ob Savi,Domači,Prenočitve turistov,2019,1194
Zagorje ob Savi,Domači,Prenočitve turistov,2020,3707
Zagorje ob Savi,Domači,Prenočitve turistov,2021,6175
Zagorje ob Savi,Domači,Prenočitve turistov,2022,9897
Zagorje ob Savi,Domači,Prenočitve turistov,2023,8346
Zagorje ob Savi,Domači,Prenočitve turistov,2024,8539
Zagorje ob Savi,Domači,Prenočitve turistov,2025,8082
Zagorje ob Savi,Tuji,Prihodi turistov,2018,1577
Zagorje ob Savi,Tuji,Prihodi turistov,2019,1391
Zagorje ob Savi,Tuji,Prihodi turistov,2020,336
Zagorje ob Savi,Tuji,Prihodi turistov,2021,652
Zagorje ob Savi,Tuji,Prihodi turistov,2022,1302
Zagorje ob Savi,Tuji,Prihodi turistov,2023,1565
Zagorje ob Savi,Tuji,Prihodi turistov,2024,1170
Zagorje ob Savi,Tuji,Prihodi turistov,2025,1152
Zagorje ob Savi,Tuji,Prenočitve turistov,2018,3756
Zagorje ob Savi,Tuji,Prenočitve turistov,2019,3547
Zagorje ob Savi,Tuji,Prenočitve turistov,2020,1104
Zagorje ob Savi,Tuji,Prenočitve turistov,2021,2064
Zagorje ob Savi,Tuji,Prenočitve turistov,2022,3701
Zagorje ob Savi,Tuji,Prenočitve turistov,2023,4973
Zagorje ob Savi,Tuji,Prenočitve turistov,2024,3684
Zagorje ob Savi,Tuji,Prenočitve turistov,2025,3800
Zavrč,Domači,Prihodi turistov,2018,
Zavrč,Domači,Prihodi turistov,2019,
Zavrč,Domači,Prihodi turistov,2020,
Zavrč,Domači,Prihodi turistov,2021,
Zavrč,Domači,Prihodi turistov,2022,488
Zavrč,Domači,Prihodi turistov,2023,413
Zavrč,Domači,Prihodi turistov,2024,500
Zavrč,Domači,Prihodi turistov,2025,417
Zavrč,Domači,Prenočitve turistov,2018,
Zavrč,Domači,Prenočitve turistov,2019,
Zavrč,Domači,Prenočitve turistov,2020,
Zavrč,Domači,Prenočitve turistov,2021,
Zavrč,Domači,Prenočitve turistov,2022,800
Zavrč,Domači,Prenočitve turistov,2023,490
Zavrč,Domači,Prenočitve turistov,2024,630
Zavrč,Domači,Prenočitve turistov,2025,584
Zavrč,Tuji,Prihodi turistov,2018,
Zavrč,Tuji,Prihodi turistov,2019,
Zavrč,Tuji,Prihodi turistov,2020,
Zavrč,Tuji,Prihodi turistov,2021,
Zavrč,Tuji,Prihodi turistov,2022,439
Zavrč,Tuji,Prihodi turistov,2023,715
Zavrč,Tuji,Prihodi turistov,2024,777
Zavrč,Tuji,Prihodi turistov,2025,689
Zavrč,Tuji,Prenočitve turistov,2018,
Zavrč,Tuji,Prenočitve turistov,2019,
Zavrč,Tuji,Prenočitve turistov,2020,
Zavrč,Tuji,Prenočitve turistov,2021,
Zavrč,Tuji,Prenočitve turistov,2022,590
Zavrč,Tuji,Prenočitve turistov,2023,952
Zavrč,Tuji,Prenočitve turistov,2024,1111
Zavrč,Tuji,Prenočitve turistov,2025,1251
Zreče,Domači,Prihodi turistov,2018,48427
Zreče,Domači,Prihodi turistov,2019,49731
Zreče,Domači,Prihodi turistov,2020,51364
Zreče,Domači,Prihodi turistov,2021,52022
Zreče,Domači,Prihodi turistov,2022,55043
Zreče,Domači,Prihodi turistov,2023,44467
Zreče,Domači,Prihodi turistov,2024,42259
Zreče,Domači,Prihodi turistov,2025,42539
Zreče,Domači,Prenočitve turistov,2018,175468
Zreče,Domači,Prenočitve turistov,2019,172697
Zreče,Domači,Prenočitve turistov,2020,189516
Zreče,Domači,Prenočitve turistov,2021,173125
Zreče,Domači,Prenočitve turistov,2022,188176
Zreče,Domači,Prenočitve turistov,2023,170804
Zreče,Domači,Prenočitve turistov,2024,161298
Zreče,Domači,Prenočitve turistov,2025,162575
Zreče,Tuji,Prihodi turistov,2018,28185
Zreče,Tuji,Prihodi turistov,2019,29204
Zreče,Tuji,Prihodi turistov,2020,11907
Zreče,Tuji,Prihodi turistov,2021,6209
Zreče,Tuji,Prihodi turistov,2022,21326
Zreče,Tuji,Prihodi turistov,2023,25461
Zreče,Tuji,Prihodi turistov,2024,26842
Zreče,Tuji,Prihodi turistov,2025,28008
Zreče,Tuji,Prenočitve turistov,2018,98760
Zreče,Tuji,Prenočitve turistov,2019,105634
Zreče,Tuji,Prenočitve turistov,2020,44274
Zreče,Tuji,Prenočitve turistov,2021,25253
Zreče,Tuji,Prenočitve turistov,2022,74667
Zreče,Tuji,Prenočitve turistov,2023,90177
Zreče,Tuji,Prenočitve turistov,2024,94326
Zreče,Tuji,Prenočitve turistov,2025,93441
Žalec,Domači,Prihodi turistov,2018,1334
Žalec,Domači,Prihodi turistov,2019,1822
Žalec,Domači,Prihodi turistov,2020,
Žalec,Domači,Prihodi turistov,2021,5173
Žalec,Domači,Prihodi turistov,2022,4226
Žalec,Domači,Prihodi turistov,2023,3737
Žalec,Domači,Prihodi turistov,2024,3579
Žalec,Domači,Prihodi turistov,2025,3374
Žalec,Domači,Prenočitve turistov,2018,2707
Žalec,Domači,Prenočitve turistov,2019,3195
Žalec,Domači,Prenočitve turistov,2020,
Žalec,Domači,Prenočitve turistov,2021,7569
Žalec,Domači,Prenočitve turistov,2022,6754
Žalec,Domači,Prenočitve turistov,2023,5701
Žalec,Domači,Prenočitve turistov,2024,5212
Žalec,Domači,Prenočitve turistov,2025,5615
Žalec,Tuji,Prihodi turistov,2018,5229
Žalec,Tuji,Prihodi turistov,2019,7102
Žalec,Tuji,Prihodi turistov,2020,
Žalec,Tuji,Prihodi turistov,2021,8293
Žalec,Tuji,Prihodi turistov,2022,11626
Žalec,Tuji,Prihodi turistov,2023,14193
Žalec,Tuji,Prihodi turistov,2024,14839
Žalec,Tuji,Prihodi turistov,2025,15636
Žalec,Tuji,Prenočitve turistov,2018,10867
Žalec,Tuji,Prenočitve turistov,2019,11938
Žalec,Tuji,Prenočitve turistov,2020,
Žalec,Tuji,Prenočitve turistov,2021,13990
Žalec,Tuji,Prenočitve turistov,2022,20828
Žalec,Tuji,Prenočitve turistov,2023,22308
Žalec,Tuji,Prenočitve turistov,2024,26483
Žalec,Tuji,Prenočitve turistov,2025,27807
Železniki,Domači,Prihodi turistov,2018,1195
Železniki,Domači,Prihodi turistov,2019,1980
Železniki,Domači,Prihodi turistov,2020,3958
Železniki,Domači,Prihodi turistov,2021,4291
Železniki,Domači,Prihodi turistov,2022,5192
Železniki,Domači,Prihodi turistov,2023,3633
Železniki,Domači,Prihodi turistov,2024,3180
Železniki,Domači,Prihodi turistov,2025,3003
Železniki,Domači,Prenočitve turistov,2018,2615
Železniki,Domači,Prenočitve turistov,2019,4046
Železniki,Domači,Prenočitve turistov,2020,10710
Železniki,Domači,Prenočitve turistov,2021,8882
Železniki,Domači,Prenočitve turistov,2022,11016
Železniki,Domači,Prenočitve turistov,2023,7695
Železniki,Domači,Prenočitve turistov,2024,6013
Železniki,Domači,Prenočitve turistov,2025,5751
Železniki,Tuji,Prihodi turistov,2018,3624
Železniki,Tuji,Prihodi turistov,2019,5889
Železniki,Tuji,Prihodi turistov,2020,2339
Železniki,Tuji,Prihodi turistov,2021,4865
Železniki,Tuji,Prihodi turistov,2022,10225
Železniki,Tuji,Prihodi turistov,2023,8850
Železniki,Tuji,Prihodi turistov,2024,9668
Železniki,Tuji,Prihodi turistov,2025,8738
Železniki,Tuji,Prenočitve turistov,2018,9168
Železniki,Tuji,Prenočitve turistov,2019,15003
Železniki,Tuji,Prenočitve turistov,2020,5452
Železniki,Tuji,Prenočitve turistov,2021,10501
Železniki,Tuji,Prenočitve turistov,2022,21001
Železniki,Tuji,Prenočitve turistov,2023,20915
Železniki,Tuji,Prenočitve turistov,2024,21510
Železniki,Tuji,Prenočitve turistov,2025,19263
Žetale,Domači,Prihodi turistov,2018,
Žetale,Domači,Prihodi turistov,2019,
Žetale,Domači,Prihodi turistov,2020,
Žetale,Domači,Prihodi turistov,2021,
Žetale,Domači,Prihodi turistov,2022,
Žetale,Domači,Prihodi turistov,2023,7
Žetale,Domači,Prihodi turistov,2024,25
Žetale,Domači,Prihodi turistov,2025,35
Žetale,Domači,Prenočitve turistov,2018,
Žetale,Domači,Prenočitve turistov,2019,
Žetale,Domači,Prenočitve turistov,2020,
Žetale,Domači,Prenočitve turistov,2021,
Žetale,Domači,Prenočitve turistov,2022,
Žetale,Domači,Prenočitve turistov,2023,11
Žetale,Domači,Prenočitve turistov,2024,45
Žetale,Domači,Prenočitve turistov,2025,74
Žetale,Tuji,Prihodi turistov,2018,
Žetale,Tuji,Prihodi turistov,2019,
Žetale,Tuji,Prihodi turistov,2020,
Žetale,Tuji,Prihodi turistov,2021,
Žetale,Tuji,Prihodi turistov,2022,
Žetale,Tuji,Prihodi turistov,2023,167
Žetale,Tuji,Prihodi turistov,2024,258
Žetale,Tuji,Prihodi turistov,2025,431
Žetale,Tuji,Prenočitve turistov,2018,
Žetale,Tuji,Prenočitve turistov,2019,
Žetale,Tuji,Prenočitve turistov,2020,
Žetale,Tuji,Prenočitve turistov,2021,
Žetale,Tuji,Prenočitve turistov,2022,
Žetale,Tuji,Prenočitve turistov,2023,280
Žetale,Tuji,Prenočitve turistov,2024,650
Žetale,Tuji,Prenočitve turistov,2025,1421
Žiri,Domači,Prihodi turistov,2018,65
Žiri,Domači,Prihodi turistov,2019,182
Žiri,Domači,Prihodi turistov,2020,98
Žiri,Domači,Prihodi turistov,2021,
Žiri,Domači,Prihodi turistov,2022,113
Žiri,Domači,Prihodi turistov,2023,
Žiri,Domači,Prihodi turistov,2024,90
Žiri,Domači,Prihodi turistov,2025,95
Žiri,Domači,Prenočitve turistov,2018,83
Žiri,Domači,Prenočitve turistov,2019,298
Žiri,Domači,Prenočitve turistov,2020,208
Žiri,Domači,Prenočitve turistov,2021,
Žiri,Domači,Prenočitve turistov,2022,155
Žiri,Domači,Prenočitve turistov,2023,
Žiri,Domači,Prenočitve turistov,2024,157
Žiri,Domači,Prenočitve turistov,2025,124
Žiri,Tuji,Prihodi turistov,2018,428
Žiri,Tuji,Prihodi turistov,2019,446
Žiri,Tuji,Prihodi turistov,2020,115
Žiri,Tuji,Prihodi turistov,2021,
Žiri,Tuji,Prihodi turistov,2022,341
Žiri,Tuji,Prihodi turistov,2023,
Žiri,Tuji,Prihodi turistov,2024,272
Žiri,Tuji,Prihodi turistov,2025,612
Žiri,Tuji,Prenočitve turistov,2018,1578
Žiri,Tuji,Prenočitve turistov,2019,1194
Žiri,Tuji,Prenočitve turistov,2020,534
Žiri,Tuji,Prenočitve turistov,2021,
Žiri,Tuji,Prenočitve turistov,2022,1097
Žiri,Tuji,Prenočitve turistov,2023,
Žiri,Tuji,Prenočitve turistov,2024,1280
Žiri,Tuji,Prenočitve turistov,2025,1755
Žirovnica,Domači,Prihodi turistov,2018,2074
Žirovnica,Domači,Prihodi turistov,2019,2440
Žirovnica,Domači,Prihodi turistov,2020,3061
Žirovnica,Domači,Prihodi turistov,2021,2950
Žirovnica,Domači,Prihodi turistov,2022,2860
Žirovnica,Domači,Prihodi turistov,2023,2441
Žirovnica,Domači,Prihodi turistov,2024,2377
Žirovnica,Domači,Prihodi turistov,2025,2296
Žirovnica,Domači,Prenočitve turistov,2018,3139
Žirovnica,Domači,Prenočitve turistov,2019,3558
Žirovnica,Domači,Prenočitve turistov,2020,5664
Žirovnica,Domači,Prenočitve turistov,2021,6534
Žirovnica,Domači,Prenočitve turistov,2022,4572
Žirovnica,Domači,Prenočitve turistov,2023,3594
Žirovnica,Domači,Prenočitve turistov,2024,3523
Žirovnica,Domači,Prenočitve turistov,2025,3547
Žirovnica,Tuji,Prihodi turistov,2018,5328
Žirovnica,Tuji,Prihodi turistov,2019,7127
Žirovnica,Tuji,Prihodi turistov,2020,2645
Žirovnica,Tuji,Prihodi turistov,2021,4358
Žirovnica,Tuji,Prihodi turistov,2022,9364
Žirovnica,Tuji,Prihodi turistov,2023,10860
Žirovnica,Tuji,Prihodi turistov,2024,15201
Žirovnica,Tuji,Prihodi turistov,2025,16734
Žirovnica,Tuji,Prenočitve turistov,2018,12952
Žirovnica,Tuji,Prenočitve turistov,2019,17555
Žirovnica,Tuji,Prenočitve turistov,2020,6525
Žirovnica,Tuji,Prenočitve turistov,2021,11247
Žirovnica,Tuji,Prenočitve turistov,2022,20270
Žirovnica,Tuji,Prenočitve turistov,2023,24984
Žirovnica,Tuji,Prenočitve turistov,2024,32811
Žirovnica,Tuji,Prenočitve turistov,2025,37685
Žužemberk,Domači,Prihodi turistov,2018,578
Žužemberk,Domači,Prihodi turistov,2019,331
Žužemberk,Domači,Prihodi turistov,2020,1058
Žužemberk,Domači,Prihodi turistov,2021,1179
Žužemberk,Domači,Prihodi turistov,2022,895
Žužemberk,Domači,Prihodi turistov,2023,665
Žužemberk,Domači,Prihodi turistov,2024,668
Žužemberk,Domači,Prihodi turistov,2025,727
Žužemberk,Domači,Prenočitve turistov,2018,2507
Žužemberk,Domači,Prenočitve turistov,2019,511
Žužemberk,Domači,Prenočitve turistov,2020,2317
Žužemberk,Domači,Prenočitve turistov,2021,2591
Žužemberk,Domači,Prenočitve turistov,2022,1836
Žužemberk,Domači,Prenočitve turistov,2023,1061
Žužemberk,Domači,Prenočitve turistov,2024,1422
Žužemberk,Domači,Prenočitve turistov,2025,1262
Žužemberk,Tuji,Prihodi turistov,2018,1430
Žužemberk,Tuji,Prihodi turistov,2019,989
Žužemberk,Tuji,Prihodi turistov,2020,301
Žužemberk,Tuji,Prihodi turistov,2021,388
Žužemberk,Tuji,Prihodi turistov,2022,1080
Žužemberk,Tuji,Prihodi turistov,2023,1674
Žužemberk,Tuji,Prihodi turistov,2024,1700
Žužemberk,Tuji,Prihodi turistov,2025,1908
Žužemberk,Tuji,Prenočitve turistov,2018,5328
Žužemberk,Tuji,Prenočitve turistov,2019,3311
Žužemberk,Tuji,Prenočitve turistov,2020,1283
Žužemberk,Tuji,Prenočitve turistov,2021,1175
Žužemberk,Tuji,Prenočitve turistov,2022,2719
Žužemberk,Tuji,Prenočitve turistov,2023,3878
Žužemberk,Tuji,Prenočitve turistov,2024,3832
Žužemberk,Tuji,Prenočitve turistov,2025,4946
